  -117.201  35.5032  -61.0  -33.0   -5.0  1.730
  -117.228  35.5032  -58.0  -33.0   -5.0  1.730
  -117.255  35.5032  -55.0  -33.0   -5.0  1.730
  -117.282  35.5032  -52.0  -33.0   -5.0  1.730
  -117.309  35.5032  -49.0  -33.0   -5.0  1.730
  -117.336  35.5032  -46.0  -33.0   -5.0  1.730
  -117.363  35.5032  -43.0  -33.0   -5.0  1.730
  -117.390  35.5032  -40.0  -33.0   -5.0  1.730
  -117.417  35.5032  -37.0  -33.0   -5.0  1.730
  -117.444  35.5032  -34.0  -33.0   -5.0  1.730
  -117.471  35.5032  -31.0  -33.0   -5.0  1.730
  -117.498  35.5032  -28.0  -33.0   -5.0  1.730
  -117.525  35.5032  -25.0  -33.0   -5.0  1.730
  -117.552  35.5032  -22.0  -33.0   -5.0  1.730
  -117.579  35.5032  -19.0  -33.0   -5.0  1.730
  -117.606  35.5032  -16.0  -33.0   -5.0  1.730
  -117.633  35.5032  -13.0  -33.0   -5.0  1.730
  -117.660  35.5032  -10.0  -33.0   -5.0  1.730
  -117.687  35.5032   -7.0  -33.0   -5.0  1.730
  -117.714  35.5032   -4.0  -33.0   -5.0  1.740
  -117.741  35.5032   -1.0  -33.0   -5.0  1.730
  -117.768  35.5032    2.0  -33.0   -5.0  1.730
  -117.795  35.5032    5.0  -33.0   -5.0  1.730
  -117.822  35.5032    8.0  -33.0   -5.0  1.730
  -117.849  35.5032   11.0  -33.0   -5.0  1.730
  -117.876  35.5032   14.0  -33.0   -5.0  1.730
  -117.903  35.5032   17.0  -33.0   -5.0  1.730
  -117.930  35.5032   20.0  -33.0   -5.0  1.730
  -117.957  35.5032   23.0  -33.0   -5.0  1.730
  -117.984  35.5032   26.0  -33.0   -5.0  1.730
  -118.011  35.5032   29.0  -33.0   -5.0  1.730
  -118.038  35.5032   32.0  -33.0   -5.0  1.740
  -118.065  35.5032   35.0  -33.0   -5.0  1.740
  -118.092  35.5032   38.0  -33.0   -5.0  1.740
  -118.119  35.5032   41.0  -33.0   -5.0  1.730
  -118.146  35.5032   44.0  -33.0   -5.0  1.730
  -118.173  35.5032   47.0  -33.0   -5.0  1.730
  -118.200  35.5032   50.0  -33.0   -5.0  1.730
  -118.227  35.5032   53.0  -33.0   -5.0  1.730
  -118.254  35.5032   56.0  -33.0   -5.0  1.730
  -118.281  35.5032   59.0  -33.0   -5.0  1.730
  -118.308  35.5032   62.0  -33.0   -5.0  1.730
  -118.335  35.5032   65.0  -33.0   -5.0  1.730
  -118.362  35.5032   68.0  -33.0   -5.0  1.730
  -118.388  35.5032   71.0  -33.0   -5.0  1.730
  -117.201  35.5302  -61.0  -30.0   -5.0  1.730
  -117.228  35.5302  -58.0  -30.0   -5.0  1.730
  -117.255  35.5302  -55.0  -30.0   -5.0  1.730
  -117.282  35.5302  -52.0  -30.0   -5.0  1.730
  -117.309  35.5302  -49.0  -30.0   -5.0  1.730
  -117.336  35.5302  -46.0  -30.0   -5.0  1.730
  -117.363  35.5302  -43.0  -30.0   -5.0  1.730
  -117.390  35.5302  -40.0  -30.0   -5.0  1.730
  -117.417  35.5302  -37.0  -30.0   -5.0  1.740
  -117.444  35.5302  -34.0  -30.0   -5.0  1.740
  -117.471  35.5302  -31.0  -30.0   -5.0  1.730
  -117.498  35.5302  -28.0  -30.0   -5.0  1.730
  -117.525  35.5302  -25.0  -30.0   -5.0  1.730
  -117.552  35.5302  -22.0  -30.0   -5.0  1.730
  -117.579  35.5302  -19.0  -30.0   -5.0  1.730
  -117.606  35.5302  -16.0  -30.0   -5.0  1.730
  -117.633  35.5302  -13.0  -30.0   -5.0  1.730
  -117.660  35.5302  -10.0  -30.0   -5.0  1.730
  -117.687  35.5302   -7.0  -30.0   -5.0  1.730
  -117.714  35.5302   -4.0  -30.0   -5.0  1.730
  -117.741  35.5302   -1.0  -30.0   -5.0  1.730
  -117.768  35.5302    2.0  -30.0   -5.0  1.730
  -117.795  35.5302    5.0  -30.0   -5.0  1.730
  -117.822  35.5302    8.0  -30.0   -5.0  1.730
  -117.849  35.5302   11.0  -30.0   -5.0  1.730
  -117.876  35.5302   14.0  -30.0   -5.0  1.730
  -117.903  35.5302   17.0  -30.0   -5.0  1.730
  -117.930  35.5302   20.0  -30.0   -5.0  1.730
  -117.957  35.5302   23.0  -30.0   -5.0  1.730
  -117.984  35.5302   26.0  -30.0   -5.0  1.730
  -118.011  35.5302   29.0  -30.0   -5.0  1.730
  -118.038  35.5302   32.0  -30.0   -5.0  1.740
  -118.065  35.5302   35.0  -30.0   -5.0  1.750
  -118.092  35.5302   38.0  -30.0   -5.0  1.740
  -118.119  35.5302   41.0  -30.0   -5.0  1.730
  -118.146  35.5302   44.0  -30.0   -5.0  1.730
  -118.173  35.5302   47.0  -30.0   -5.0  1.730
  -118.200  35.5302   50.0  -30.0   -5.0  1.730
  -118.227  35.5302   53.0  -30.0   -5.0  1.730
  -118.254  35.5302   56.0  -30.0   -5.0  1.730
  -118.281  35.5302   59.0  -30.0   -5.0  1.730
  -118.308  35.5302   62.0  -30.0   -5.0  1.730
  -118.335  35.5302   65.0  -30.0   -5.0  1.730
  -118.362  35.5302   68.0  -30.0   -5.0  1.730
  -118.388  35.5302   71.0  -30.0   -5.0  1.730
  -117.201  35.5572  -61.0  -27.0   -5.0  1.730
  -117.228  35.5572  -58.0  -27.0   -5.0  1.730
  -117.255  35.5572  -55.0  -27.0   -5.0  1.730
  -117.282  35.5572  -52.0  -27.0   -5.0  1.730
  -117.309  35.5572  -49.0  -27.0   -5.0  1.730
  -117.336  35.5572  -46.0  -27.0   -5.0  1.730
  -117.363  35.5572  -43.0  -27.0   -5.0  1.730
  -117.390  35.5572  -40.0  -27.0   -5.0  1.730
  -117.417  35.5572  -37.0  -27.0   -5.0  1.730
  -117.444  35.5572  -34.0  -27.0   -5.0  1.730
  -117.471  35.5572  -31.0  -27.0   -5.0  1.730
  -117.498  35.5572  -28.0  -27.0   -5.0  1.730
  -117.525  35.5572  -25.0  -27.0   -5.0  1.730
  -117.552  35.5572  -22.0  -27.0   -5.0  1.730
  -117.579  35.5572  -19.0  -27.0   -5.0  1.730
  -117.606  35.5572  -16.0  -27.0   -5.0  1.730
  -117.633  35.5572  -13.0  -27.0   -5.0  1.730
  -117.660  35.5572  -10.0  -27.0   -5.0  1.730
  -117.687  35.5572   -7.0  -27.0   -5.0  1.730
  -117.714  35.5572   -4.0  -27.0   -5.0  1.730
  -117.741  35.5572   -1.0  -27.0   -5.0  1.730
  -117.768  35.5572    2.0  -27.0   -5.0  1.730
  -117.795  35.5572    5.0  -27.0   -5.0  1.730
  -117.822  35.5572    8.0  -27.0   -5.0  1.730
  -117.849  35.5572   11.0  -27.0   -5.0  1.730
  -117.876  35.5572   14.0  -27.0   -5.0  1.730
  -117.903  35.5572   17.0  -27.0   -5.0  1.730
  -117.930  35.5572   20.0  -27.0   -5.0  1.730
  -117.957  35.5572   23.0  -27.0   -5.0  1.730
  -117.984  35.5572   26.0  -27.0   -5.0  1.730
  -118.011  35.5572   29.0  -27.0   -5.0  1.730
  -118.038  35.5572   32.0  -27.0   -5.0  1.740
  -118.065  35.5572   35.0  -27.0   -5.0  1.740
  -118.092  35.5572   38.0  -27.0   -5.0  1.740
  -118.119  35.5572   41.0  -27.0   -5.0  1.730
  -118.146  35.5572   44.0  -27.0   -5.0  1.730
  -118.173  35.5572   47.0  -27.0   -5.0  1.730
  -118.200  35.5572   50.0  -27.0   -5.0  1.730
  -118.227  35.5572   53.0  -27.0   -5.0  1.730
  -118.254  35.5572   56.0  -27.0   -5.0  1.730
  -118.281  35.5572   59.0  -27.0   -5.0  1.730
  -118.308  35.5572   62.0  -27.0   -5.0  1.730
  -118.335  35.5572   65.0  -27.0   -5.0  1.730
  -118.362  35.5572   68.0  -27.0   -5.0  1.730
  -118.388  35.5572   71.0  -27.0   -5.0  1.730
  -117.201  35.5842  -61.0  -24.0   -5.0  1.730
  -117.228  35.5842  -58.0  -24.0   -5.0  1.730
  -117.255  35.5842  -55.0  -24.0   -5.0  1.730
  -117.282  35.5842  -52.0  -24.0   -5.0  1.730
  -117.309  35.5842  -49.0  -24.0   -5.0  1.730
  -117.336  35.5842  -46.0  -24.0   -5.0  1.730
  -117.363  35.5842  -43.0  -24.0   -5.0  1.730
  -117.390  35.5842  -40.0  -24.0   -5.0  1.730
  -117.417  35.5842  -37.0  -24.0   -5.0  1.730
  -117.444  35.5842  -34.0  -24.0   -5.0  1.730
  -117.471  35.5842  -31.0  -24.0   -5.0  1.730
  -117.498  35.5842  -28.0  -24.0   -5.0  1.730
  -117.525  35.5842  -25.0  -24.0   -5.0  1.730
  -117.552  35.5842  -22.0  -24.0   -5.0  1.730
  -117.579  35.5842  -19.0  -24.0   -5.0  1.730
  -117.606  35.5842  -16.0  -24.0   -5.0  1.730
  -117.633  35.5842  -13.0  -24.0   -5.0  1.730
  -117.660  35.5842  -10.0  -24.0   -5.0  1.730
  -117.687  35.5842   -7.0  -24.0   -5.0  1.730
  -117.714  35.5842   -4.0  -24.0   -5.0  1.730
  -117.741  35.5842   -1.0  -24.0   -5.0  1.730
  -117.768  35.5842    2.0  -24.0   -5.0  1.730
  -117.795  35.5842    5.0  -24.0   -5.0  1.730
  -117.822  35.5842    8.0  -24.0   -5.0  1.730
  -117.849  35.5842   11.0  -24.0   -5.0  1.730
  -117.876  35.5842   14.0  -24.0   -5.0  1.730
  -117.903  35.5842   17.0  -24.0   -5.0  1.730
  -117.930  35.5842   20.0  -24.0   -5.0  1.730
  -117.957  35.5842   23.0  -24.0   -5.0  1.730
  -117.984  35.5842   26.0  -24.0   -5.0  1.730
  -118.011  35.5842   29.0  -24.0   -5.0  1.730
  -118.038  35.5842   32.0  -24.0   -5.0  1.730
  -118.065  35.5842   35.0  -24.0   -5.0  1.730
  -118.092  35.5842   38.0  -24.0   -5.0  1.730
  -118.119  35.5842   41.0  -24.0   -5.0  1.730
  -118.146  35.5842   44.0  -24.0   -5.0  1.730
  -118.173  35.5842   47.0  -24.0   -5.0  1.730
  -118.200  35.5842   50.0  -24.0   -5.0  1.730
  -118.227  35.5842   53.0  -24.0   -5.0  1.730
  -118.254  35.5842   56.0  -24.0   -5.0  1.730
  -118.281  35.5842   59.0  -24.0   -5.0  1.730
  -118.308  35.5842   62.0  -24.0   -5.0  1.730
  -118.335  35.5842   65.0  -24.0   -5.0  1.730
  -118.362  35.5842   68.0  -24.0   -5.0  1.730
  -118.388  35.5842   71.0  -24.0   -5.0  1.730
  -117.201  35.6111  -61.0  -21.0   -5.0  1.730
  -117.228  35.6111  -58.0  -21.0   -5.0  1.730
  -117.255  35.6111  -55.0  -21.0   -5.0  1.730
  -117.282  35.6111  -52.0  -21.0   -5.0  1.730
  -117.309  35.6111  -49.0  -21.0   -5.0  1.730
  -117.336  35.6111  -46.0  -21.0   -5.0  1.730
  -117.363  35.6111  -43.0  -21.0   -5.0  1.730
  -117.390  35.6111  -40.0  -21.0   -5.0  1.730
  -117.417  35.6111  -37.0  -21.0   -5.0  1.730
  -117.444  35.6111  -34.0  -21.0   -5.0  1.730
  -117.471  35.6111  -31.0  -21.0   -5.0  1.730
  -117.498  35.6111  -28.0  -21.0   -5.0  1.730
  -117.525  35.6111  -25.0  -21.0   -5.0  1.730
  -117.552  35.6111  -22.0  -21.0   -5.0  1.730
  -117.579  35.6111  -19.0  -21.0   -5.0  1.730
  -117.606  35.6111  -16.0  -21.0   -5.0  1.730
  -117.633  35.6111  -13.0  -21.0   -5.0  1.730
  -117.660  35.6111  -10.0  -21.0   -5.0  1.730
  -117.687  35.6111   -7.0  -21.0   -5.0  1.730
  -117.714  35.6111   -4.0  -21.0   -5.0  1.730
  -117.741  35.6111   -1.0  -21.0   -5.0  1.730
  -117.768  35.6111    2.0  -21.0   -5.0  1.730
  -117.795  35.6111    5.0  -21.0   -5.0  1.730
  -117.822  35.6111    8.0  -21.0   -5.0  1.730
  -117.849  35.6111   11.0  -21.0   -5.0  1.730
  -117.876  35.6111   14.0  -21.0   -5.0  1.730
  -117.903  35.6111   17.0  -21.0   -5.0  1.730
  -117.930  35.6111   20.0  -21.0   -5.0  1.730
  -117.957  35.6111   23.0  -21.0   -5.0  1.730
  -117.984  35.6111   26.0  -21.0   -5.0  1.730
  -118.011  35.6111   29.0  -21.0   -5.0  1.730
  -118.038  35.6111   32.0  -21.0   -5.0  1.730
  -118.065  35.6111   35.0  -21.0   -5.0  1.730
  -118.092  35.6111   38.0  -21.0   -5.0  1.730
  -118.119  35.6111   41.0  -21.0   -5.0  1.730
  -118.146  35.6111   44.0  -21.0   -5.0  1.730
  -118.173  35.6111   47.0  -21.0   -5.0  1.730
  -118.200  35.6111   50.0  -21.0   -5.0  1.730
  -118.227  35.6111   53.0  -21.0   -5.0  1.730
  -118.254  35.6111   56.0  -21.0   -5.0  1.730
  -118.281  35.6111   59.0  -21.0   -5.0  1.730
  -118.308  35.6111   62.0  -21.0   -5.0  1.730
  -118.335  35.6111   65.0  -21.0   -5.0  1.730
  -118.362  35.6111   68.0  -21.0   -5.0  1.730
  -118.388  35.6111   71.0  -21.0   -5.0  1.730
  -117.201  35.6381  -61.0  -18.0   -5.0  1.730
  -117.228  35.6381  -58.0  -18.0   -5.0  1.730
  -117.255  35.6381  -55.0  -18.0   -5.0  1.730
  -117.282  35.6381  -52.0  -18.0   -5.0  1.730
  -117.309  35.6381  -49.0  -18.0   -5.0  1.730
  -117.336  35.6381  -46.0  -18.0   -5.0  1.730
  -117.363  35.6381  -43.0  -18.0   -5.0  1.730
  -117.390  35.6381  -40.0  -18.0   -5.0  1.730
  -117.417  35.6381  -37.0  -18.0   -5.0  1.730
  -117.444  35.6381  -34.0  -18.0   -5.0  1.730
  -117.471  35.6381  -31.0  -18.0   -5.0  1.730
  -117.498  35.6381  -28.0  -18.0   -5.0  1.730
  -117.525  35.6381  -25.0  -18.0   -5.0  1.730
  -117.552  35.6381  -22.0  -18.0   -5.0  1.730
  -117.579  35.6381  -19.0  -18.0   -5.0  1.730
  -117.606  35.6381  -16.0  -18.0   -5.0  1.730
  -117.633  35.6381  -13.0  -18.0   -5.0  1.730
  -117.660  35.6381  -10.0  -18.0   -5.0  1.730
  -117.687  35.6381   -7.0  -18.0   -5.0  1.730
  -117.714  35.6381   -4.0  -18.0   -5.0  1.730
  -117.741  35.6381   -1.0  -18.0   -5.0  1.730
  -117.768  35.6381    2.0  -18.0   -5.0  1.730
  -117.795  35.6381    5.0  -18.0   -5.0  1.730
  -117.822  35.6381    8.0  -18.0   -5.0  1.730
  -117.849  35.6381   11.0  -18.0   -5.0  1.720
  -117.876  35.6381   14.0  -18.0   -5.0  1.720
  -117.903  35.6381   17.0  -18.0   -5.0  1.730
  -117.930  35.6381   20.0  -18.0   -5.0  1.730
  -117.957  35.6381   23.0  -18.0   -5.0  1.730
  -117.984  35.6381   26.0  -18.0   -5.0  1.730
  -118.011  35.6381   29.0  -18.0   -5.0  1.730
  -118.038  35.6381   32.0  -18.0   -5.0  1.730
  -118.065  35.6381   35.0  -18.0   -5.0  1.730
  -118.092  35.6381   38.0  -18.0   -5.0  1.730
  -118.119  35.6381   41.0  -18.0   -5.0  1.730
  -118.146  35.6381   44.0  -18.0   -5.0  1.730
  -118.173  35.6381   47.0  -18.0   -5.0  1.730
  -118.200  35.6381   50.0  -18.0   -5.0  1.730
  -118.227  35.6381   53.0  -18.0   -5.0  1.730
  -118.254  35.6381   56.0  -18.0   -5.0  1.730
  -118.281  35.6381   59.0  -18.0   -5.0  1.730
  -118.308  35.6381   62.0  -18.0   -5.0  1.730
  -118.335  35.6381   65.0  -18.0   -5.0  1.730
  -118.362  35.6381   68.0  -18.0   -5.0  1.730
  -118.388  35.6381   71.0  -18.0   -5.0  1.730
  -117.201  35.6651  -61.0  -15.0   -5.0  1.730
  -117.228  35.6651  -58.0  -15.0   -5.0  1.730
  -117.255  35.6651  -55.0  -15.0   -5.0  1.730
  -117.282  35.6651  -52.0  -15.0   -5.0  1.730
  -117.309  35.6651  -49.0  -15.0   -5.0  1.730
  -117.336  35.6651  -46.0  -15.0   -5.0  1.730
  -117.363  35.6651  -43.0  -15.0   -5.0  1.730
  -117.390  35.6651  -40.0  -15.0   -5.0  1.730
  -117.417  35.6651  -37.0  -15.0   -5.0  1.730
  -117.444  35.6651  -34.0  -15.0   -5.0  1.730
  -117.471  35.6651  -31.0  -15.0   -5.0  1.730
  -117.498  35.6651  -28.0  -15.0   -5.0  1.730
  -117.525  35.6651  -25.0  -15.0   -5.0  1.730
  -117.552  35.6651  -22.0  -15.0   -5.0  1.730
  -117.579  35.6651  -19.0  -15.0   -5.0  1.730
  -117.606  35.6651  -16.0  -15.0   -5.0  1.730
  -117.633  35.6651  -13.0  -15.0   -5.0  1.730
  -117.660  35.6651  -10.0  -15.0   -5.0  1.730
  -117.687  35.6651   -7.0  -15.0   -5.0  1.730
  -117.714  35.6651   -4.0  -15.0   -5.0  1.730
  -117.741  35.6651   -1.0  -15.0   -5.0  1.720
  -117.768  35.6651    2.0  -15.0   -5.0  1.730
  -117.795  35.6651    5.0  -15.0   -5.0  1.730
  -117.822  35.6651    8.0  -15.0   -5.0  1.730
  -117.849  35.6651   11.0  -15.0   -5.0  1.730
  -117.876  35.6651   14.0  -15.0   -5.0  1.730
  -117.903  35.6651   17.0  -15.0   -5.0  1.730
  -117.930  35.6651   20.0  -15.0   -5.0  1.730
  -117.957  35.6651   23.0  -15.0   -5.0  1.730
  -117.984  35.6651   26.0  -15.0   -5.0  1.730
  -118.011  35.6651   29.0  -15.0   -5.0  1.730
  -118.038  35.6651   32.0  -15.0   -5.0  1.730
  -118.065  35.6651   35.0  -15.0   -5.0  1.730
  -118.092  35.6651   38.0  -15.0   -5.0  1.730
  -118.119  35.6651   41.0  -15.0   -5.0  1.730
  -118.146  35.6651   44.0  -15.0   -5.0  1.730
  -118.173  35.6651   47.0  -15.0   -5.0  1.730
  -118.200  35.6651   50.0  -15.0   -5.0  1.730
  -118.227  35.6651   53.0  -15.0   -5.0  1.730
  -118.254  35.6651   56.0  -15.0   -5.0  1.730
  -118.281  35.6651   59.0  -15.0   -5.0  1.730
  -118.308  35.6651   62.0  -15.0   -5.0  1.730
  -118.335  35.6651   65.0  -15.0   -5.0  1.730
  -118.362  35.6651   68.0  -15.0   -5.0  1.730
  -118.388  35.6651   71.0  -15.0   -5.0  1.730
  -117.201  35.6921  -61.0  -12.0   -5.0  1.730
  -117.228  35.6921  -58.0  -12.0   -5.0  1.730
  -117.255  35.6921  -55.0  -12.0   -5.0  1.730
  -117.282  35.6921  -52.0  -12.0   -5.0  1.730
  -117.309  35.6921  -49.0  -12.0   -5.0  1.730
  -117.336  35.6921  -46.0  -12.0   -5.0  1.730
  -117.363  35.6921  -43.0  -12.0   -5.0  1.730
  -117.390  35.6921  -40.0  -12.0   -5.0  1.730
  -117.417  35.6921  -37.0  -12.0   -5.0  1.730
  -117.444  35.6921  -34.0  -12.0   -5.0  1.730
  -117.471  35.6921  -31.0  -12.0   -5.0  1.730
  -117.498  35.6921  -28.0  -12.0   -5.0  1.730
  -117.525  35.6921  -25.0  -12.0   -5.0  1.730
  -117.552  35.6921  -22.0  -12.0   -5.0  1.730
  -117.579  35.6921  -19.0  -12.0   -5.0  1.730
  -117.606  35.6921  -16.0  -12.0   -5.0  1.730
  -117.633  35.6921  -13.0  -12.0   -5.0  1.730
  -117.660  35.6921  -10.0  -12.0   -5.0  1.730
  -117.687  35.6921   -7.0  -12.0   -5.0  1.730
  -117.714  35.6921   -4.0  -12.0   -5.0  1.730
  -117.741  35.6921   -1.0  -12.0   -5.0  1.710
  -117.768  35.6921    2.0  -12.0   -5.0  1.720
  -117.795  35.6921    5.0  -12.0   -5.0  1.730
  -117.822  35.6921    8.0  -12.0   -5.0  1.730
  -117.849  35.6921   11.0  -12.0   -5.0  1.730
  -117.876  35.6921   14.0  -12.0   -5.0  1.730
  -117.903  35.6921   17.0  -12.0   -5.0  1.730
  -117.930  35.6921   20.0  -12.0   -5.0  1.730
  -117.957  35.6921   23.0  -12.0   -5.0  1.730
  -117.984  35.6921   26.0  -12.0   -5.0  1.730
  -118.011  35.6921   29.0  -12.0   -5.0  1.730
  -118.038  35.6921   32.0  -12.0   -5.0  1.730
  -118.065  35.6921   35.0  -12.0   -5.0  1.730
  -118.092  35.6921   38.0  -12.0   -5.0  1.730
  -118.119  35.6921   41.0  -12.0   -5.0  1.730
  -118.146  35.6921   44.0  -12.0   -5.0  1.730
  -118.173  35.6921   47.0  -12.0   -5.0  1.730
  -118.200  35.6921   50.0  -12.0   -5.0  1.730
  -118.227  35.6921   53.0  -12.0   -5.0  1.730
  -118.254  35.6921   56.0  -12.0   -5.0  1.730
  -118.281  35.6921   59.0  -12.0   -5.0  1.730
  -118.308  35.6921   62.0  -12.0   -5.0  1.730
  -118.335  35.6921   65.0  -12.0   -5.0  1.730
  -118.362  35.6921   68.0  -12.0   -5.0  1.730
  -118.388  35.6921   71.0  -12.0   -5.0  1.730
  -117.201  35.7191  -61.0   -9.0   -5.0  1.730
  -117.228  35.7191  -58.0   -9.0   -5.0  1.730
  -117.255  35.7191  -55.0   -9.0   -5.0  1.730
  -117.282  35.7191  -52.0   -9.0   -5.0  1.730
  -117.309  35.7191  -49.0   -9.0   -5.0  1.730
  -117.336  35.7191  -46.0   -9.0   -5.0  1.730
  -117.363  35.7191  -43.0   -9.0   -5.0  1.730
  -117.390  35.7191  -40.0   -9.0   -5.0  1.730
  -117.417  35.7191  -37.0   -9.0   -5.0  1.730
  -117.444  35.7191  -34.0   -9.0   -5.0  1.730
  -117.471  35.7191  -31.0   -9.0   -5.0  1.730
  -117.498  35.7191  -28.0   -9.0   -5.0  1.730
  -117.525  35.7191  -25.0   -9.0   -5.0  1.730
  -117.552  35.7191  -22.0   -9.0   -5.0  1.730
  -117.579  35.7191  -19.0   -9.0   -5.0  1.730
  -117.606  35.7191  -16.0   -9.0   -5.0  1.730
  -117.633  35.7191  -13.0   -9.0   -5.0  1.730
  -117.660  35.7191  -10.0   -9.0   -5.0  1.730
  -117.687  35.7191   -7.0   -9.0   -5.0  1.730
  -117.714  35.7191   -4.0   -9.0   -5.0  1.730
  -117.741  35.7191   -1.0   -9.0   -5.0  1.720
  -117.768  35.7191    2.0   -9.0   -5.0  1.730
  -117.795  35.7191    5.0   -9.0   -5.0  1.730
  -117.822  35.7191    8.0   -9.0   -5.0  1.730
  -117.849  35.7191   11.0   -9.0   -5.0  1.730
  -117.876  35.7191   14.0   -9.0   -5.0  1.730
  -117.903  35.7191   17.0   -9.0   -5.0  1.730
  -117.930  35.7191   20.0   -9.0   -5.0  1.730
  -117.957  35.7191   23.0   -9.0   -5.0  1.730
  -117.984  35.7191   26.0   -9.0   -5.0  1.730
  -118.011  35.7191   29.0   -9.0   -5.0  1.730
  -118.038  35.7191   32.0   -9.0   -5.0  1.730
  -118.065  35.7191   35.0   -9.0   -5.0  1.730
  -118.092  35.7191   38.0   -9.0   -5.0  1.730
  -118.119  35.7191   41.0   -9.0   -5.0  1.730
  -118.146  35.7191   44.0   -9.0   -5.0  1.730
  -118.173  35.7191   47.0   -9.0   -5.0  1.730
  -118.200  35.7191   50.0   -9.0   -5.0  1.730
  -118.227  35.7191   53.0   -9.0   -5.0  1.730
  -118.254  35.7191   56.0   -9.0   -5.0  1.730
  -118.281  35.7191   59.0   -9.0   -5.0  1.730
  -118.308  35.7191   62.0   -9.0   -5.0  1.730
  -118.335  35.7191   65.0   -9.0   -5.0  1.730
  -118.362  35.7191   68.0   -9.0   -5.0  1.730
  -118.388  35.7191   71.0   -9.0   -5.0  1.730
  -117.201  35.7460  -61.0   -6.0   -5.0  1.730
  -117.228  35.7460  -58.0   -6.0   -5.0  1.730
  -117.255  35.7460  -55.0   -6.0   -5.0  1.730
  -117.282  35.7460  -52.0   -6.0   -5.0  1.730
  -117.309  35.7460  -49.0   -6.0   -5.0  1.730
  -117.336  35.7460  -46.0   -6.0   -5.0  1.730
  -117.363  35.7460  -43.0   -6.0   -5.0  1.730
  -117.390  35.7460  -40.0   -6.0   -5.0  1.730
  -117.417  35.7460  -37.0   -6.0   -5.0  1.730
  -117.444  35.7460  -34.0   -6.0   -5.0  1.730
  -117.471  35.7460  -31.0   -6.0   -5.0  1.730
  -117.498  35.7460  -28.0   -6.0   -5.0  1.730
  -117.525  35.7460  -25.0   -6.0   -5.0  1.730
  -117.552  35.7460  -22.0   -6.0   -5.0  1.730
  -117.579  35.7460  -19.0   -6.0   -5.0  1.730
  -117.606  35.7460  -16.0   -6.0   -5.0  1.730
  -117.633  35.7460  -13.0   -6.0   -5.0  1.730
  -117.660  35.7460  -10.0   -6.0   -5.0  1.730
  -117.687  35.7460   -7.0   -6.0   -5.0  1.730
  -117.714  35.7460   -4.0   -6.0   -5.0  1.730
  -117.741  35.7460   -1.0   -6.0   -5.0  1.730
  -117.768  35.7460    2.0   -6.0   -5.0  1.730
  -117.795  35.7460    5.0   -6.0   -5.0  1.730
  -117.822  35.7460    8.0   -6.0   -5.0  1.730
  -117.849  35.7460   11.0   -6.0   -5.0  1.730
  -117.876  35.7460   14.0   -6.0   -5.0  1.730
  -117.903  35.7460   17.0   -6.0   -5.0  1.730
  -117.930  35.7460   20.0   -6.0   -5.0  1.730
  -117.957  35.7460   23.0   -6.0   -5.0  1.730
  -117.984  35.7460   26.0   -6.0   -5.0  1.730
  -118.011  35.7460   29.0   -6.0   -5.0  1.730
  -118.038  35.7460   32.0   -6.0   -5.0  1.730
  -118.065  35.7460   35.0   -6.0   -5.0  1.730
  -118.092  35.7460   38.0   -6.0   -5.0  1.730
  -118.119  35.7460   41.0   -6.0   -5.0  1.730
  -118.146  35.7460   44.0   -6.0   -5.0  1.730
  -118.173  35.7460   47.0   -6.0   -5.0  1.730
  -118.200  35.7460   50.0   -6.0   -5.0  1.730
  -118.227  35.7460   53.0   -6.0   -5.0  1.730
  -118.254  35.7460   56.0   -6.0   -5.0  1.730
  -118.281  35.7460   59.0   -6.0   -5.0  1.730
  -118.308  35.7460   62.0   -6.0   -5.0  1.730
  -118.335  35.7460   65.0   -6.0   -5.0  1.730
  -118.362  35.7460   68.0   -6.0   -5.0  1.730
  -118.388  35.7460   71.0   -6.0   -5.0  1.740
  -117.201  35.7730  -61.0   -3.0   -5.0  1.730
  -117.228  35.7730  -58.0   -3.0   -5.0  1.730
  -117.255  35.7730  -55.0   -3.0   -5.0  1.730
  -117.282  35.7730  -52.0   -3.0   -5.0  1.730
  -117.309  35.7730  -49.0   -3.0   -5.0  1.730
  -117.336  35.7730  -46.0   -3.0   -5.0  1.730
  -117.363  35.7730  -43.0   -3.0   -5.0  1.730
  -117.390  35.7730  -40.0   -3.0   -5.0  1.730
  -117.417  35.7730  -37.0   -3.0   -5.0  1.730
  -117.444  35.7730  -34.0   -3.0   -5.0  1.730
  -117.471  35.7730  -31.0   -3.0   -5.0  1.730
  -117.498  35.7730  -28.0   -3.0   -5.0  1.730
  -117.525  35.7730  -25.0   -3.0   -5.0  1.730
  -117.552  35.7730  -22.0   -3.0   -5.0  1.730
  -117.579  35.7730  -19.0   -3.0   -5.0  1.730
  -117.606  35.7730  -16.0   -3.0   -5.0  1.730
  -117.633  35.7730  -13.0   -3.0   -5.0  1.730
  -117.660  35.7730  -10.0   -3.0   -5.0  1.730
  -117.687  35.7730   -7.0   -3.0   -5.0  1.730
  -117.714  35.7730   -4.0   -3.0   -5.0  1.730
  -117.741  35.7730   -1.0   -3.0   -5.0  1.730
  -117.768  35.7730    2.0   -3.0   -5.0  1.730
  -117.795  35.7730    5.0   -3.0   -5.0  1.730
  -117.822  35.7730    8.0   -3.0   -5.0  1.730
  -117.849  35.7730   11.0   -3.0   -5.0  1.730
  -117.876  35.7730   14.0   -3.0   -5.0  1.730
  -117.903  35.7730   17.0   -3.0   -5.0  1.730
  -117.930  35.7730   20.0   -3.0   -5.0  1.730
  -117.957  35.7730   23.0   -3.0   -5.0  1.730
  -117.984  35.7730   26.0   -3.0   -5.0  1.730
  -118.011  35.7730   29.0   -3.0   -5.0  1.730
  -118.038  35.7730   32.0   -3.0   -5.0  1.730
  -118.065  35.7730   35.0   -3.0   -5.0  1.730
  -118.092  35.7730   38.0   -3.0   -5.0  1.730
  -118.119  35.7730   41.0   -3.0   -5.0  1.730
  -118.146  35.7730   44.0   -3.0   -5.0  1.730
  -118.173  35.7730   47.0   -3.0   -5.0  1.730
  -118.200  35.7730   50.0   -3.0   -5.0  1.730
  -118.227  35.7730   53.0   -3.0   -5.0  1.730
  -118.254  35.7730   56.0   -3.0   -5.0  1.730
  -118.281  35.7730   59.0   -3.0   -5.0  1.730
  -118.308  35.7730   62.0   -3.0   -5.0  1.730
  -118.335  35.7730   65.0   -3.0   -5.0  1.730
  -118.362  35.7730   68.0   -3.0   -5.0  1.730
  -118.388  35.7730   71.0   -3.0   -5.0  1.730
  -117.201  35.8000  -61.0    0.0   -5.0  1.730
  -117.228  35.8000  -58.0    0.0   -5.0  1.730
  -117.255  35.8000  -55.0    0.0   -5.0  1.730
  -117.282  35.8000  -52.0    0.0   -5.0  1.730
  -117.309  35.8000  -49.0    0.0   -5.0  1.730
  -117.336  35.8000  -46.0    0.0   -5.0  1.730
  -117.363  35.8000  -43.0    0.0   -5.0  1.730
  -117.390  35.8000  -40.0    0.0   -5.0  1.730
  -117.417  35.8000  -37.0    0.0   -5.0  1.730
  -117.444  35.8000  -34.0    0.0   -5.0  1.730
  -117.471  35.8000  -31.0    0.0   -5.0  1.730
  -117.498  35.8000  -28.0    0.0   -5.0  1.730
  -117.525  35.8000  -25.0    0.0   -5.0  1.730
  -117.552  35.8000  -22.0    0.0   -5.0  1.730
  -117.579  35.8000  -19.0    0.0   -5.0  1.730
  -117.606  35.8000  -16.0    0.0   -5.0  1.730
  -117.633  35.8000  -13.0    0.0   -5.0  1.730
  -117.660  35.8000  -10.0    0.0   -5.0  1.730
  -117.687  35.8000   -7.0    0.0   -5.0  1.730
  -117.714  35.8000   -4.0    0.0   -5.0  1.730
  -117.741  35.8000   -1.0    0.0   -5.0  1.720
  -117.768  35.8000    2.0    0.0   -5.0  1.720
  -117.795  35.8000    5.0    0.0   -5.0  1.730
  -117.822  35.8000    8.0    0.0   -5.0  1.730
  -117.849  35.8000   11.0    0.0   -5.0  1.730
  -117.876  35.8000   14.0    0.0   -5.0  1.730
  -117.903  35.8000   17.0    0.0   -5.0  1.730
  -117.930  35.8000   20.0    0.0   -5.0  1.730
  -117.957  35.8000   23.0    0.0   -5.0  1.730
  -117.984  35.8000   26.0    0.0   -5.0  1.730
  -118.011  35.8000   29.0    0.0   -5.0  1.730
  -118.038  35.8000   32.0    0.0   -5.0  1.730
  -118.065  35.8000   35.0    0.0   -5.0  1.730
  -118.092  35.8000   38.0    0.0   -5.0  1.730
  -118.119  35.8000   41.0    0.0   -5.0  1.730
  -118.146  35.8000   44.0    0.0   -5.0  1.730
  -118.173  35.8000   47.0    0.0   -5.0  1.730
  -118.200  35.8000   50.0    0.0   -5.0  1.730
  -118.227  35.8000   53.0    0.0   -5.0  1.730
  -118.254  35.8000   56.0    0.0   -5.0  1.730
  -118.281  35.8000   59.0    0.0   -5.0  1.730
  -118.308  35.8000   62.0    0.0   -5.0  1.730
  -118.335  35.8000   65.0    0.0   -5.0  1.730
  -118.362  35.8000   68.0    0.0   -5.0  1.730
  -118.388  35.8000   71.0    0.0   -5.0  1.730
  -117.201  35.8270  -61.0    3.0   -5.0  1.730
  -117.228  35.8270  -58.0    3.0   -5.0  1.730
  -117.255  35.8270  -55.0    3.0   -5.0  1.730
  -117.282  35.8270  -52.0    3.0   -5.0  1.730
  -117.309  35.8270  -49.0    3.0   -5.0  1.730
  -117.336  35.8270  -46.0    3.0   -5.0  1.730
  -117.363  35.8270  -43.0    3.0   -5.0  1.730
  -117.390  35.8270  -40.0    3.0   -5.0  1.730
  -117.417  35.8270  -37.0    3.0   -5.0  1.730
  -117.444  35.8270  -34.0    3.0   -5.0  1.730
  -117.471  35.8270  -31.0    3.0   -5.0  1.730
  -117.498  35.8270  -28.0    3.0   -5.0  1.730
  -117.525  35.8270  -25.0    3.0   -5.0  1.730
  -117.552  35.8270  -22.0    3.0   -5.0  1.730
  -117.579  35.8270  -19.0    3.0   -5.0  1.730
  -117.606  35.8270  -16.0    3.0   -5.0  1.730
  -117.633  35.8270  -13.0    3.0   -5.0  1.740
  -117.660  35.8270  -10.0    3.0   -5.0  1.730
  -117.687  35.8270   -7.0    3.0   -5.0  1.730
  -117.714  35.8270   -4.0    3.0   -5.0  1.730
  -117.741  35.8270   -1.0    3.0   -5.0  1.730
  -117.768  35.8270    2.0    3.0   -5.0  1.730
  -117.795  35.8270    5.0    3.0   -5.0  1.730
  -117.822  35.8270    8.0    3.0   -5.0  1.730
  -117.849  35.8270   11.0    3.0   -5.0  1.730
  -117.876  35.8270   14.0    3.0   -5.0  1.730
  -117.903  35.8270   17.0    3.0   -5.0  1.730
  -117.930  35.8270   20.0    3.0   -5.0  1.730
  -117.957  35.8270   23.0    3.0   -5.0  1.730
  -117.984  35.8270   26.0    3.0   -5.0  1.730
  -118.011  35.8270   29.0    3.0   -5.0  1.730
  -118.038  35.8270   32.0    3.0   -5.0  1.730
  -118.065  35.8270   35.0    3.0   -5.0  1.730
  -118.092  35.8270   38.0    3.0   -5.0  1.730
  -118.119  35.8270   41.0    3.0   -5.0  1.730
  -118.146  35.8270   44.0    3.0   -5.0  1.730
  -118.173  35.8270   47.0    3.0   -5.0  1.730
  -118.200  35.8270   50.0    3.0   -5.0  1.730
  -118.227  35.8270   53.0    3.0   -5.0  1.730
  -118.254  35.8270   56.0    3.0   -5.0  1.730
  -118.281  35.8270   59.0    3.0   -5.0  1.730
  -118.308  35.8270   62.0    3.0   -5.0  1.730
  -118.335  35.8270   65.0    3.0   -5.0  1.730
  -118.362  35.8270   68.0    3.0   -5.0  1.730
  -118.388  35.8270   71.0    3.0   -5.0  1.730
  -117.201  35.8540  -61.0    6.0   -5.0  1.730
  -117.228  35.8540  -58.0    6.0   -5.0  1.730
  -117.255  35.8540  -55.0    6.0   -5.0  1.730
  -117.282  35.8540  -52.0    6.0   -5.0  1.730
  -117.309  35.8540  -49.0    6.0   -5.0  1.730
  -117.336  35.8540  -46.0    6.0   -5.0  1.730
  -117.363  35.8540  -43.0    6.0   -5.0  1.730
  -117.390  35.8540  -40.0    6.0   -5.0  1.730
  -117.417  35.8540  -37.0    6.0   -5.0  1.730
  -117.444  35.8540  -34.0    6.0   -5.0  1.730
  -117.471  35.8540  -31.0    6.0   -5.0  1.730
  -117.498  35.8540  -28.0    6.0   -5.0  1.730
  -117.525  35.8540  -25.0    6.0   -5.0  1.730
  -117.552  35.8540  -22.0    6.0   -5.0  1.730
  -117.579  35.8540  -19.0    6.0   -5.0  1.730
  -117.606  35.8540  -16.0    6.0   -5.0  1.730
  -117.633  35.8540  -13.0    6.0   -5.0  1.730
  -117.660  35.8540  -10.0    6.0   -5.0  1.730
  -117.687  35.8540   -7.0    6.0   -5.0  1.730
  -117.714  35.8540   -4.0    6.0   -5.0  1.730
  -117.741  35.8540   -1.0    6.0   -5.0  1.730
  -117.768  35.8540    2.0    6.0   -5.0  1.730
  -117.795  35.8540    5.0    6.0   -5.0  1.730
  -117.822  35.8540    8.0    6.0   -5.0  1.730
  -117.849  35.8540   11.0    6.0   -5.0  1.730
  -117.876  35.8540   14.0    6.0   -5.0  1.730
  -117.903  35.8540   17.0    6.0   -5.0  1.730
  -117.930  35.8540   20.0    6.0   -5.0  1.730
  -117.957  35.8540   23.0    6.0   -5.0  1.730
  -117.984  35.8540   26.0    6.0   -5.0  1.730
  -118.011  35.8540   29.0    6.0   -5.0  1.740
  -118.038  35.8540   32.0    6.0   -5.0  1.730
  -118.065  35.8540   35.0    6.0   -5.0  1.730
  -118.092  35.8540   38.0    6.0   -5.0  1.730
  -118.119  35.8540   41.0    6.0   -5.0  1.730
  -118.146  35.8540   44.0    6.0   -5.0  1.730
  -118.173  35.8540   47.0    6.0   -5.0  1.730
  -118.200  35.8540   50.0    6.0   -5.0  1.730
  -118.227  35.8540   53.0    6.0   -5.0  1.730
  -118.254  35.8540   56.0    6.0   -5.0  1.730
  -118.281  35.8540   59.0    6.0   -5.0  1.730
  -118.308  35.8540   62.0    6.0   -5.0  1.730
  -118.335  35.8540   65.0    6.0   -5.0  1.730
  -118.362  35.8540   68.0    6.0   -5.0  1.730
  -118.388  35.8540   71.0    6.0   -5.0  1.730
  -117.201  35.8809  -61.0    9.0   -5.0  1.730
  -117.228  35.8809  -58.0    9.0   -5.0  1.730
  -117.255  35.8809  -55.0    9.0   -5.0  1.730
  -117.282  35.8809  -52.0    9.0   -5.0  1.730
  -117.309  35.8809  -49.0    9.0   -5.0  1.730
  -117.336  35.8809  -46.0    9.0   -5.0  1.730
  -117.363  35.8809  -43.0    9.0   -5.0  1.730
  -117.390  35.8809  -40.0    9.0   -5.0  1.730
  -117.417  35.8809  -37.0    9.0   -5.0  1.730
  -117.444  35.8809  -34.0    9.0   -5.0  1.730
  -117.471  35.8809  -31.0    9.0   -5.0  1.730
  -117.498  35.8809  -28.0    9.0   -5.0  1.730
  -117.525  35.8809  -25.0    9.0   -5.0  1.730
  -117.552  35.8809  -22.0    9.0   -5.0  1.730
  -117.579  35.8809  -19.0    9.0   -5.0  1.730
  -117.606  35.8809  -16.0    9.0   -5.0  1.730
  -117.633  35.8809  -13.0    9.0   -5.0  1.730
  -117.660  35.8809  -10.0    9.0   -5.0  1.730
  -117.687  35.8809   -7.0    9.0   -5.0  1.730
  -117.714  35.8809   -4.0    9.0   -5.0  1.730
  -117.741  35.8809   -1.0    9.0   -5.0  1.730
  -117.768  35.8809    2.0    9.0   -5.0  1.730
  -117.795  35.8809    5.0    9.0   -5.0  1.730
  -117.822  35.8809    8.0    9.0   -5.0  1.730
  -117.849  35.8809   11.0    9.0   -5.0  1.730
  -117.876  35.8809   14.0    9.0   -5.0  1.730
  -117.903  35.8809   17.0    9.0   -5.0  1.730
  -117.930  35.8809   20.0    9.0   -5.0  1.730
  -117.957  35.8809   23.0    9.0   -5.0  1.730
  -117.984  35.8809   26.0    9.0   -5.0  1.740
  -118.011  35.8809   29.0    9.0   -5.0  1.740
  -118.038  35.8809   32.0    9.0   -5.0  1.730
  -118.065  35.8809   35.0    9.0   -5.0  1.730
  -118.092  35.8809   38.0    9.0   -5.0  1.730
  -118.119  35.8809   41.0    9.0   -5.0  1.730
  -118.146  35.8809   44.0    9.0   -5.0  1.730
  -118.173  35.8809   47.0    9.0   -5.0  1.730
  -118.200  35.8809   50.0    9.0   -5.0  1.730
  -118.227  35.8809   53.0    9.0   -5.0  1.730
  -118.254  35.8809   56.0    9.0   -5.0  1.730
  -118.281  35.8809   59.0    9.0   -5.0  1.730
  -118.308  35.8809   62.0    9.0   -5.0  1.730
  -118.335  35.8809   65.0    9.0   -5.0  1.730
  -118.362  35.8809   68.0    9.0   -5.0  1.730
  -118.388  35.8809   71.0    9.0   -5.0  1.730
  -117.201  35.9079  -61.0   12.0   -5.0  1.730
  -117.228  35.9079  -58.0   12.0   -5.0  1.730
  -117.255  35.9079  -55.0   12.0   -5.0  1.730
  -117.282  35.9079  -52.0   12.0   -5.0  1.730
  -117.309  35.9079  -49.0   12.0   -5.0  1.730
  -117.336  35.9079  -46.0   12.0   -5.0  1.730
  -117.363  35.9079  -43.0   12.0   -5.0  1.730
  -117.390  35.9079  -40.0   12.0   -5.0  1.730
  -117.417  35.9079  -37.0   12.0   -5.0  1.730
  -117.444  35.9079  -34.0   12.0   -5.0  1.730
  -117.471  35.9079  -31.0   12.0   -5.0  1.730
  -117.498  35.9079  -28.0   12.0   -5.0  1.730
  -117.525  35.9079  -25.0   12.0   -5.0  1.730
  -117.552  35.9079  -22.0   12.0   -5.0  1.730
  -117.579  35.9079  -19.0   12.0   -5.0  1.730
  -117.606  35.9079  -16.0   12.0   -5.0  1.730
  -117.633  35.9079  -13.0   12.0   -5.0  1.730
  -117.660  35.9079  -10.0   12.0   -5.0  1.730
  -117.687  35.9079   -7.0   12.0   -5.0  1.730
  -117.714  35.9079   -4.0   12.0   -5.0  1.730
  -117.741  35.9079   -1.0   12.0   -5.0  1.730
  -117.768  35.9079    2.0   12.0   -5.0  1.730
  -117.795  35.9079    5.0   12.0   -5.0  1.730
  -117.822  35.9079    8.0   12.0   -5.0  1.730
  -117.849  35.9079   11.0   12.0   -5.0  1.730
  -117.876  35.9079   14.0   12.0   -5.0  1.730
  -117.903  35.9079   17.0   12.0   -5.0  1.730
  -117.930  35.9079   20.0   12.0   -5.0  1.730
  -117.957  35.9079   23.0   12.0   -5.0  1.730
  -117.984  35.9079   26.0   12.0   -5.0  1.730
  -118.011  35.9079   29.0   12.0   -5.0  1.730
  -118.038  35.9079   32.0   12.0   -5.0  1.730
  -118.065  35.9079   35.0   12.0   -5.0  1.730
  -118.092  35.9079   38.0   12.0   -5.0  1.730
  -118.119  35.9079   41.0   12.0   -5.0  1.730
  -118.146  35.9079   44.0   12.0   -5.0  1.730
  -118.173  35.9079   47.0   12.0   -5.0  1.730
  -118.200  35.9079   50.0   12.0   -5.0  1.730
  -118.227  35.9079   53.0   12.0   -5.0  1.730
  -118.254  35.9079   56.0   12.0   -5.0  1.730
  -118.281  35.9079   59.0   12.0   -5.0  1.730
  -118.308  35.9079   62.0   12.0   -5.0  1.730
  -118.335  35.9079   65.0   12.0   -5.0  1.730
  -118.362  35.9079   68.0   12.0   -5.0  1.730
  -118.388  35.9079   71.0   12.0   -5.0  1.730
  -117.201  35.9349  -61.0   15.0   -5.0  1.730
  -117.228  35.9349  -58.0   15.0   -5.0  1.730
  -117.255  35.9349  -55.0   15.0   -5.0  1.730
  -117.282  35.9349  -52.0   15.0   -5.0  1.730
  -117.309  35.9349  -49.0   15.0   -5.0  1.730
  -117.336  35.9349  -46.0   15.0   -5.0  1.730
  -117.363  35.9349  -43.0   15.0   -5.0  1.730
  -117.390  35.9349  -40.0   15.0   -5.0  1.730
  -117.417  35.9349  -37.0   15.0   -5.0  1.730
  -117.444  35.9349  -34.0   15.0   -5.0  1.730
  -117.471  35.9349  -31.0   15.0   -5.0  1.730
  -117.498  35.9349  -28.0   15.0   -5.0  1.730
  -117.525  35.9349  -25.0   15.0   -5.0  1.730
  -117.552  35.9349  -22.0   15.0   -5.0  1.730
  -117.579  35.9349  -19.0   15.0   -5.0  1.730
  -117.606  35.9349  -16.0   15.0   -5.0  1.730
  -117.633  35.9349  -13.0   15.0   -5.0  1.760
  -117.660  35.9349  -10.0   15.0   -5.0  1.720
  -117.687  35.9349   -7.0   15.0   -5.0  1.730
  -117.714  35.9349   -4.0   15.0   -5.0  1.730
  -117.741  35.9349   -1.0   15.0   -5.0  1.730
  -117.768  35.9349    2.0   15.0   -5.0  1.740
  -117.795  35.9349    5.0   15.0   -5.0  1.750
  -117.822  35.9349    8.0   15.0   -5.0  1.740
  -117.849  35.9349   11.0   15.0   -5.0  1.730
  -117.876  35.9349   14.0   15.0   -5.0  1.730
  -117.903  35.9349   17.0   15.0   -5.0  1.730
  -117.930  35.9349   20.0   15.0   -5.0  1.730
  -117.957  35.9349   23.0   15.0   -5.0  1.730
  -117.984  35.9349   26.0   15.0   -5.0  1.730
  -118.011  35.9349   29.0   15.0   -5.0  1.730
  -118.038  35.9349   32.0   15.0   -5.0  1.730
  -118.065  35.9349   35.0   15.0   -5.0  1.730
  -118.092  35.9349   38.0   15.0   -5.0  1.730
  -118.119  35.9349   41.0   15.0   -5.0  1.730
  -118.146  35.9349   44.0   15.0   -5.0  1.730
  -118.173  35.9349   47.0   15.0   -5.0  1.730
  -118.200  35.9349   50.0   15.0   -5.0  1.730
  -118.227  35.9349   53.0   15.0   -5.0  1.730
  -118.254  35.9349   56.0   15.0   -5.0  1.730
  -118.281  35.9349   59.0   15.0   -5.0  1.730
  -118.308  35.9349   62.0   15.0   -5.0  1.730
  -118.335  35.9349   65.0   15.0   -5.0  1.730
  -118.362  35.9349   68.0   15.0   -5.0  1.730
  -118.388  35.9349   71.0   15.0   -5.0  1.730
  -117.201  35.9619  -61.0   18.0   -5.0  1.730
  -117.228  35.9619  -58.0   18.0   -5.0  1.730
  -117.255  35.9619  -55.0   18.0   -5.0  1.730
  -117.282  35.9619  -52.0   18.0   -5.0  1.730
  -117.309  35.9619  -49.0   18.0   -5.0  1.730
  -117.336  35.9619  -46.0   18.0   -5.0  1.730
  -117.363  35.9619  -43.0   18.0   -5.0  1.730
  -117.390  35.9619  -40.0   18.0   -5.0  1.730
  -117.417  35.9619  -37.0   18.0   -5.0  1.730
  -117.444  35.9619  -34.0   18.0   -5.0  1.730
  -117.471  35.9619  -31.0   18.0   -5.0  1.730
  -117.498  35.9619  -28.0   18.0   -5.0  1.730
  -117.525  35.9619  -25.0   18.0   -5.0  1.730
  -117.552  35.9619  -22.0   18.0   -5.0  1.730
  -117.579  35.9619  -19.0   18.0   -5.0  1.730
  -117.606  35.9619  -16.0   18.0   -5.0  1.730
  -117.633  35.9619  -13.0   18.0   -5.0  1.730
  -117.660  35.9619  -10.0   18.0   -5.0  1.720
  -117.687  35.9619   -7.0   18.0   -5.0  1.730
  -117.714  35.9619   -4.0   18.0   -5.0  1.730
  -117.741  35.9619   -1.0   18.0   -5.0  1.730
  -117.768  35.9619    2.0   18.0   -5.0  1.740
  -117.795  35.9619    5.0   18.0   -5.0  1.750
  -117.822  35.9619    8.0   18.0   -5.0  1.730
  -117.849  35.9619   11.0   18.0   -5.0  1.740
  -117.876  35.9619   14.0   18.0   -5.0  1.730
  -117.903  35.9619   17.0   18.0   -5.0  1.730
  -117.930  35.9619   20.0   18.0   -5.0  1.730
  -117.957  35.9619   23.0   18.0   -5.0  1.730
  -117.984  35.9619   26.0   18.0   -5.0  1.730
  -118.011  35.9619   29.0   18.0   -5.0  1.730
  -118.038  35.9619   32.0   18.0   -5.0  1.730
  -118.065  35.9619   35.0   18.0   -5.0  1.730
  -118.092  35.9619   38.0   18.0   -5.0  1.730
  -118.119  35.9619   41.0   18.0   -5.0  1.730
  -118.146  35.9619   44.0   18.0   -5.0  1.730
  -118.173  35.9619   47.0   18.0   -5.0  1.730
  -118.200  35.9619   50.0   18.0   -5.0  1.730
  -118.227  35.9619   53.0   18.0   -5.0  1.730
  -118.254  35.9619   56.0   18.0   -5.0  1.730
  -118.281  35.9619   59.0   18.0   -5.0  1.730
  -118.308  35.9619   62.0   18.0   -5.0  1.730
  -118.335  35.9619   65.0   18.0   -5.0  1.730
  -118.362  35.9619   68.0   18.0   -5.0  1.730
  -118.388  35.9619   71.0   18.0   -5.0  1.730
  -117.201  35.9889  -61.0   21.0   -5.0  1.730
  -117.228  35.9889  -58.0   21.0   -5.0  1.730
  -117.255  35.9889  -55.0   21.0   -5.0  1.730
  -117.282  35.9889  -52.0   21.0   -5.0  1.730
  -117.309  35.9889  -49.0   21.0   -5.0  1.730
  -117.336  35.9889  -46.0   21.0   -5.0  1.730
  -117.363  35.9889  -43.0   21.0   -5.0  1.730
  -117.390  35.9889  -40.0   21.0   -5.0  1.730
  -117.417  35.9889  -37.0   21.0   -5.0  1.730
  -117.444  35.9889  -34.0   21.0   -5.0  1.730
  -117.471  35.9889  -31.0   21.0   -5.0  1.730
  -117.498  35.9889  -28.0   21.0   -5.0  1.730
  -117.525  35.9889  -25.0   21.0   -5.0  1.730
  -117.552  35.9889  -22.0   21.0   -5.0  1.730
  -117.579  35.9889  -19.0   21.0   -5.0  1.730
  -117.606  35.9889  -16.0   21.0   -5.0  1.730
  -117.633  35.9889  -13.0   21.0   -5.0  1.730
  -117.660  35.9889  -10.0   21.0   -5.0  1.730
  -117.687  35.9889   -7.0   21.0   -5.0  1.730
  -117.714  35.9889   -4.0   21.0   -5.0  1.720
  -117.741  35.9889   -1.0   21.0   -5.0  1.710
  -117.768  35.9889    2.0   21.0   -5.0  1.730
  -117.795  35.9889    5.0   21.0   -5.0  1.780
  -117.822  35.9889    8.0   21.0   -5.0  1.750
  -117.849  35.9889   11.0   21.0   -5.0  1.730
  -117.876  35.9889   14.0   21.0   -5.0  1.730
  -117.903  35.9889   17.0   21.0   -5.0  1.730
  -117.930  35.9889   20.0   21.0   -5.0  1.730
  -117.957  35.9889   23.0   21.0   -5.0  1.730
  -117.984  35.9889   26.0   21.0   -5.0  1.730
  -118.011  35.9889   29.0   21.0   -5.0  1.730
  -118.038  35.9889   32.0   21.0   -5.0  1.730
  -118.065  35.9889   35.0   21.0   -5.0  1.730
  -118.092  35.9889   38.0   21.0   -5.0  1.730
  -118.119  35.9889   41.0   21.0   -5.0  1.730
  -118.146  35.9889   44.0   21.0   -5.0  1.730
  -118.173  35.9889   47.0   21.0   -5.0  1.730
  -118.200  35.9889   50.0   21.0   -5.0  1.730
  -118.227  35.9889   53.0   21.0   -5.0  1.730
  -118.254  35.9889   56.0   21.0   -5.0  1.730
  -118.281  35.9889   59.0   21.0   -5.0  1.730
  -118.308  35.9889   62.0   21.0   -5.0  1.730
  -118.335  35.9889   65.0   21.0   -5.0  1.730
  -118.362  35.9889   68.0   21.0   -5.0  1.730
  -118.388  35.9889   71.0   21.0   -5.0  1.730
  -117.201  36.0158  -61.0   24.0   -5.0  1.730
  -117.228  36.0158  -58.0   24.0   -5.0  1.730
  -117.255  36.0158  -55.0   24.0   -5.0  1.730
  -117.282  36.0158  -52.0   24.0   -5.0  1.730
  -117.309  36.0158  -49.0   24.0   -5.0  1.730
  -117.336  36.0158  -46.0   24.0   -5.0  1.730
  -117.363  36.0158  -43.0   24.0   -5.0  1.730
  -117.390  36.0158  -40.0   24.0   -5.0  1.730
  -117.417  36.0158  -37.0   24.0   -5.0  1.730
  -117.444  36.0158  -34.0   24.0   -5.0  1.730
  -117.471  36.0158  -31.0   24.0   -5.0  1.730
  -117.498  36.0158  -28.0   24.0   -5.0  1.730
  -117.525  36.0158  -25.0   24.0   -5.0  1.740
  -117.552  36.0158  -22.0   24.0   -5.0  1.730
  -117.579  36.0158  -19.0   24.0   -5.0  1.730
  -117.606  36.0158  -16.0   24.0   -5.0  1.730
  -117.633  36.0158  -13.0   24.0   -5.0  1.730
  -117.660  36.0158  -10.0   24.0   -5.0  1.730
  -117.687  36.0158   -7.0   24.0   -5.0  1.730
  -117.714  36.0158   -4.0   24.0   -5.0  1.720
  -117.741  36.0158   -1.0   24.0   -5.0  1.700
  -117.768  36.0158    2.0   24.0   -5.0  1.690
  -117.795  36.0158    5.0   24.0   -5.0  1.750
  -117.822  36.0158    8.0   24.0   -5.0  1.750
  -117.849  36.0158   11.0   24.0   -5.0  1.730
  -117.876  36.0158   14.0   24.0   -5.0  1.720
  -117.903  36.0158   17.0   24.0   -5.0  1.730
  -117.930  36.0158   20.0   24.0   -5.0  1.730
  -117.957  36.0158   23.0   24.0   -5.0  1.730
  -117.984  36.0158   26.0   24.0   -5.0  1.730
  -118.011  36.0158   29.0   24.0   -5.0  1.730
  -118.038  36.0158   32.0   24.0   -5.0  1.730
  -118.065  36.0158   35.0   24.0   -5.0  1.730
  -118.092  36.0158   38.0   24.0   -5.0  1.730
  -118.119  36.0158   41.0   24.0   -5.0  1.730
  -118.146  36.0158   44.0   24.0   -5.0  1.730
  -118.173  36.0158   47.0   24.0   -5.0  1.730
  -118.200  36.0158   50.0   24.0   -5.0  1.730
  -118.227  36.0158   53.0   24.0   -5.0  1.730
  -118.254  36.0158   56.0   24.0   -5.0  1.730
  -118.281  36.0158   59.0   24.0   -5.0  1.730
  -118.308  36.0158   62.0   24.0   -5.0  1.730
  -118.335  36.0158   65.0   24.0   -5.0  1.730
  -118.362  36.0158   68.0   24.0   -5.0  1.730
  -118.388  36.0158   71.0   24.0   -5.0  1.730
  -117.201  36.0428  -61.0   27.0   -5.0  1.730
  -117.228  36.0428  -58.0   27.0   -5.0  1.730
  -117.255  36.0428  -55.0   27.0   -5.0  1.730
  -117.282  36.0428  -52.0   27.0   -5.0  1.730
  -117.309  36.0428  -49.0   27.0   -5.0  1.730
  -117.336  36.0428  -46.0   27.0   -5.0  1.730
  -117.363  36.0428  -43.0   27.0   -5.0  1.730
  -117.390  36.0428  -40.0   27.0   -5.0  1.730
  -117.417  36.0428  -37.0   27.0   -5.0  1.730
  -117.444  36.0428  -34.0   27.0   -5.0  1.730
  -117.471  36.0428  -31.0   27.0   -5.0  1.730
  -117.498  36.0428  -28.0   27.0   -5.0  1.730
  -117.525  36.0428  -25.0   27.0   -5.0  1.740
  -117.552  36.0428  -22.0   27.0   -5.0  1.730
  -117.579  36.0428  -19.0   27.0   -5.0  1.730
  -117.606  36.0428  -16.0   27.0   -5.0  1.730
  -117.633  36.0428  -13.0   27.0   -5.0  1.730
  -117.660  36.0428  -10.0   27.0   -5.0  1.730
  -117.687  36.0428   -7.0   27.0   -5.0  1.730
  -117.714  36.0428   -4.0   27.0   -5.0  1.730
  -117.741  36.0428   -1.0   27.0   -5.0  1.720
  -117.768  36.0428    2.0   27.0   -5.0  1.710
  -117.795  36.0428    5.0   27.0   -5.0  1.740
  -117.822  36.0428    8.0   27.0   -5.0  1.740
  -117.849  36.0428   11.0   27.0   -5.0  1.730
  -117.876  36.0428   14.0   27.0   -5.0  1.730
  -117.903  36.0428   17.0   27.0   -5.0  1.730
  -117.930  36.0428   20.0   27.0   -5.0  1.730
  -117.957  36.0428   23.0   27.0   -5.0  1.730
  -117.984  36.0428   26.0   27.0   -5.0  1.730
  -118.011  36.0428   29.0   27.0   -5.0  1.730
  -118.038  36.0428   32.0   27.0   -5.0  1.730
  -118.065  36.0428   35.0   27.0   -5.0  1.730
  -118.092  36.0428   38.0   27.0   -5.0  1.730
  -118.119  36.0428   41.0   27.0   -5.0  1.730
  -118.146  36.0428   44.0   27.0   -5.0  1.730
  -118.173  36.0428   47.0   27.0   -5.0  1.730
  -118.200  36.0428   50.0   27.0   -5.0  1.730
  -118.227  36.0428   53.0   27.0   -5.0  1.730
  -118.254  36.0428   56.0   27.0   -5.0  1.730
  -118.281  36.0428   59.0   27.0   -5.0  1.730
  -118.308  36.0428   62.0   27.0   -5.0  1.730
  -118.335  36.0428   65.0   27.0   -5.0  1.730
  -118.362  36.0428   68.0   27.0   -5.0  1.730
  -118.388  36.0428   71.0   27.0   -5.0  1.730
  -117.201  36.0698  -61.0   30.0   -5.0  1.730
  -117.228  36.0698  -58.0   30.0   -5.0  1.730
  -117.255  36.0698  -55.0   30.0   -5.0  1.730
  -117.282  36.0698  -52.0   30.0   -5.0  1.730
  -117.309  36.0698  -49.0   30.0   -5.0  1.730
  -117.336  36.0698  -46.0   30.0   -5.0  1.730
  -117.363  36.0698  -43.0   30.0   -5.0  1.730
  -117.390  36.0698  -40.0   30.0   -5.0  1.730
  -117.417  36.0698  -37.0   30.0   -5.0  1.730
  -117.444  36.0698  -34.0   30.0   -5.0  1.730
  -117.471  36.0698  -31.0   30.0   -5.0  1.730
  -117.498  36.0698  -28.0   30.0   -5.0  1.730
  -117.525  36.0698  -25.0   30.0   -5.0  1.750
  -117.552  36.0698  -22.0   30.0   -5.0  1.730
  -117.579  36.0698  -19.0   30.0   -5.0  1.730
  -117.606  36.0698  -16.0   30.0   -5.0  1.730
  -117.633  36.0698  -13.0   30.0   -5.0  1.730
  -117.660  36.0698  -10.0   30.0   -5.0  1.730
  -117.687  36.0698   -7.0   30.0   -5.0  1.730
  -117.714  36.0698   -4.0   30.0   -5.0  1.730
  -117.741  36.0698   -1.0   30.0   -5.0  1.730
  -117.768  36.0698    2.0   30.0   -5.0  1.730
  -117.795  36.0698    5.0   30.0   -5.0  1.730
  -117.822  36.0698    8.0   30.0   -5.0  1.720
  -117.849  36.0698   11.0   30.0   -5.0  1.730
  -117.876  36.0698   14.0   30.0   -5.0  1.730
  -117.903  36.0698   17.0   30.0   -5.0  1.730
  -117.930  36.0698   20.0   30.0   -5.0  1.730
  -117.957  36.0698   23.0   30.0   -5.0  1.730
  -117.984  36.0698   26.0   30.0   -5.0  1.730
  -118.011  36.0698   29.0   30.0   -5.0  1.730
  -118.038  36.0698   32.0   30.0   -5.0  1.730
  -118.065  36.0698   35.0   30.0   -5.0  1.730
  -118.092  36.0698   38.0   30.0   -5.0  1.730
  -118.119  36.0698   41.0   30.0   -5.0  1.730
  -118.146  36.0698   44.0   30.0   -5.0  1.730
  -118.173  36.0698   47.0   30.0   -5.0  1.730
  -118.200  36.0698   50.0   30.0   -5.0  1.730
  -118.227  36.0698   53.0   30.0   -5.0  1.730
  -118.254  36.0698   56.0   30.0   -5.0  1.730
  -118.281  36.0698   59.0   30.0   -5.0  1.730
  -118.308  36.0698   62.0   30.0   -5.0  1.730
  -118.335  36.0698   65.0   30.0   -5.0  1.730
  -118.362  36.0698   68.0   30.0   -5.0  1.730
  -118.388  36.0698   71.0   30.0   -5.0  1.730
  -117.201  36.0968  -61.0   33.0   -5.0  1.730
  -117.228  36.0968  -58.0   33.0   -5.0  1.730
  -117.255  36.0968  -55.0   33.0   -5.0  1.730
  -117.282  36.0968  -52.0   33.0   -5.0  1.730
  -117.309  36.0968  -49.0   33.0   -5.0  1.730
  -117.336  36.0968  -46.0   33.0   -5.0  1.730
  -117.363  36.0968  -43.0   33.0   -5.0  1.730
  -117.390  36.0968  -40.0   33.0   -5.0  1.730
  -117.417  36.0968  -37.0   33.0   -5.0  1.730
  -117.444  36.0968  -34.0   33.0   -5.0  1.730
  -117.471  36.0968  -31.0   33.0   -5.0  1.730
  -117.498  36.0968  -28.0   33.0   -5.0  1.730
  -117.525  36.0968  -25.0   33.0   -5.0  1.730
  -117.552  36.0968  -22.0   33.0   -5.0  1.720
  -117.579  36.0968  -19.0   33.0   -5.0  1.730
  -117.606  36.0968  -16.0   33.0   -5.0  1.730
  -117.633  36.0968  -13.0   33.0   -5.0  1.730
  -117.660  36.0968  -10.0   33.0   -5.0  1.730
  -117.687  36.0968   -7.0   33.0   -5.0  1.730
  -117.714  36.0968   -4.0   33.0   -5.0  1.730
  -117.741  36.0968   -1.0   33.0   -5.0  1.740
  -117.768  36.0968    2.0   33.0   -5.0  1.760
  -117.795  36.0968    5.0   33.0   -5.0  1.740
  -117.822  36.0968    8.0   33.0   -5.0  1.740
  -117.849  36.0968   11.0   33.0   -5.0  1.730
  -117.876  36.0968   14.0   33.0   -5.0  1.730
  -117.903  36.0968   17.0   33.0   -5.0  1.730
  -117.930  36.0968   20.0   33.0   -5.0  1.730
  -117.957  36.0968   23.0   33.0   -5.0  1.730
  -117.984  36.0968   26.0   33.0   -5.0  1.730
  -118.011  36.0968   29.0   33.0   -5.0  1.730
  -118.038  36.0968   32.0   33.0   -5.0  1.730
  -118.065  36.0968   35.0   33.0   -5.0  1.730
  -118.092  36.0968   38.0   33.0   -5.0  1.730
  -118.119  36.0968   41.0   33.0   -5.0  1.730
  -118.146  36.0968   44.0   33.0   -5.0  1.730
  -118.173  36.0968   47.0   33.0   -5.0  1.730
  -118.200  36.0968   50.0   33.0   -5.0  1.730
  -118.227  36.0968   53.0   33.0   -5.0  1.730
  -118.254  36.0968   56.0   33.0   -5.0  1.730
  -118.281  36.0968   59.0   33.0   -5.0  1.730
  -118.308  36.0968   62.0   33.0   -5.0  1.730
  -118.335  36.0968   65.0   33.0   -5.0  1.730
  -118.362  36.0968   68.0   33.0   -5.0  1.730
  -118.388  36.0968   71.0   33.0   -5.0  1.730
  -117.201  36.1238  -61.0   36.0   -5.0  1.730
  -117.228  36.1238  -58.0   36.0   -5.0  1.730
  -117.255  36.1238  -55.0   36.0   -5.0  1.730
  -117.282  36.1238  -52.0   36.0   -5.0  1.730
  -117.309  36.1238  -49.0   36.0   -5.0  1.730
  -117.336  36.1238  -46.0   36.0   -5.0  1.730
  -117.363  36.1238  -43.0   36.0   -5.0  1.730
  -117.390  36.1238  -40.0   36.0   -5.0  1.730
  -117.417  36.1238  -37.0   36.0   -5.0  1.730
  -117.444  36.1238  -34.0   36.0   -5.0  1.730
  -117.471  36.1238  -31.0   36.0   -5.0  1.730
  -117.498  36.1238  -28.0   36.0   -5.0  1.730
  -117.525  36.1238  -25.0   36.0   -5.0  1.730
  -117.552  36.1238  -22.0   36.0   -5.0  1.730
  -117.579  36.1238  -19.0   36.0   -5.0  1.730
  -117.606  36.1238  -16.0   36.0   -5.0  1.730
  -117.633  36.1238  -13.0   36.0   -5.0  1.730
  -117.660  36.1238  -10.0   36.0   -5.0  1.730
  -117.687  36.1238   -7.0   36.0   -5.0  1.730
  -117.714  36.1238   -4.0   36.0   -5.0  1.730
  -117.741  36.1238   -1.0   36.0   -5.0  1.730
  -117.768  36.1238    2.0   36.0   -5.0  1.740
  -117.795  36.1238    5.0   36.0   -5.0  1.740
  -117.822  36.1238    8.0   36.0   -5.0  1.730
  -117.849  36.1238   11.0   36.0   -5.0  1.720
  -117.876  36.1238   14.0   36.0   -5.0  1.730
  -117.903  36.1238   17.0   36.0   -5.0  1.730
  -117.930  36.1238   20.0   36.0   -5.0  1.730
  -117.957  36.1238   23.0   36.0   -5.0  1.730
  -117.984  36.1238   26.0   36.0   -5.0  1.730
  -118.011  36.1238   29.0   36.0   -5.0  1.730
  -118.038  36.1238   32.0   36.0   -5.0  1.730
  -118.065  36.1238   35.0   36.0   -5.0  1.730
  -118.092  36.1238   38.0   36.0   -5.0  1.730
  -118.119  36.1238   41.0   36.0   -5.0  1.730
  -118.146  36.1238   44.0   36.0   -5.0  1.730
  -118.173  36.1238   47.0   36.0   -5.0  1.720
  -118.200  36.1238   50.0   36.0   -5.0  1.730
  -118.227  36.1238   53.0   36.0   -5.0  1.720
  -118.254  36.1238   56.0   36.0   -5.0  1.730
  -118.281  36.1238   59.0   36.0   -5.0  1.730
  -118.308  36.1238   62.0   36.0   -5.0  1.730
  -118.335  36.1238   65.0   36.0   -5.0  1.730
  -118.362  36.1238   68.0   36.0   -5.0  1.730
  -118.388  36.1238   71.0   36.0   -5.0  1.730
  -117.201  36.1507  -61.0   39.0   -5.0  1.730
  -117.228  36.1507  -58.0   39.0   -5.0  1.730
  -117.255  36.1507  -55.0   39.0   -5.0  1.730
  -117.282  36.1507  -52.0   39.0   -5.0  1.730
  -117.309  36.1507  -49.0   39.0   -5.0  1.730
  -117.336  36.1507  -46.0   39.0   -5.0  1.730
  -117.363  36.1507  -43.0   39.0   -5.0  1.730
  -117.390  36.1507  -40.0   39.0   -5.0  1.730
  -117.417  36.1507  -37.0   39.0   -5.0  1.730
  -117.444  36.1507  -34.0   39.0   -5.0  1.730
  -117.471  36.1507  -31.0   39.0   -5.0  1.730
  -117.498  36.1507  -28.0   39.0   -5.0  1.730
  -117.525  36.1507  -25.0   39.0   -5.0  1.730
  -117.552  36.1507  -22.0   39.0   -5.0  1.730
  -117.579  36.1507  -19.0   39.0   -5.0  1.730
  -117.606  36.1507  -16.0   39.0   -5.0  1.730
  -117.633  36.1507  -13.0   39.0   -5.0  1.730
  -117.660  36.1507  -10.0   39.0   -5.0  1.730
  -117.687  36.1507   -7.0   39.0   -5.0  1.730
  -117.714  36.1507   -4.0   39.0   -5.0  1.730
  -117.741  36.1507   -1.0   39.0   -5.0  1.730
  -117.768  36.1507    2.0   39.0   -5.0  1.730
  -117.795  36.1507    5.0   39.0   -5.0  1.740
  -117.822  36.1507    8.0   39.0   -5.0  1.730
  -117.849  36.1507   11.0   39.0   -5.0  1.730
  -117.876  36.1507   14.0   39.0   -5.0  1.730
  -117.903  36.1507   17.0   39.0   -5.0  1.730
  -117.930  36.1507   20.0   39.0   -5.0  1.730
  -117.957  36.1507   23.0   39.0   -5.0  1.730
  -117.984  36.1507   26.0   39.0   -5.0  1.730
  -118.011  36.1507   29.0   39.0   -5.0  1.730
  -118.038  36.1507   32.0   39.0   -5.0  1.730
  -118.065  36.1507   35.0   39.0   -5.0  1.730
  -118.092  36.1507   38.0   39.0   -5.0  1.730
  -118.119  36.1507   41.0   39.0   -5.0  1.730
  -118.146  36.1507   44.0   39.0   -5.0  1.720
  -118.173  36.1507   47.0   39.0   -5.0  1.710
  -118.200  36.1507   50.0   39.0   -5.0  1.730
  -118.227  36.1507   53.0   39.0   -5.0  1.720
  -118.254  36.1507   56.0   39.0   -5.0  1.720
  -118.281  36.1507   59.0   39.0   -5.0  1.730
  -118.308  36.1507   62.0   39.0   -5.0  1.730
  -118.335  36.1507   65.0   39.0   -5.0  1.730
  -118.362  36.1507   68.0   39.0   -5.0  1.730
  -118.388  36.1507   71.0   39.0   -5.0  1.730
  -117.201  36.1777  -61.0   42.0   -5.0  1.730
  -117.228  36.1777  -58.0   42.0   -5.0  1.730
  -117.255  36.1777  -55.0   42.0   -5.0  1.730
  -117.282  36.1777  -52.0   42.0   -5.0  1.730
  -117.309  36.1777  -49.0   42.0   -5.0  1.730
  -117.336  36.1777  -46.0   42.0   -5.0  1.730
  -117.363  36.1777  -43.0   42.0   -5.0  1.730
  -117.390  36.1777  -40.0   42.0   -5.0  1.730
  -117.417  36.1777  -37.0   42.0   -5.0  1.730
  -117.444  36.1777  -34.0   42.0   -5.0  1.730
  -117.471  36.1777  -31.0   42.0   -5.0  1.730
  -117.498  36.1777  -28.0   42.0   -5.0  1.730
  -117.525  36.1777  -25.0   42.0   -5.0  1.730
  -117.552  36.1777  -22.0   42.0   -5.0  1.730
  -117.579  36.1777  -19.0   42.0   -5.0  1.730
  -117.606  36.1777  -16.0   42.0   -5.0  1.730
  -117.633  36.1777  -13.0   42.0   -5.0  1.730
  -117.660  36.1777  -10.0   42.0   -5.0  1.730
  -117.687  36.1777   -7.0   42.0   -5.0  1.760
  -117.714  36.1777   -4.0   42.0   -5.0  1.740
  -117.741  36.1777   -1.0   42.0   -5.0  1.730
  -117.768  36.1777    2.0   42.0   -5.0  1.730
  -117.795  36.1777    5.0   42.0   -5.0  1.730
  -117.822  36.1777    8.0   42.0   -5.0  1.730
  -117.849  36.1777   11.0   42.0   -5.0  1.730
  -117.876  36.1777   14.0   42.0   -5.0  1.730
  -117.903  36.1777   17.0   42.0   -5.0  1.730
  -117.930  36.1777   20.0   42.0   -5.0  1.730
  -117.957  36.1777   23.0   42.0   -5.0  1.730
  -117.984  36.1777   26.0   42.0   -5.0  1.730
  -118.011  36.1777   29.0   42.0   -5.0  1.730
  -118.038  36.1777   32.0   42.0   -5.0  1.730
  -118.065  36.1777   35.0   42.0   -5.0  1.730
  -118.092  36.1777   38.0   42.0   -5.0  1.730
  -118.119  36.1777   41.0   42.0   -5.0  1.730
  -118.146  36.1777   44.0   42.0   -5.0  1.720
  -118.173  36.1777   47.0   42.0   -5.0  1.700
  -118.200  36.1777   50.0   42.0   -5.0  1.700
  -118.227  36.1777   53.0   42.0   -5.0  1.710
  -118.254  36.1777   56.0   42.0   -5.0  1.720
  -118.281  36.1777   59.0   42.0   -5.0  1.730
  -118.308  36.1777   62.0   42.0   -5.0  1.730
  -118.335  36.1777   65.0   42.0   -5.0  1.730
  -118.362  36.1777   68.0   42.0   -5.0  1.730
  -118.388  36.1777   71.0   42.0   -5.0  1.730
  -117.201  36.2047  -61.0   45.0   -5.0  1.730
  -117.228  36.2047  -58.0   45.0   -5.0  1.730
  -117.255  36.2047  -55.0   45.0   -5.0  1.730
  -117.282  36.2047  -52.0   45.0   -5.0  1.730
  -117.309  36.2047  -49.0   45.0   -5.0  1.730
  -117.336  36.2047  -46.0   45.0   -5.0  1.730
  -117.363  36.2047  -43.0   45.0   -5.0  1.730
  -117.390  36.2047  -40.0   45.0   -5.0  1.730
  -117.417  36.2047  -37.0   45.0   -5.0  1.730
  -117.444  36.2047  -34.0   45.0   -5.0  1.730
  -117.471  36.2047  -31.0   45.0   -5.0  1.730
  -117.498  36.2047  -28.0   45.0   -5.0  1.730
  -117.525  36.2047  -25.0   45.0   -5.0  1.730
  -117.552  36.2047  -22.0   45.0   -5.0  1.730
  -117.579  36.2047  -19.0   45.0   -5.0  1.730
  -117.606  36.2047  -16.0   45.0   -5.0  1.730
  -117.633  36.2047  -13.0   45.0   -5.0  1.730
  -117.660  36.2047  -10.0   45.0   -5.0  1.730
  -117.687  36.2047   -7.0   45.0   -5.0  1.740
  -117.714  36.2047   -4.0   45.0   -5.0  1.730
  -117.741  36.2047   -1.0   45.0   -5.0  1.730
  -117.768  36.2047    2.0   45.0   -5.0  1.730
  -117.795  36.2047    5.0   45.0   -5.0  1.730
  -117.822  36.2047    8.0   45.0   -5.0  1.730
  -117.849  36.2047   11.0   45.0   -5.0  1.730
  -117.876  36.2047   14.0   45.0   -5.0  1.730
  -117.903  36.2047   17.0   45.0   -5.0  1.730
  -117.930  36.2047   20.0   45.0   -5.0  1.730
  -117.957  36.2047   23.0   45.0   -5.0  1.730
  -117.984  36.2047   26.0   45.0   -5.0  1.730
  -118.011  36.2047   29.0   45.0   -5.0  1.730
  -118.038  36.2047   32.0   45.0   -5.0  1.730
  -118.065  36.2047   35.0   45.0   -5.0  1.730
  -118.092  36.2047   38.0   45.0   -5.0  1.730
  -118.119  36.2047   41.0   45.0   -5.0  1.730
  -118.146  36.2047   44.0   45.0   -5.0  1.730
  -118.173  36.2047   47.0   45.0   -5.0  1.720
  -118.200  36.2047   50.0   45.0   -5.0  1.720
  -118.227  36.2047   53.0   45.0   -5.0  1.720
  -118.254  36.2047   56.0   45.0   -5.0  1.720
  -118.281  36.2047   59.0   45.0   -5.0  1.730
  -118.308  36.2047   62.0   45.0   -5.0  1.730
  -118.335  36.2047   65.0   45.0   -5.0  1.730
  -118.362  36.2047   68.0   45.0   -5.0  1.730
  -118.388  36.2047   71.0   45.0   -5.0  1.730
  -117.201  36.2317  -61.0   48.0   -5.0  1.730
  -117.228  36.2317  -58.0   48.0   -5.0  1.730
  -117.255  36.2317  -55.0   48.0   -5.0  1.730
  -117.282  36.2317  -52.0   48.0   -5.0  1.730
  -117.309  36.2317  -49.0   48.0   -5.0  1.730
  -117.336  36.2317  -46.0   48.0   -5.0  1.730
  -117.363  36.2317  -43.0   48.0   -5.0  1.730
  -117.390  36.2317  -40.0   48.0   -5.0  1.730
  -117.417  36.2317  -37.0   48.0   -5.0  1.730
  -117.444  36.2317  -34.0   48.0   -5.0  1.730
  -117.471  36.2317  -31.0   48.0   -5.0  1.730
  -117.498  36.2317  -28.0   48.0   -5.0  1.730
  -117.525  36.2317  -25.0   48.0   -5.0  1.730
  -117.552  36.2317  -22.0   48.0   -5.0  1.730
  -117.579  36.2317  -19.0   48.0   -5.0  1.730
  -117.606  36.2317  -16.0   48.0   -5.0  1.730
  -117.633  36.2317  -13.0   48.0   -5.0  1.730
  -117.660  36.2317  -10.0   48.0   -5.0  1.730
  -117.687  36.2317   -7.0   48.0   -5.0  1.730
  -117.714  36.2317   -4.0   48.0   -5.0  1.730
  -117.741  36.2317   -1.0   48.0   -5.0  1.730
  -117.768  36.2317    2.0   48.0   -5.0  1.730
  -117.795  36.2317    5.0   48.0   -5.0  1.730
  -117.822  36.2317    8.0   48.0   -5.0  1.730
  -117.849  36.2317   11.0   48.0   -5.0  1.730
  -117.876  36.2317   14.0   48.0   -5.0  1.730
  -117.903  36.2317   17.0   48.0   -5.0  1.730
  -117.930  36.2317   20.0   48.0   -5.0  1.730
  -117.957  36.2317   23.0   48.0   -5.0  1.730
  -117.984  36.2317   26.0   48.0   -5.0  1.730
  -118.011  36.2317   29.0   48.0   -5.0  1.730
  -118.038  36.2317   32.0   48.0   -5.0  1.730
  -118.065  36.2317   35.0   48.0   -5.0  1.730
  -118.092  36.2317   38.0   48.0   -5.0  1.730
  -118.119  36.2317   41.0   48.0   -5.0  1.730
  -118.146  36.2317   44.0   48.0   -5.0  1.730
  -118.173  36.2317   47.0   48.0   -5.0  1.730
  -118.200  36.2317   50.0   48.0   -5.0  1.730
  -118.227  36.2317   53.0   48.0   -5.0  1.730
  -118.254  36.2317   56.0   48.0   -5.0  1.730
  -118.281  36.2317   59.0   48.0   -5.0  1.730
  -118.308  36.2317   62.0   48.0   -5.0  1.730
  -118.335  36.2317   65.0   48.0   -5.0  1.730
  -118.362  36.2317   68.0   48.0   -5.0  1.730
  -118.388  36.2317   71.0   48.0   -5.0  1.730
  -117.201  36.2587  -61.0   51.0   -5.0  1.730
  -117.228  36.2587  -58.0   51.0   -5.0  1.730
  -117.255  36.2587  -55.0   51.0   -5.0  1.730
  -117.282  36.2587  -52.0   51.0   -5.0  1.730
  -117.309  36.2587  -49.0   51.0   -5.0  1.730
  -117.336  36.2587  -46.0   51.0   -5.0  1.730
  -117.363  36.2587  -43.0   51.0   -5.0  1.730
  -117.390  36.2587  -40.0   51.0   -5.0  1.730
  -117.417  36.2587  -37.0   51.0   -5.0  1.730
  -117.444  36.2587  -34.0   51.0   -5.0  1.730
  -117.471  36.2587  -31.0   51.0   -5.0  1.730
  -117.498  36.2587  -28.0   51.0   -5.0  1.730
  -117.525  36.2587  -25.0   51.0   -5.0  1.730
  -117.552  36.2587  -22.0   51.0   -5.0  1.730
  -117.579  36.2587  -19.0   51.0   -5.0  1.730
  -117.606  36.2587  -16.0   51.0   -5.0  1.730
  -117.633  36.2587  -13.0   51.0   -5.0  1.730
  -117.660  36.2587  -10.0   51.0   -5.0  1.730
  -117.687  36.2587   -7.0   51.0   -5.0  1.730
  -117.714  36.2587   -4.0   51.0   -5.0  1.730
  -117.741  36.2587   -1.0   51.0   -5.0  1.730
  -117.768  36.2587    2.0   51.0   -5.0  1.730
  -117.795  36.2587    5.0   51.0   -5.0  1.730
  -117.822  36.2587    8.0   51.0   -5.0  1.730
  -117.849  36.2587   11.0   51.0   -5.0  1.730
  -117.876  36.2587   14.0   51.0   -5.0  1.730
  -117.903  36.2587   17.0   51.0   -5.0  1.730
  -117.930  36.2587   20.0   51.0   -5.0  1.730
  -117.957  36.2587   23.0   51.0   -5.0  1.730
  -117.984  36.2587   26.0   51.0   -5.0  1.730
  -118.011  36.2587   29.0   51.0   -5.0  1.730
  -118.038  36.2587   32.0   51.0   -5.0  1.730
  -118.065  36.2587   35.0   51.0   -5.0  1.730
  -118.092  36.2587   38.0   51.0   -5.0  1.730
  -118.119  36.2587   41.0   51.0   -5.0  1.730
  -118.146  36.2587   44.0   51.0   -5.0  1.730
  -118.173  36.2587   47.0   51.0   -5.0  1.730
  -118.200  36.2587   50.0   51.0   -5.0  1.730
  -118.227  36.2587   53.0   51.0   -5.0  1.730
  -118.254  36.2587   56.0   51.0   -5.0  1.730
  -118.281  36.2587   59.0   51.0   -5.0  1.730
  -118.308  36.2587   62.0   51.0   -5.0  1.730
  -118.335  36.2587   65.0   51.0   -5.0  1.730
  -118.362  36.2587   68.0   51.0   -5.0  1.730
  -118.388  36.2587   71.0   51.0   -5.0  1.730
  -117.201  36.2856  -61.0   54.0   -5.0  1.730
  -117.228  36.2856  -58.0   54.0   -5.0  1.730
  -117.255  36.2856  -55.0   54.0   -5.0  1.730
  -117.282  36.2856  -52.0   54.0   -5.0  1.730
  -117.309  36.2856  -49.0   54.0   -5.0  1.730
  -117.336  36.2856  -46.0   54.0   -5.0  1.730
  -117.363  36.2856  -43.0   54.0   -5.0  1.730
  -117.390  36.2856  -40.0   54.0   -5.0  1.730
  -117.417  36.2856  -37.0   54.0   -5.0  1.730
  -117.444  36.2856  -34.0   54.0   -5.0  1.730
  -117.471  36.2856  -31.0   54.0   -5.0  1.730
  -117.498  36.2856  -28.0   54.0   -5.0  1.730
  -117.525  36.2856  -25.0   54.0   -5.0  1.730
  -117.552  36.2856  -22.0   54.0   -5.0  1.730
  -117.579  36.2856  -19.0   54.0   -5.0  1.730
  -117.606  36.2856  -16.0   54.0   -5.0  1.730
  -117.633  36.2856  -13.0   54.0   -5.0  1.730
  -117.660  36.2856  -10.0   54.0   -5.0  1.730
  -117.687  36.2856   -7.0   54.0   -5.0  1.730
  -117.714  36.2856   -4.0   54.0   -5.0  1.730
  -117.741  36.2856   -1.0   54.0   -5.0  1.730
  -117.768  36.2856    2.0   54.0   -5.0  1.730
  -117.795  36.2856    5.0   54.0   -5.0  1.730
  -117.822  36.2856    8.0   54.0   -5.0  1.730
  -117.849  36.2856   11.0   54.0   -5.0  1.730
  -117.876  36.2856   14.0   54.0   -5.0  1.730
  -117.903  36.2856   17.0   54.0   -5.0  1.730
  -117.930  36.2856   20.0   54.0   -5.0  1.730
  -117.957  36.2856   23.0   54.0   -5.0  1.730
  -117.984  36.2856   26.0   54.0   -5.0  1.730
  -118.011  36.2856   29.0   54.0   -5.0  1.730
  -118.038  36.2856   32.0   54.0   -5.0  1.730
  -118.065  36.2856   35.0   54.0   -5.0  1.730
  -118.092  36.2856   38.0   54.0   -5.0  1.730
  -118.119  36.2856   41.0   54.0   -5.0  1.730
  -118.146  36.2856   44.0   54.0   -5.0  1.730
  -118.173  36.2856   47.0   54.0   -5.0  1.730
  -118.200  36.2856   50.0   54.0   -5.0  1.730
  -118.227  36.2856   53.0   54.0   -5.0  1.730
  -118.254  36.2856   56.0   54.0   -5.0  1.730
  -118.281  36.2856   59.0   54.0   -5.0  1.730
  -118.308  36.2856   62.0   54.0   -5.0  1.730
  -118.335  36.2856   65.0   54.0   -5.0  1.730
  -118.362  36.2856   68.0   54.0   -5.0  1.730
  -118.388  36.2856   71.0   54.0   -5.0  1.730
  -117.201  36.3126  -61.0   57.0   -5.0  1.730
  -117.228  36.3126  -58.0   57.0   -5.0  1.730
  -117.255  36.3126  -55.0   57.0   -5.0  1.730
  -117.282  36.3126  -52.0   57.0   -5.0  1.730
  -117.309  36.3126  -49.0   57.0   -5.0  1.730
  -117.336  36.3126  -46.0   57.0   -5.0  1.730
  -117.363  36.3126  -43.0   57.0   -5.0  1.730
  -117.390  36.3126  -40.0   57.0   -5.0  1.730
  -117.417  36.3126  -37.0   57.0   -5.0  1.730
  -117.444  36.3126  -34.0   57.0   -5.0  1.730
  -117.471  36.3126  -31.0   57.0   -5.0  1.730
  -117.498  36.3126  -28.0   57.0   -5.0  1.730
  -117.525  36.3126  -25.0   57.0   -5.0  1.730
  -117.552  36.3126  -22.0   57.0   -5.0  1.730
  -117.579  36.3126  -19.0   57.0   -5.0  1.730
  -117.606  36.3126  -16.0   57.0   -5.0  1.730
  -117.633  36.3126  -13.0   57.0   -5.0  1.730
  -117.660  36.3126  -10.0   57.0   -5.0  1.730
  -117.687  36.3126   -7.0   57.0   -5.0  1.730
  -117.714  36.3126   -4.0   57.0   -5.0  1.730
  -117.741  36.3126   -1.0   57.0   -5.0  1.730
  -117.768  36.3126    2.0   57.0   -5.0  1.730
  -117.795  36.3126    5.0   57.0   -5.0  1.730
  -117.822  36.3126    8.0   57.0   -5.0  1.730
  -117.849  36.3126   11.0   57.0   -5.0  1.730
  -117.876  36.3126   14.0   57.0   -5.0  1.730
  -117.903  36.3126   17.0   57.0   -5.0  1.730
  -117.930  36.3126   20.0   57.0   -5.0  1.730
  -117.957  36.3126   23.0   57.0   -5.0  1.730
  -117.984  36.3126   26.0   57.0   -5.0  1.730
  -118.011  36.3126   29.0   57.0   -5.0  1.730
  -118.038  36.3126   32.0   57.0   -5.0  1.730
  -118.065  36.3126   35.0   57.0   -5.0  1.730
  -118.092  36.3126   38.0   57.0   -5.0  1.730
  -118.119  36.3126   41.0   57.0   -5.0  1.730
  -118.146  36.3126   44.0   57.0   -5.0  1.730
  -118.173  36.3126   47.0   57.0   -5.0  1.730
  -118.200  36.3126   50.0   57.0   -5.0  1.730
  -118.227  36.3126   53.0   57.0   -5.0  1.730
  -118.254  36.3126   56.0   57.0   -5.0  1.730
  -118.281  36.3126   59.0   57.0   -5.0  1.730
  -118.308  36.3126   62.0   57.0   -5.0  1.730
  -118.335  36.3126   65.0   57.0   -5.0  1.730
  -118.362  36.3126   68.0   57.0   -5.0  1.730
  -118.388  36.3126   71.0   57.0   -5.0  1.730
  -117.201  36.3396  -61.0   60.0   -5.0  1.730
  -117.228  36.3396  -58.0   60.0   -5.0  1.730
  -117.255  36.3396  -55.0   60.0   -5.0  1.730
  -117.282  36.3396  -52.0   60.0   -5.0  1.730
  -117.309  36.3396  -49.0   60.0   -5.0  1.730
  -117.336  36.3396  -46.0   60.0   -5.0  1.730
  -117.363  36.3396  -43.0   60.0   -5.0  1.730
  -117.390  36.3396  -40.0   60.0   -5.0  1.730
  -117.417  36.3396  -37.0   60.0   -5.0  1.730
  -117.444  36.3396  -34.0   60.0   -5.0  1.730
  -117.471  36.3396  -31.0   60.0   -5.0  1.730
  -117.498  36.3396  -28.0   60.0   -5.0  1.730
  -117.525  36.3396  -25.0   60.0   -5.0  1.730
  -117.552  36.3396  -22.0   60.0   -5.0  1.730
  -117.579  36.3396  -19.0   60.0   -5.0  1.730
  -117.606  36.3396  -16.0   60.0   -5.0  1.730
  -117.633  36.3396  -13.0   60.0   -5.0  1.730
  -117.660  36.3396  -10.0   60.0   -5.0  1.730
  -117.687  36.3396   -7.0   60.0   -5.0  1.730
  -117.714  36.3396   -4.0   60.0   -5.0  1.730
  -117.741  36.3396   -1.0   60.0   -5.0  1.730
  -117.768  36.3396    2.0   60.0   -5.0  1.730
  -117.795  36.3396    5.0   60.0   -5.0  1.730
  -117.822  36.3396    8.0   60.0   -5.0  1.730
  -117.849  36.3396   11.0   60.0   -5.0  1.730
  -117.876  36.3396   14.0   60.0   -5.0  1.730
  -117.903  36.3396   17.0   60.0   -5.0  1.730
  -117.930  36.3396   20.0   60.0   -5.0  1.730
  -117.957  36.3396   23.0   60.0   -5.0  1.730
  -117.984  36.3396   26.0   60.0   -5.0  1.730
  -118.011  36.3396   29.0   60.0   -5.0  1.730
  -118.038  36.3396   32.0   60.0   -5.0  1.730
  -118.065  36.3396   35.0   60.0   -5.0  1.730
  -118.092  36.3396   38.0   60.0   -5.0  1.730
  -118.119  36.3396   41.0   60.0   -5.0  1.730
  -118.146  36.3396   44.0   60.0   -5.0  1.730
  -118.173  36.3396   47.0   60.0   -5.0  1.730
  -118.200  36.3396   50.0   60.0   -5.0  1.730
  -118.227  36.3396   53.0   60.0   -5.0  1.730
  -118.254  36.3396   56.0   60.0   -5.0  1.730
  -118.281  36.3396   59.0   60.0   -5.0  1.730
  -118.308  36.3396   62.0   60.0   -5.0  1.730
  -118.335  36.3396   65.0   60.0   -5.0  1.730
  -118.362  36.3396   68.0   60.0   -5.0  1.730
  -118.388  36.3396   71.0   60.0   -5.0  1.730
  -117.201  36.3666  -61.0   63.0   -5.0  1.730
  -117.228  36.3666  -58.0   63.0   -5.0  1.730
  -117.255  36.3666  -55.0   63.0   -5.0  1.730
  -117.282  36.3666  -52.0   63.0   -5.0  1.730
  -117.309  36.3666  -49.0   63.0   -5.0  1.730
  -117.336  36.3666  -46.0   63.0   -5.0  1.730
  -117.363  36.3666  -43.0   63.0   -5.0  1.730
  -117.390  36.3666  -40.0   63.0   -5.0  1.730
  -117.417  36.3666  -37.0   63.0   -5.0  1.730
  -117.444  36.3666  -34.0   63.0   -5.0  1.730
  -117.471  36.3666  -31.0   63.0   -5.0  1.730
  -117.498  36.3666  -28.0   63.0   -5.0  1.730
  -117.525  36.3666  -25.0   63.0   -5.0  1.730
  -117.552  36.3666  -22.0   63.0   -5.0  1.730
  -117.579  36.3666  -19.0   63.0   -5.0  1.730
  -117.606  36.3666  -16.0   63.0   -5.0  1.730
  -117.633  36.3666  -13.0   63.0   -5.0  1.730
  -117.660  36.3666  -10.0   63.0   -5.0  1.730
  -117.687  36.3666   -7.0   63.0   -5.0  1.730
  -117.714  36.3666   -4.0   63.0   -5.0  1.730
  -117.741  36.3666   -1.0   63.0   -5.0  1.730
  -117.768  36.3666    2.0   63.0   -5.0  1.730
  -117.795  36.3666    5.0   63.0   -5.0  1.730
  -117.822  36.3666    8.0   63.0   -5.0  1.730
  -117.849  36.3666   11.0   63.0   -5.0  1.730
  -117.876  36.3666   14.0   63.0   -5.0  1.730
  -117.903  36.3666   17.0   63.0   -5.0  1.730
  -117.930  36.3666   20.0   63.0   -5.0  1.730
  -117.957  36.3666   23.0   63.0   -5.0  1.730
  -117.984  36.3666   26.0   63.0   -5.0  1.730
  -118.011  36.3666   29.0   63.0   -5.0  1.730
  -118.038  36.3666   32.0   63.0   -5.0  1.730
  -118.065  36.3666   35.0   63.0   -5.0  1.730
  -118.092  36.3666   38.0   63.0   -5.0  1.730
  -118.119  36.3666   41.0   63.0   -5.0  1.730
  -118.146  36.3666   44.0   63.0   -5.0  1.730
  -118.173  36.3666   47.0   63.0   -5.0  1.730
  -118.200  36.3666   50.0   63.0   -5.0  1.730
  -118.227  36.3666   53.0   63.0   -5.0  1.730
  -118.254  36.3666   56.0   63.0   -5.0  1.730
  -118.281  36.3666   59.0   63.0   -5.0  1.730
  -118.308  36.3666   62.0   63.0   -5.0  1.730
  -118.335  36.3666   65.0   63.0   -5.0  1.730
  -118.362  36.3666   68.0   63.0   -5.0  1.730
  -118.388  36.3666   71.0   63.0   -5.0  1.730
  -117.201  36.3936  -61.0   66.0   -5.0  1.720
  -117.228  36.3936  -58.0   66.0   -5.0  1.720
  -117.255  36.3936  -55.0   66.0   -5.0  1.720
  -117.282  36.3936  -52.0   66.0   -5.0  1.730
  -117.309  36.3936  -49.0   66.0   -5.0  1.730
  -117.336  36.3936  -46.0   66.0   -5.0  1.730
  -117.363  36.3936  -43.0   66.0   -5.0  1.730
  -117.390  36.3936  -40.0   66.0   -5.0  1.730
  -117.417  36.3936  -37.0   66.0   -5.0  1.730
  -117.444  36.3936  -34.0   66.0   -5.0  1.730
  -117.471  36.3936  -31.0   66.0   -5.0  1.730
  -117.498  36.3936  -28.0   66.0   -5.0  1.730
  -117.525  36.3936  -25.0   66.0   -5.0  1.730
  -117.552  36.3936  -22.0   66.0   -5.0  1.730
  -117.579  36.3936  -19.0   66.0   -5.0  1.730
  -117.606  36.3936  -16.0   66.0   -5.0  1.730
  -117.633  36.3936  -13.0   66.0   -5.0  1.730
  -117.660  36.3936  -10.0   66.0   -5.0  1.730
  -117.687  36.3936   -7.0   66.0   -5.0  1.720
  -117.714  36.3936   -4.0   66.0   -5.0  1.730
  -117.741  36.3936   -1.0   66.0   -5.0  1.730
  -117.768  36.3936    2.0   66.0   -5.0  1.730
  -117.795  36.3936    5.0   66.0   -5.0  1.760
  -117.822  36.3936    8.0   66.0   -5.0  1.730
  -117.849  36.3936   11.0   66.0   -5.0  1.730
  -117.876  36.3936   14.0   66.0   -5.0  1.730
  -117.903  36.3936   17.0   66.0   -5.0  1.730
  -117.930  36.3936   20.0   66.0   -5.0  1.730
  -117.957  36.3936   23.0   66.0   -5.0  1.730
  -117.984  36.3936   26.0   66.0   -5.0  1.730
  -118.011  36.3936   29.0   66.0   -5.0  1.730
  -118.038  36.3936   32.0   66.0   -5.0  1.730
  -118.065  36.3936   35.0   66.0   -5.0  1.730
  -118.092  36.3936   38.0   66.0   -5.0  1.730
  -118.119  36.3936   41.0   66.0   -5.0  1.730
  -118.146  36.3936   44.0   66.0   -5.0  1.730
  -118.173  36.3936   47.0   66.0   -5.0  1.730
  -118.200  36.3936   50.0   66.0   -5.0  1.730
  -118.227  36.3936   53.0   66.0   -5.0  1.730
  -118.254  36.3936   56.0   66.0   -5.0  1.730
  -118.281  36.3936   59.0   66.0   -5.0  1.730
  -118.308  36.3936   62.0   66.0   -5.0  1.730
  -118.335  36.3936   65.0   66.0   -5.0  1.730
  -118.362  36.3936   68.0   66.0   -5.0  1.730
  -118.388  36.3936   71.0   66.0   -5.0  1.730
  -117.201  35.5032  -61.0  -33.0    0.0  1.730
  -117.228  35.5032  -58.0  -33.0    0.0  1.730
  -117.255  35.5032  -55.0  -33.0    0.0  1.730
  -117.282  35.5032  -52.0  -33.0    0.0  1.730
  -117.309  35.5032  -49.0  -33.0    0.0  1.730
  -117.336  35.5032  -46.0  -33.0    0.0  1.730
  -117.363  35.5032  -43.0  -33.0    0.0  1.740
  -117.390  35.5032  -40.0  -33.0    0.0  1.770
  -117.417  35.5032  -37.0  -33.0    0.0  1.850
  -117.444  35.5032  -34.0  -33.0    0.0  1.860
  -117.471  35.5032  -31.0  -33.0    0.0  1.830
  -117.498  35.5032  -28.0  -33.0    0.0  1.790
  -117.525  35.5032  -25.0  -33.0    0.0  1.750
  -117.552  35.5032  -22.0  -33.0    0.0  1.740
  -117.579  35.5032  -19.0  -33.0    0.0  1.740
  -117.606  35.5032  -16.0  -33.0    0.0  1.740
  -117.633  35.5032  -13.0  -33.0    0.0  1.740
  -117.660  35.5032  -10.0  -33.0    0.0  1.760
  -117.687  35.5032   -7.0  -33.0    0.0  1.740
  -117.714  35.5032   -4.0  -33.0    0.0  1.790
  -117.741  35.5032   -1.0  -33.0    0.0  1.740
  -117.768  35.5032    2.0  -33.0    0.0  1.740
  -117.795  35.5032    5.0  -33.0    0.0  1.750
  -117.822  35.5032    8.0  -33.0    0.0  1.770
  -117.849  35.5032   11.0  -33.0    0.0  1.730
  -117.876  35.5032   14.0  -33.0    0.0  1.740
  -117.903  35.5032   17.0  -33.0    0.0  1.730
  -117.930  35.5032   20.0  -33.0    0.0  1.730
  -117.957  35.5032   23.0  -33.0    0.0  1.730
  -117.984  35.5032   26.0  -33.0    0.0  1.780
  -118.011  35.5032   29.0  -33.0    0.0  1.750
  -118.038  35.5032   32.0  -33.0    0.0  1.750
  -118.065  35.5032   35.0  -33.0    0.0  1.750
  -118.092  35.5032   38.0  -33.0    0.0  1.740
  -118.119  35.5032   41.0  -33.0    0.0  1.740
  -118.146  35.5032   44.0  -33.0    0.0  1.740
  -118.173  35.5032   47.0  -33.0    0.0  1.740
  -118.200  35.5032   50.0  -33.0    0.0  1.730
  -118.227  35.5032   53.0  -33.0    0.0  1.730
  -118.254  35.5032   56.0  -33.0    0.0  1.730
  -118.281  35.5032   59.0  -33.0    0.0  1.730
  -118.308  35.5032   62.0  -33.0    0.0  1.750
  -118.335  35.5032   65.0  -33.0    0.0  1.770
  -118.362  35.5032   68.0  -33.0    0.0  1.780
  -118.388  35.5032   71.0  -33.0    0.0  1.800
  -117.201  35.5302  -61.0  -30.0    0.0  1.730
  -117.228  35.5302  -58.0  -30.0    0.0  1.730
  -117.255  35.5302  -55.0  -30.0    0.0  1.730
  -117.282  35.5302  -52.0  -30.0    0.0  1.730
  -117.309  35.5302  -49.0  -30.0    0.0  1.730
  -117.336  35.5302  -46.0  -30.0    0.0  1.720
  -117.363  35.5302  -43.0  -30.0    0.0  1.710
  -117.390  35.5302  -40.0  -30.0    0.0  1.800
  -117.417  35.5302  -37.0  -30.0    0.0  1.950
  -117.444  35.5302  -34.0  -30.0    0.0  1.850
  -117.471  35.5302  -31.0  -30.0    0.0  1.870
  -117.498  35.5302  -28.0  -30.0    0.0  1.850
  -117.525  35.5302  -25.0  -30.0    0.0  1.760
  -117.552  35.5302  -22.0  -30.0    0.0  1.740
  -117.579  35.5302  -19.0  -30.0    0.0  1.740
  -117.606  35.5302  -16.0  -30.0    0.0  1.740
  -117.633  35.5302  -13.0  -30.0    0.0  1.750
  -117.660  35.5302  -10.0  -30.0    0.0  1.770
  -117.687  35.5302   -7.0  -30.0    0.0  1.860
  -117.714  35.5302   -4.0  -30.0    0.0  1.800
  -117.741  35.5302   -1.0  -30.0    0.0  1.760
  -117.768  35.5302    2.0  -30.0    0.0  1.740
  -117.795  35.5302    5.0  -30.0    0.0  1.740
  -117.822  35.5302    8.0  -30.0    0.0  1.740
  -117.849  35.5302   11.0  -30.0    0.0  1.730
  -117.876  35.5302   14.0  -30.0    0.0  1.730
  -117.903  35.5302   17.0  -30.0    0.0  1.730
  -117.930  35.5302   20.0  -30.0    0.0  1.730
  -117.957  35.5302   23.0  -30.0    0.0  1.730
  -117.984  35.5302   26.0  -30.0    0.0  1.740
  -118.011  35.5302   29.0  -30.0    0.0  1.760
  -118.038  35.5302   32.0  -30.0    0.0  1.780
  -118.065  35.5302   35.0  -30.0    0.0  1.800
  -118.092  35.5302   38.0  -30.0    0.0  1.780
  -118.119  35.5302   41.0  -30.0    0.0  1.760
  -118.146  35.5302   44.0  -30.0    0.0  1.750
  -118.173  35.5302   47.0  -30.0    0.0  1.740
  -118.200  35.5302   50.0  -30.0    0.0  1.730
  -118.227  35.5302   53.0  -30.0    0.0  1.730
  -118.254  35.5302   56.0  -30.0    0.0  1.730
  -118.281  35.5302   59.0  -30.0    0.0  1.730
  -118.308  35.5302   62.0  -30.0    0.0  1.740
  -118.335  35.5302   65.0  -30.0    0.0  1.770
  -118.362  35.5302   68.0  -30.0    0.0  1.820
  -118.388  35.5302   71.0  -30.0    0.0  1.790
  -117.201  35.5572  -61.0  -27.0    0.0  1.730
  -117.228  35.5572  -58.0  -27.0    0.0  1.730
  -117.255  35.5572  -55.0  -27.0    0.0  1.730
  -117.282  35.5572  -52.0  -27.0    0.0  1.730
  -117.309  35.5572  -49.0  -27.0    0.0  1.730
  -117.336  35.5572  -46.0  -27.0    0.0  1.730
  -117.363  35.5572  -43.0  -27.0    0.0  1.720
  -117.390  35.5572  -40.0  -27.0    0.0  1.780
  -117.417  35.5572  -37.0  -27.0    0.0  1.860
  -117.444  35.5572  -34.0  -27.0    0.0  1.830
  -117.471  35.5572  -31.0  -27.0    0.0  1.710
  -117.498  35.5572  -28.0  -27.0    0.0  1.790
  -117.525  35.5572  -25.0  -27.0    0.0  1.760
  -117.552  35.5572  -22.0  -27.0    0.0  1.750
  -117.579  35.5572  -19.0  -27.0    0.0  1.760
  -117.606  35.5572  -16.0  -27.0    0.0  1.770
  -117.633  35.5572  -13.0  -27.0    0.0  1.770
  -117.660  35.5572  -10.0  -27.0    0.0  1.780
  -117.687  35.5572   -7.0  -27.0    0.0  1.790
  -117.714  35.5572   -4.0  -27.0    0.0  1.770
  -117.741  35.5572   -1.0  -27.0    0.0  1.750
  -117.768  35.5572    2.0  -27.0    0.0  1.740
  -117.795  35.5572    5.0  -27.0    0.0  1.740
  -117.822  35.5572    8.0  -27.0    0.0  1.700
  -117.849  35.5572   11.0  -27.0    0.0  1.640
  -117.876  35.5572   14.0  -27.0    0.0  1.630
  -117.903  35.5572   17.0  -27.0    0.0  1.640
  -117.930  35.5572   20.0  -27.0    0.0  1.670
  -117.957  35.5572   23.0  -27.0    0.0  1.720
  -117.984  35.5572   26.0  -27.0    0.0  1.740
  -118.011  35.5572   29.0  -27.0    0.0  1.780
  -118.038  35.5572   32.0  -27.0    0.0  1.810
  -118.065  35.5572   35.0  -27.0    0.0  1.800
  -118.092  35.5572   38.0  -27.0    0.0  1.790
  -118.119  35.5572   41.0  -27.0    0.0  1.770
  -118.146  35.5572   44.0  -27.0    0.0  1.750
  -118.173  35.5572   47.0  -27.0    0.0  1.740
  -118.200  35.5572   50.0  -27.0    0.0  1.730
  -118.227  35.5572   53.0  -27.0    0.0  1.740
  -118.254  35.5572   56.0  -27.0    0.0  1.740
  -118.281  35.5572   59.0  -27.0    0.0  1.750
  -118.308  35.5572   62.0  -27.0    0.0  1.760
  -118.335  35.5572   65.0  -27.0    0.0  1.770
  -118.362  35.5572   68.0  -27.0    0.0  1.770
  -118.388  35.5572   71.0  -27.0    0.0  1.740
  -117.201  35.5842  -61.0  -24.0    0.0  1.730
  -117.228  35.5842  -58.0  -24.0    0.0  1.730
  -117.255  35.5842  -55.0  -24.0    0.0  1.730
  -117.282  35.5842  -52.0  -24.0    0.0  1.730
  -117.309  35.5842  -49.0  -24.0    0.0  1.730
  -117.336  35.5842  -46.0  -24.0    0.0  1.730
  -117.363  35.5842  -43.0  -24.0    0.0  1.730
  -117.390  35.5842  -40.0  -24.0    0.0  1.750
  -117.417  35.5842  -37.0  -24.0    0.0  1.790
  -117.444  35.5842  -34.0  -24.0    0.0  1.780
  -117.471  35.5842  -31.0  -24.0    0.0  1.730
  -117.498  35.5842  -28.0  -24.0    0.0  1.720
  -117.525  35.5842  -25.0  -24.0    0.0  1.830
  -117.552  35.5842  -22.0  -24.0    0.0  1.750
  -117.579  35.5842  -19.0  -24.0    0.0  1.790
  -117.606  35.5842  -16.0  -24.0    0.0  1.800
  -117.633  35.5842  -13.0  -24.0    0.0  1.800
  -117.660  35.5842  -10.0  -24.0    0.0  1.780
  -117.687  35.5842   -7.0  -24.0    0.0  1.770
  -117.714  35.5842   -4.0  -24.0    0.0  1.750
  -117.741  35.5842   -1.0  -24.0    0.0  1.740
  -117.768  35.5842    2.0  -24.0    0.0  1.730
  -117.795  35.5842    5.0  -24.0    0.0  1.730
  -117.822  35.5842    8.0  -24.0    0.0  1.660
  -117.849  35.5842   11.0  -24.0    0.0  1.560
  -117.876  35.5842   14.0  -24.0    0.0  1.530
  -117.903  35.5842   17.0  -24.0    0.0  1.550
  -117.930  35.5842   20.0  -24.0    0.0  1.620
  -117.957  35.5842   23.0  -24.0    0.0  1.700
  -117.984  35.5842   26.0  -24.0    0.0  1.750
  -118.011  35.5842   29.0  -24.0    0.0  1.780
  -118.038  35.5842   32.0  -24.0    0.0  1.780
  -118.065  35.5842   35.0  -24.0    0.0  1.780
  -118.092  35.5842   38.0  -24.0    0.0  1.790
  -118.119  35.5842   41.0  -24.0    0.0  1.780
  -118.146  35.5842   44.0  -24.0    0.0  1.760
  -118.173  35.5842   47.0  -24.0    0.0  1.730
  -118.200  35.5842   50.0  -24.0    0.0  1.730
  -118.227  35.5842   53.0  -24.0    0.0  1.740
  -118.254  35.5842   56.0  -24.0    0.0  1.750
  -118.281  35.5842   59.0  -24.0    0.0  1.770
  -118.308  35.5842   62.0  -24.0    0.0  1.770
  -118.335  35.5842   65.0  -24.0    0.0  1.770
  -118.362  35.5842   68.0  -24.0    0.0  1.760
  -118.388  35.5842   71.0  -24.0    0.0  1.750
  -117.201  35.6111  -61.0  -21.0    0.0  1.730
  -117.228  35.6111  -58.0  -21.0    0.0  1.730
  -117.255  35.6111  -55.0  -21.0    0.0  1.730
  -117.282  35.6111  -52.0  -21.0    0.0  1.730
  -117.309  35.6111  -49.0  -21.0    0.0  1.730
  -117.336  35.6111  -46.0  -21.0    0.0  1.730
  -117.363  35.6111  -43.0  -21.0    0.0  1.730
  -117.390  35.6111  -40.0  -21.0    0.0  1.740
  -117.417  35.6111  -37.0  -21.0    0.0  1.760
  -117.444  35.6111  -34.0  -21.0    0.0  1.750
  -117.471  35.6111  -31.0  -21.0    0.0  1.730
  -117.498  35.6111  -28.0  -21.0    0.0  1.760
  -117.525  35.6111  -25.0  -21.0    0.0  1.880
  -117.552  35.6111  -22.0  -21.0    0.0  1.770
  -117.579  35.6111  -19.0  -21.0    0.0  1.810
  -117.606  35.6111  -16.0  -21.0    0.0  1.820
  -117.633  35.6111  -13.0  -21.0    0.0  1.800
  -117.660  35.6111  -10.0  -21.0    0.0  1.770
  -117.687  35.6111   -7.0  -21.0    0.0  1.740
  -117.714  35.6111   -4.0  -21.0    0.0  1.720
  -117.741  35.6111   -1.0  -21.0    0.0  1.710
  -117.768  35.6111    2.0  -21.0    0.0  1.710
  -117.795  35.6111    5.0  -21.0    0.0  1.730
  -117.822  35.6111    8.0  -21.0    0.0  1.670
  -117.849  35.6111   11.0  -21.0    0.0  1.610
  -117.876  35.6111   14.0  -21.0    0.0  1.520
  -117.903  35.6111   17.0  -21.0    0.0  1.570
  -117.930  35.6111   20.0  -21.0    0.0  1.630
  -117.957  35.6111   23.0  -21.0    0.0  1.700
  -117.984  35.6111   26.0  -21.0    0.0  1.740
  -118.011  35.6111   29.0  -21.0    0.0  1.750
  -118.038  35.6111   32.0  -21.0    0.0  1.750
  -118.065  35.6111   35.0  -21.0    0.0  1.750
  -118.092  35.6111   38.0  -21.0    0.0  1.760
  -118.119  35.6111   41.0  -21.0    0.0  1.750
  -118.146  35.6111   44.0  -21.0    0.0  1.750
  -118.173  35.6111   47.0  -21.0    0.0  1.740
  -118.200  35.6111   50.0  -21.0    0.0  1.730
  -118.227  35.6111   53.0  -21.0    0.0  1.720
  -118.254  35.6111   56.0  -21.0    0.0  1.710
  -118.281  35.6111   59.0  -21.0    0.0  1.710
  -118.308  35.6111   62.0  -21.0    0.0  1.710
  -118.335  35.6111   65.0  -21.0    0.0  1.730
  -118.362  35.6111   68.0  -21.0    0.0  1.740
  -118.388  35.6111   71.0  -21.0    0.0  1.750
  -117.201  35.6381  -61.0  -18.0    0.0  1.730
  -117.228  35.6381  -58.0  -18.0    0.0  1.730
  -117.255  35.6381  -55.0  -18.0    0.0  1.730
  -117.282  35.6381  -52.0  -18.0    0.0  1.730
  -117.309  35.6381  -49.0  -18.0    0.0  1.730
  -117.336  35.6381  -46.0  -18.0    0.0  1.730
  -117.363  35.6381  -43.0  -18.0    0.0  1.730
  -117.390  35.6381  -40.0  -18.0    0.0  1.730
  -117.417  35.6381  -37.0  -18.0    0.0  1.730
  -117.444  35.6381  -34.0  -18.0    0.0  1.720
  -117.471  35.6381  -31.0  -18.0    0.0  1.710
  -117.498  35.6381  -28.0  -18.0    0.0  1.730
  -117.525  35.6381  -25.0  -18.0    0.0  1.790
  -117.552  35.6381  -22.0  -18.0    0.0  1.740
  -117.579  35.6381  -19.0  -18.0    0.0  1.860
  -117.606  35.6381  -16.0  -18.0    0.0  1.840
  -117.633  35.6381  -13.0  -18.0    0.0  1.800
  -117.660  35.6381  -10.0  -18.0    0.0  1.760
  -117.687  35.6381   -7.0  -18.0    0.0  1.710
  -117.714  35.6381   -4.0  -18.0    0.0  1.690
  -117.741  35.6381   -1.0  -18.0    0.0  1.680
  -117.768  35.6381    2.0  -18.0    0.0  1.700
  -117.795  35.6381    5.0  -18.0    0.0  1.730
  -117.822  35.6381    8.0  -18.0    0.0  1.710
  -117.849  35.6381   11.0  -18.0    0.0  1.590
  -117.876  35.6381   14.0  -18.0    0.0  1.460
  -117.903  35.6381   17.0  -18.0    0.0  1.620
  -117.930  35.6381   20.0  -18.0    0.0  1.650
  -117.957  35.6381   23.0  -18.0    0.0  1.710
  -117.984  35.6381   26.0  -18.0    0.0  1.730
  -118.011  35.6381   29.0  -18.0    0.0  1.730
  -118.038  35.6381   32.0  -18.0    0.0  1.720
  -118.065  35.6381   35.0  -18.0    0.0  1.730
  -118.092  35.6381   38.0  -18.0    0.0  1.730
  -118.119  35.6381   41.0  -18.0    0.0  1.730
  -118.146  35.6381   44.0  -18.0    0.0  1.730
  -118.173  35.6381   47.0  -18.0    0.0  1.750
  -118.200  35.6381   50.0  -18.0    0.0  1.730
  -118.227  35.6381   53.0  -18.0    0.0  1.700
  -118.254  35.6381   56.0  -18.0    0.0  1.670
  -118.281  35.6381   59.0  -18.0    0.0  1.650
  -118.308  35.6381   62.0  -18.0    0.0  1.660
  -118.335  35.6381   65.0  -18.0    0.0  1.690
  -118.362  35.6381   68.0  -18.0    0.0  1.720
  -118.388  35.6381   71.0  -18.0    0.0  1.760
  -117.201  35.6651  -61.0  -15.0    0.0  1.730
  -117.228  35.6651  -58.0  -15.0    0.0  1.730
  -117.255  35.6651  -55.0  -15.0    0.0  1.730
  -117.282  35.6651  -52.0  -15.0    0.0  1.730
  -117.309  35.6651  -49.0  -15.0    0.0  1.730
  -117.336  35.6651  -46.0  -15.0    0.0  1.730
  -117.363  35.6651  -43.0  -15.0    0.0  1.730
  -117.390  35.6651  -40.0  -15.0    0.0  1.730
  -117.417  35.6651  -37.0  -15.0    0.0  1.730
  -117.444  35.6651  -34.0  -15.0    0.0  1.730
  -117.471  35.6651  -31.0  -15.0    0.0  1.720
  -117.498  35.6651  -28.0  -15.0    0.0  1.730
  -117.525  35.6651  -25.0  -15.0    0.0  1.760
  -117.552  35.6651  -22.0  -15.0    0.0  1.740
  -117.579  35.6651  -19.0  -15.0    0.0  1.840
  -117.606  35.6651  -16.0  -15.0    0.0  1.820
  -117.633  35.6651  -13.0  -15.0    0.0  1.780
  -117.660  35.6651  -10.0  -15.0    0.0  1.740
  -117.687  35.6651   -7.0  -15.0    0.0  1.700
  -117.714  35.6651   -4.0  -15.0    0.0  1.600
  -117.741  35.6651   -1.0  -15.0    0.0  1.490
  -117.768  35.6651    2.0  -15.0    0.0  1.530
  -117.795  35.6651    5.0  -15.0    0.0  1.640
  -117.822  35.6651    8.0  -15.0    0.0  1.670
  -117.849  35.6651   11.0  -15.0    0.0  1.650
  -117.876  35.6651   14.0  -15.0    0.0  1.630
  -117.903  35.6651   17.0  -15.0    0.0  1.660
  -117.930  35.6651   20.0  -15.0    0.0  1.690
  -117.957  35.6651   23.0  -15.0    0.0  1.710
  -117.984  35.6651   26.0  -15.0    0.0  1.720
  -118.011  35.6651   29.0  -15.0    0.0  1.720
  -118.038  35.6651   32.0  -15.0    0.0  1.720
  -118.065  35.6651   35.0  -15.0    0.0  1.720
  -118.092  35.6651   38.0  -15.0    0.0  1.720
  -118.119  35.6651   41.0  -15.0    0.0  1.720
  -118.146  35.6651   44.0  -15.0    0.0  1.720
  -118.173  35.6651   47.0  -15.0    0.0  1.720
  -118.200  35.6651   50.0  -15.0    0.0  1.700
  -118.227  35.6651   53.0  -15.0    0.0  1.680
  -118.254  35.6651   56.0  -15.0    0.0  1.660
  -118.281  35.6651   59.0  -15.0    0.0  1.670
  -118.308  35.6651   62.0  -15.0    0.0  1.690
  -118.335  35.6651   65.0  -15.0    0.0  1.720
  -118.362  35.6651   68.0  -15.0    0.0  1.720
  -118.388  35.6651   71.0  -15.0    0.0  1.730
  -117.201  35.6921  -61.0  -12.0    0.0  1.730
  -117.228  35.6921  -58.0  -12.0    0.0  1.730
  -117.255  35.6921  -55.0  -12.0    0.0  1.730
  -117.282  35.6921  -52.0  -12.0    0.0  1.730
  -117.309  35.6921  -49.0  -12.0    0.0  1.730
  -117.336  35.6921  -46.0  -12.0    0.0  1.730
  -117.363  35.6921  -43.0  -12.0    0.0  1.730
  -117.390  35.6921  -40.0  -12.0    0.0  1.730
  -117.417  35.6921  -37.0  -12.0    0.0  1.730
  -117.444  35.6921  -34.0  -12.0    0.0  1.730
  -117.471  35.6921  -31.0  -12.0    0.0  1.730
  -117.498  35.6921  -28.0  -12.0    0.0  1.730
  -117.525  35.6921  -25.0  -12.0    0.0  1.730
  -117.552  35.6921  -22.0  -12.0    0.0  1.750
  -117.579  35.6921  -19.0  -12.0    0.0  1.810
  -117.606  35.6921  -16.0  -12.0    0.0  1.800
  -117.633  35.6921  -13.0  -12.0    0.0  1.780
  -117.660  35.6921  -10.0  -12.0    0.0  1.730
  -117.687  35.6921   -7.0  -12.0    0.0  1.680
  -117.714  35.6921   -4.0  -12.0    0.0  1.540
  -117.741  35.6921   -1.0  -12.0    0.0  1.050
  -117.768  35.6921    2.0  -12.0    0.0  1.230
  -117.795  35.6921    5.0  -12.0    0.0  1.560
  -117.822  35.6921    8.0  -12.0    0.0  1.680
  -117.849  35.6921   11.0  -12.0    0.0  1.790
  -117.876  35.6921   14.0  -12.0    0.0  1.790
  -117.903  35.6921   17.0  -12.0    0.0  1.760
  -117.930  35.6921   20.0  -12.0    0.0  1.740
  -117.957  35.6921   23.0  -12.0    0.0  1.720
  -117.984  35.6921   26.0  -12.0    0.0  1.710
  -118.011  35.6921   29.0  -12.0    0.0  1.710
  -118.038  35.6921   32.0  -12.0    0.0  1.700
  -118.065  35.6921   35.0  -12.0    0.0  1.700
  -118.092  35.6921   38.0  -12.0    0.0  1.730
  -118.119  35.6921   41.0  -12.0    0.0  1.750
  -118.146  35.6921   44.0  -12.0    0.0  1.740
  -118.173  35.6921   47.0  -12.0    0.0  1.680
  -118.200  35.6921   50.0  -12.0    0.0  1.630
  -118.227  35.6921   53.0  -12.0    0.0  1.590
  -118.254  35.6921   56.0  -12.0    0.0  1.670
  -118.281  35.6921   59.0  -12.0    0.0  1.690
  -118.308  35.6921   62.0  -12.0    0.0  1.720
  -118.335  35.6921   65.0  -12.0    0.0  1.730
  -118.362  35.6921   68.0  -12.0    0.0  1.730
  -118.388  35.6921   71.0  -12.0    0.0  1.710
  -117.201  35.7191  -61.0   -9.0    0.0  1.730
  -117.228  35.7191  -58.0   -9.0    0.0  1.730
  -117.255  35.7191  -55.0   -9.0    0.0  1.730
  -117.282  35.7191  -52.0   -9.0    0.0  1.730
  -117.309  35.7191  -49.0   -9.0    0.0  1.730
  -117.336  35.7191  -46.0   -9.0    0.0  1.730
  -117.363  35.7191  -43.0   -9.0    0.0  1.730
  -117.390  35.7191  -40.0   -9.0    0.0  1.730
  -117.417  35.7191  -37.0   -9.0    0.0  1.730
  -117.444  35.7191  -34.0   -9.0    0.0  1.730
  -117.471  35.7191  -31.0   -9.0    0.0  1.730
  -117.498  35.7191  -28.0   -9.0    0.0  1.730
  -117.525  35.7191  -25.0   -9.0    0.0  1.730
  -117.552  35.7191  -22.0   -9.0    0.0  1.760
  -117.579  35.7191  -19.0   -9.0    0.0  1.800
  -117.606  35.7191  -16.0   -9.0    0.0  1.800
  -117.633  35.7191  -13.0   -9.0    0.0  1.840
  -117.660  35.7191  -10.0   -9.0    0.0  1.850
  -117.687  35.7191   -7.0   -9.0    0.0  1.750
  -117.714  35.7191   -4.0   -9.0    0.0  1.630
  -117.741  35.7191   -1.0   -9.0    0.0  1.250
  -117.768  35.7191    2.0   -9.0    0.0  1.440
  -117.795  35.7191    5.0   -9.0    0.0  1.610
  -117.822  35.7191    8.0   -9.0    0.0  1.710
  -117.849  35.7191   11.0   -9.0    0.0  1.810
  -117.876  35.7191   14.0   -9.0    0.0  1.810
  -117.903  35.7191   17.0   -9.0    0.0  1.760
  -117.930  35.7191   20.0   -9.0    0.0  1.730
  -117.957  35.7191   23.0   -9.0    0.0  1.720
  -117.984  35.7191   26.0   -9.0    0.0  1.710
  -118.011  35.7191   29.0   -9.0    0.0  1.710
  -118.038  35.7191   32.0   -9.0    0.0  1.730
  -118.065  35.7191   35.0   -9.0    0.0  1.720
  -118.092  35.7191   38.0   -9.0    0.0  1.720
  -118.119  35.7191   41.0   -9.0    0.0  1.730
  -118.146  35.7191   44.0   -9.0    0.0  1.700
  -118.173  35.7191   47.0   -9.0    0.0  1.650
  -118.200  35.7191   50.0   -9.0    0.0  1.660
  -118.227  35.7191   53.0   -9.0    0.0  1.670
  -118.254  35.7191   56.0   -9.0    0.0  1.670
  -118.281  35.7191   59.0   -9.0    0.0  1.680
  -118.308  35.7191   62.0   -9.0    0.0  1.700
  -118.335  35.7191   65.0   -9.0    0.0  1.740
  -118.362  35.7191   68.0   -9.0    0.0  1.750
  -118.388  35.7191   71.0   -9.0    0.0  1.730
  -117.201  35.7460  -61.0   -6.0    0.0  1.740
  -117.228  35.7460  -58.0   -6.0    0.0  1.730
  -117.255  35.7460  -55.0   -6.0    0.0  1.730
  -117.282  35.7460  -52.0   -6.0    0.0  1.730
  -117.309  35.7460  -49.0   -6.0    0.0  1.730
  -117.336  35.7460  -46.0   -6.0    0.0  1.730
  -117.363  35.7460  -43.0   -6.0    0.0  1.730
  -117.390  35.7460  -40.0   -6.0    0.0  1.730
  -117.417  35.7460  -37.0   -6.0    0.0  1.730
  -117.444  35.7460  -34.0   -6.0    0.0  1.730
  -117.471  35.7460  -31.0   -6.0    0.0  1.730
  -117.498  35.7460  -28.0   -6.0    0.0  1.730
  -117.525  35.7460  -25.0   -6.0    0.0  1.730
  -117.552  35.7460  -22.0   -6.0    0.0  1.750
  -117.579  35.7460  -19.0   -6.0    0.0  1.780
  -117.606  35.7460  -16.0   -6.0    0.0  1.810
  -117.633  35.7460  -13.0   -6.0    0.0  1.830
  -117.660  35.7460  -10.0   -6.0    0.0  1.900
  -117.687  35.7460   -7.0   -6.0    0.0  1.770
  -117.714  35.7460   -4.0   -6.0    0.0  1.690
  -117.741  35.7460   -1.0   -6.0    0.0  1.660
  -117.768  35.7460    2.0   -6.0    0.0  1.690
  -117.795  35.7460    5.0   -6.0    0.0  1.710
  -117.822  35.7460    8.0   -6.0    0.0  1.720
  -117.849  35.7460   11.0   -6.0    0.0  1.730
  -117.876  35.7460   14.0   -6.0    0.0  1.730
  -117.903  35.7460   17.0   -6.0    0.0  1.720
  -117.930  35.7460   20.0   -6.0    0.0  1.720
  -117.957  35.7460   23.0   -6.0    0.0  1.710
  -117.984  35.7460   26.0   -6.0    0.0  1.700
  -118.011  35.7460   29.0   -6.0    0.0  1.760
  -118.038  35.7460   32.0   -6.0    0.0  1.720
  -118.065  35.7460   35.0   -6.0    0.0  1.730
  -118.092  35.7460   38.0   -6.0    0.0  1.730
  -118.119  35.7460   41.0   -6.0    0.0  1.690
  -118.146  35.7460   44.0   -6.0    0.0  1.670
  -118.173  35.7460   47.0   -6.0    0.0  1.680
  -118.200  35.7460   50.0   -6.0    0.0  1.680
  -118.227  35.7460   53.0   -6.0    0.0  1.680
  -118.254  35.7460   56.0   -6.0    0.0  1.680
  -118.281  35.7460   59.0   -6.0    0.0  1.660
  -118.308  35.7460   62.0   -6.0    0.0  1.690
  -118.335  35.7460   65.0   -6.0    0.0  1.740
  -118.362  35.7460   68.0   -6.0    0.0  1.760
  -118.388  35.7460   71.0   -6.0    0.0  1.770
  -117.201  35.7730  -61.0   -3.0    0.0  1.730
  -117.228  35.7730  -58.0   -3.0    0.0  1.730
  -117.255  35.7730  -55.0   -3.0    0.0  1.730
  -117.282  35.7730  -52.0   -3.0    0.0  1.730
  -117.309  35.7730  -49.0   -3.0    0.0  1.730
  -117.336  35.7730  -46.0   -3.0    0.0  1.730
  -117.363  35.7730  -43.0   -3.0    0.0  1.730
  -117.390  35.7730  -40.0   -3.0    0.0  1.730
  -117.417  35.7730  -37.0   -3.0    0.0  1.730
  -117.444  35.7730  -34.0   -3.0    0.0  1.730
  -117.471  35.7730  -31.0   -3.0    0.0  1.730
  -117.498  35.7730  -28.0   -3.0    0.0  1.730
  -117.525  35.7730  -25.0   -3.0    0.0  1.730
  -117.552  35.7730  -22.0   -3.0    0.0  1.750
  -117.579  35.7730  -19.0   -3.0    0.0  1.790
  -117.606  35.7730  -16.0   -3.0    0.0  1.840
  -117.633  35.7730  -13.0   -3.0    0.0  1.830
  -117.660  35.7730  -10.0   -3.0    0.0  1.830
  -117.687  35.7730   -7.0   -3.0    0.0  1.740
  -117.714  35.7730   -4.0   -3.0    0.0  1.640
  -117.741  35.7730   -1.0   -3.0    0.0  1.490
  -117.768  35.7730    2.0   -3.0    0.0  1.490
  -117.795  35.7730    5.0   -3.0    0.0  1.600
  -117.822  35.7730    8.0   -3.0    0.0  1.660
  -117.849  35.7730   11.0   -3.0    0.0  1.700
  -117.876  35.7730   14.0   -3.0    0.0  1.710
  -117.903  35.7730   17.0   -3.0    0.0  1.690
  -117.930  35.7730   20.0   -3.0    0.0  1.700
  -117.957  35.7730   23.0   -3.0    0.0  1.740
  -117.984  35.7730   26.0   -3.0    0.0  1.760
  -118.011  35.7730   29.0   -3.0    0.0  1.720
  -118.038  35.7730   32.0   -3.0    0.0  1.720
  -118.065  35.7730   35.0   -3.0    0.0  1.740
  -118.092  35.7730   38.0   -3.0    0.0  1.730
  -118.119  35.7730   41.0   -3.0    0.0  1.710
  -118.146  35.7730   44.0   -3.0    0.0  1.700
  -118.173  35.7730   47.0   -3.0    0.0  1.690
  -118.200  35.7730   50.0   -3.0    0.0  1.700
  -118.227  35.7730   53.0   -3.0    0.0  1.700
  -118.254  35.7730   56.0   -3.0    0.0  1.680
  -118.281  35.7730   59.0   -3.0    0.0  1.640
  -118.308  35.7730   62.0   -3.0    0.0  1.670
  -118.335  35.7730   65.0   -3.0    0.0  1.720
  -118.362  35.7730   68.0   -3.0    0.0  1.740
  -118.388  35.7730   71.0   -3.0    0.0  1.740
  -117.201  35.8000  -61.0    0.0    0.0  1.730
  -117.228  35.8000  -58.0    0.0    0.0  1.730
  -117.255  35.8000  -55.0    0.0    0.0  1.730
  -117.282  35.8000  -52.0    0.0    0.0  1.730
  -117.309  35.8000  -49.0    0.0    0.0  1.730
  -117.336  35.8000  -46.0    0.0    0.0  1.730
  -117.363  35.8000  -43.0    0.0    0.0  1.730
  -117.390  35.8000  -40.0    0.0    0.0  1.730
  -117.417  35.8000  -37.0    0.0    0.0  1.730
  -117.444  35.8000  -34.0    0.0    0.0  1.730
  -117.471  35.8000  -31.0    0.0    0.0  1.730
  -117.498  35.8000  -28.0    0.0    0.0  1.730
  -117.525  35.8000  -25.0    0.0    0.0  1.720
  -117.552  35.8000  -22.0    0.0    0.0  1.750
  -117.579  35.8000  -19.0    0.0    0.0  1.810
  -117.606  35.8000  -16.0    0.0    0.0  1.880
  -117.633  35.8000  -13.0    0.0    0.0  1.820
  -117.660  35.8000  -10.0    0.0    0.0  1.860
  -117.687  35.8000   -7.0    0.0    0.0  1.720
  -117.714  35.8000   -4.0    0.0    0.0  1.510
  -117.741  35.8000   -1.0    0.0    0.0  1.130
  -117.768  35.8000    2.0    0.0    0.0  1.060
  -117.795  35.8000    5.0    0.0    0.0  1.430
  -117.822  35.8000    8.0    0.0    0.0  1.610
  -117.849  35.8000   11.0    0.0    0.0  1.680
  -117.876  35.8000   14.0    0.0    0.0  1.680
  -117.903  35.8000   17.0    0.0    0.0  1.650
  -117.930  35.8000   20.0    0.0    0.0  1.680
  -117.957  35.8000   23.0    0.0    0.0  1.720
  -117.984  35.8000   26.0    0.0    0.0  1.750
  -118.011  35.8000   29.0    0.0    0.0  1.750
  -118.038  35.8000   32.0    0.0    0.0  1.750
  -118.065  35.8000   35.0    0.0    0.0  1.750
  -118.092  35.8000   38.0    0.0    0.0  1.740
  -118.119  35.8000   41.0    0.0    0.0  1.730
  -118.146  35.8000   44.0    0.0    0.0  1.730
  -118.173  35.8000   47.0    0.0    0.0  1.720
  -118.200  35.8000   50.0    0.0    0.0  1.720
  -118.227  35.8000   53.0    0.0    0.0  1.720
  -118.254  35.8000   56.0    0.0    0.0  1.680
  -118.281  35.8000   59.0    0.0    0.0  1.620
  -118.308  35.8000   62.0    0.0    0.0  1.640
  -118.335  35.8000   65.0    0.0    0.0  1.680
  -118.362  35.8000   68.0    0.0    0.0  1.700
  -118.388  35.8000   71.0    0.0    0.0  1.700
  -117.201  35.8270  -61.0    3.0    0.0  1.730
  -117.228  35.8270  -58.0    3.0    0.0  1.730
  -117.255  35.8270  -55.0    3.0    0.0  1.730
  -117.282  35.8270  -52.0    3.0    0.0  1.730
  -117.309  35.8270  -49.0    3.0    0.0  1.720
  -117.336  35.8270  -46.0    3.0    0.0  1.720
  -117.363  35.8270  -43.0    3.0    0.0  1.730
  -117.390  35.8270  -40.0    3.0    0.0  1.730
  -117.417  35.8270  -37.0    3.0    0.0  1.730
  -117.444  35.8270  -34.0    3.0    0.0  1.730
  -117.471  35.8270  -31.0    3.0    0.0  1.730
  -117.498  35.8270  -28.0    3.0    0.0  1.730
  -117.525  35.8270  -25.0    3.0    0.0  1.730
  -117.552  35.8270  -22.0    3.0    0.0  1.740
  -117.579  35.8270  -19.0    3.0    0.0  1.780
  -117.606  35.8270  -16.0    3.0    0.0  1.800
  -117.633  35.8270  -13.0    3.0    0.0  1.850
  -117.660  35.8270  -10.0    3.0    0.0  1.870
  -117.687  35.8270   -7.0    3.0    0.0  1.760
  -117.714  35.8270   -4.0    3.0    0.0  1.570
  -117.741  35.8270   -1.0    3.0    0.0  1.310
  -117.768  35.8270    2.0    3.0    0.0  1.380
  -117.795  35.8270    5.0    3.0    0.0  1.510
  -117.822  35.8270    8.0    3.0    0.0  1.650
  -117.849  35.8270   11.0    3.0    0.0  1.850
  -117.876  35.8270   14.0    3.0    0.0  1.750
  -117.903  35.8270   17.0    3.0    0.0  1.620
  -117.930  35.8270   20.0    3.0    0.0  1.700
  -117.957  35.8270   23.0    3.0    0.0  1.730
  -117.984  35.8270   26.0    3.0    0.0  1.730
  -118.011  35.8270   29.0    3.0    0.0  1.760
  -118.038  35.8270   32.0    3.0    0.0  1.730
  -118.065  35.8270   35.0    3.0    0.0  1.720
  -118.092  35.8270   38.0    3.0    0.0  1.720
  -118.119  35.8270   41.0    3.0    0.0  1.730
  -118.146  35.8270   44.0    3.0    0.0  1.730
  -118.173  35.8270   47.0    3.0    0.0  1.730
  -118.200  35.8270   50.0    3.0    0.0  1.720
  -118.227  35.8270   53.0    3.0    0.0  1.720
  -118.254  35.8270   56.0    3.0    0.0  1.690
  -118.281  35.8270   59.0    3.0    0.0  1.650
  -118.308  35.8270   62.0    3.0    0.0  1.670
  -118.335  35.8270   65.0    3.0    0.0  1.700
  -118.362  35.8270   68.0    3.0    0.0  1.720
  -118.388  35.8270   71.0    3.0    0.0  1.720
  -117.201  35.8540  -61.0    6.0    0.0  1.730
  -117.228  35.8540  -58.0    6.0    0.0  1.730
  -117.255  35.8540  -55.0    6.0    0.0  1.730
  -117.282  35.8540  -52.0    6.0    0.0  1.720
  -117.309  35.8540  -49.0    6.0    0.0  1.700
  -117.336  35.8540  -46.0    6.0    0.0  1.710
  -117.363  35.8540  -43.0    6.0    0.0  1.720
  -117.390  35.8540  -40.0    6.0    0.0  1.700
  -117.417  35.8540  -37.0    6.0    0.0  1.720
  -117.444  35.8540  -34.0    6.0    0.0  1.730
  -117.471  35.8540  -31.0    6.0    0.0  1.730
  -117.498  35.8540  -28.0    6.0    0.0  1.730
  -117.525  35.8540  -25.0    6.0    0.0  1.730
  -117.552  35.8540  -22.0    6.0    0.0  1.730
  -117.579  35.8540  -19.0    6.0    0.0  1.750
  -117.606  35.8540  -16.0    6.0    0.0  1.780
  -117.633  35.8540  -13.0    6.0    0.0  1.840
  -117.660  35.8540  -10.0    6.0    0.0  1.800
  -117.687  35.8540   -7.0    6.0    0.0  1.750
  -117.714  35.8540   -4.0    6.0    0.0  1.620
  -117.741  35.8540   -1.0    6.0    0.0  1.520
  -117.768  35.8540    2.0    6.0    0.0  1.620
  -117.795  35.8540    5.0    6.0    0.0  1.590
  -117.822  35.8540    8.0    6.0    0.0  1.700
  -117.849  35.8540   11.0    6.0    0.0  1.820
  -117.876  35.8540   14.0    6.0    0.0  1.820
  -117.903  35.8540   17.0    6.0    0.0  1.740
  -117.930  35.8540   20.0    6.0    0.0  1.730
  -117.957  35.8540   23.0    6.0    0.0  1.740
  -117.984  35.8540   26.0    6.0    0.0  1.740
  -118.011  35.8540   29.0    6.0    0.0  1.740
  -118.038  35.8540   32.0    6.0    0.0  1.720
  -118.065  35.8540   35.0    6.0    0.0  1.700
  -118.092  35.8540   38.0    6.0    0.0  1.710
  -118.119  35.8540   41.0    6.0    0.0  1.730
  -118.146  35.8540   44.0    6.0    0.0  1.740
  -118.173  35.8540   47.0    6.0    0.0  1.730
  -118.200  35.8540   50.0    6.0    0.0  1.730
  -118.227  35.8540   53.0    6.0    0.0  1.720
  -118.254  35.8540   56.0    6.0    0.0  1.710
  -118.281  35.8540   59.0    6.0    0.0  1.690
  -118.308  35.8540   62.0    6.0    0.0  1.700
  -118.335  35.8540   65.0    6.0    0.0  1.720
  -118.362  35.8540   68.0    6.0    0.0  1.730
  -118.388  35.8540   71.0    6.0    0.0  1.730
  -117.201  35.8809  -61.0    9.0    0.0  1.730
  -117.228  35.8809  -58.0    9.0    0.0  1.730
  -117.255  35.8809  -55.0    9.0    0.0  1.730
  -117.282  35.8809  -52.0    9.0    0.0  1.710
  -117.309  35.8809  -49.0    9.0    0.0  1.690
  -117.336  35.8809  -46.0    9.0    0.0  1.710
  -117.363  35.8809  -43.0    9.0    0.0  1.740
  -117.390  35.8809  -40.0    9.0    0.0  1.760
  -117.417  35.8809  -37.0    9.0    0.0  1.780
  -117.444  35.8809  -34.0    9.0    0.0  1.760
  -117.471  35.8809  -31.0    9.0    0.0  1.740
  -117.498  35.8809  -28.0    9.0    0.0  1.730
  -117.525  35.8809  -25.0    9.0    0.0  1.730
  -117.552  35.8809  -22.0    9.0    0.0  1.730
  -117.579  35.8809  -19.0    9.0    0.0  1.730
  -117.606  35.8809  -16.0    9.0    0.0  1.780
  -117.633  35.8809  -13.0    9.0    0.0  1.780
  -117.660  35.8809  -10.0    9.0    0.0  1.770
  -117.687  35.8809   -7.0    9.0    0.0  1.750
  -117.714  35.8809   -4.0    9.0    0.0  1.700
  -117.741  35.8809   -1.0    9.0    0.0  1.640
  -117.768  35.8809    2.0    9.0    0.0  1.690
  -117.795  35.8809    5.0    9.0    0.0  1.700
  -117.822  35.8809    8.0    9.0    0.0  1.720
  -117.849  35.8809   11.0    9.0    0.0  1.720
  -117.876  35.8809   14.0    9.0    0.0  1.810
  -117.903  35.8809   17.0    9.0    0.0  1.740
  -117.930  35.8809   20.0    9.0    0.0  1.760
  -117.957  35.8809   23.0    9.0    0.0  1.760
  -117.984  35.8809   26.0    9.0    0.0  1.680
  -118.011  35.8809   29.0    9.0    0.0  1.730
  -118.038  35.8809   32.0    9.0    0.0  1.710
  -118.065  35.8809   35.0    9.0    0.0  1.700
  -118.092  35.8809   38.0    9.0    0.0  1.700
  -118.119  35.8809   41.0    9.0    0.0  1.720
  -118.146  35.8809   44.0    9.0    0.0  1.720
  -118.173  35.8809   47.0    9.0    0.0  1.720
  -118.200  35.8809   50.0    9.0    0.0  1.720
  -118.227  35.8809   53.0    9.0    0.0  1.720
  -118.254  35.8809   56.0    9.0    0.0  1.710
  -118.281  35.8809   59.0    9.0    0.0  1.710
  -118.308  35.8809   62.0    9.0    0.0  1.710
  -118.335  35.8809   65.0    9.0    0.0  1.730
  -118.362  35.8809   68.0    9.0    0.0  1.730
  -118.388  35.8809   71.0    9.0    0.0  1.730
  -117.201  35.9079  -61.0   12.0    0.0  1.730
  -117.228  35.9079  -58.0   12.0    0.0  1.730
  -117.255  35.9079  -55.0   12.0    0.0  1.730
  -117.282  35.9079  -52.0   12.0    0.0  1.710
  -117.309  35.9079  -49.0   12.0    0.0  1.680
  -117.336  35.9079  -46.0   12.0    0.0  1.710
  -117.363  35.9079  -43.0   12.0    0.0  1.810
  -117.390  35.9079  -40.0   12.0    0.0  1.870
  -117.417  35.9079  -37.0   12.0    0.0  1.850
  -117.444  35.9079  -34.0   12.0    0.0  1.810
  -117.471  35.9079  -31.0   12.0    0.0  1.760
  -117.498  35.9079  -28.0   12.0    0.0  1.740
  -117.525  35.9079  -25.0   12.0    0.0  1.730
  -117.552  35.9079  -22.0   12.0    0.0  1.720
  -117.579  35.9079  -19.0   12.0    0.0  1.720
  -117.606  35.9079  -16.0   12.0    0.0  1.760
  -117.633  35.9079  -13.0   12.0    0.0  1.760
  -117.660  35.9079  -10.0   12.0    0.0  1.800
  -117.687  35.9079   -7.0   12.0    0.0  1.790
  -117.714  35.9079   -4.0   12.0    0.0  1.740
  -117.741  35.9079   -1.0   12.0    0.0  1.730
  -117.768  35.9079    2.0   12.0    0.0  1.770
  -117.795  35.9079    5.0   12.0    0.0  1.860
  -117.822  35.9079    8.0   12.0    0.0  1.830
  -117.849  35.9079   11.0   12.0    0.0  1.790
  -117.876  35.9079   14.0   12.0    0.0  1.770
  -117.903  35.9079   17.0   12.0    0.0  1.770
  -117.930  35.9079   20.0   12.0    0.0  1.770
  -117.957  35.9079   23.0   12.0    0.0  1.710
  -117.984  35.9079   26.0   12.0    0.0  1.710
  -118.011  35.9079   29.0   12.0    0.0  1.740
  -118.038  35.9079   32.0   12.0    0.0  1.700
  -118.065  35.9079   35.0   12.0    0.0  1.700
  -118.092  35.9079   38.0   12.0    0.0  1.700
  -118.119  35.9079   41.0   12.0    0.0  1.710
  -118.146  35.9079   44.0   12.0    0.0  1.710
  -118.173  35.9079   47.0   12.0    0.0  1.710
  -118.200  35.9079   50.0   12.0    0.0  1.710
  -118.227  35.9079   53.0   12.0    0.0  1.720
  -118.254  35.9079   56.0   12.0    0.0  1.720
  -118.281  35.9079   59.0   12.0    0.0  1.720
  -118.308  35.9079   62.0   12.0    0.0  1.730
  -118.335  35.9079   65.0   12.0    0.0  1.730
  -118.362  35.9079   68.0   12.0    0.0  1.730
  -118.388  35.9079   71.0   12.0    0.0  1.730
  -117.201  35.9349  -61.0   15.0    0.0  1.730
  -117.228  35.9349  -58.0   15.0    0.0  1.730
  -117.255  35.9349  -55.0   15.0    0.0  1.730
  -117.282  35.9349  -52.0   15.0    0.0  1.720
  -117.309  35.9349  -49.0   15.0    0.0  1.700
  -117.336  35.9349  -46.0   15.0    0.0  1.720
  -117.363  35.9349  -43.0   15.0    0.0  1.760
  -117.390  35.9349  -40.0   15.0    0.0  1.800
  -117.417  35.9349  -37.0   15.0    0.0  1.770
  -117.444  35.9349  -34.0   15.0    0.0  1.750
  -117.471  35.9349  -31.0   15.0    0.0  1.740
  -117.498  35.9349  -28.0   15.0    0.0  1.730
  -117.525  35.9349  -25.0   15.0    0.0  1.730
  -117.552  35.9349  -22.0   15.0    0.0  1.720
  -117.579  35.9349  -19.0   15.0    0.0  1.710
  -117.606  35.9349  -16.0   15.0    0.0  1.710
  -117.633  35.9349  -13.0   15.0    0.0  1.930
  -117.660  35.9349  -10.0   15.0    0.0  1.690
  -117.687  35.9349   -7.0   15.0    0.0  1.720
  -117.714  35.9349   -4.0   15.0    0.0  1.720
  -117.741  35.9349   -1.0   15.0    0.0  1.790
  -117.768  35.9349    2.0   15.0    0.0  1.770
  -117.795  35.9349    5.0   15.0    0.0  1.970
  -117.822  35.9349    8.0   15.0    0.0  1.810
  -117.849  35.9349   11.0   15.0    0.0  1.730
  -117.876  35.9349   14.0   15.0    0.0  1.760
  -117.903  35.9349   17.0   15.0    0.0  1.770
  -117.930  35.9349   20.0   15.0    0.0  1.750
  -117.957  35.9349   23.0   15.0    0.0  1.810
  -117.984  35.9349   26.0   15.0    0.0  1.730
  -118.011  35.9349   29.0   15.0    0.0  1.770
  -118.038  35.9349   32.0   15.0    0.0  1.720
  -118.065  35.9349   35.0   15.0    0.0  1.710
  -118.092  35.9349   38.0   15.0    0.0  1.710
  -118.119  35.9349   41.0   15.0    0.0  1.720
  -118.146  35.9349   44.0   15.0    0.0  1.720
  -118.173  35.9349   47.0   15.0    0.0  1.720
  -118.200  35.9349   50.0   15.0    0.0  1.720
  -118.227  35.9349   53.0   15.0    0.0  1.720
  -118.254  35.9349   56.0   15.0    0.0  1.730
  -118.281  35.9349   59.0   15.0    0.0  1.730
  -118.308  35.9349   62.0   15.0    0.0  1.730
  -118.335  35.9349   65.0   15.0    0.0  1.730
  -118.362  35.9349   68.0   15.0    0.0  1.730
  -118.388  35.9349   71.0   15.0    0.0  1.730
  -117.201  35.9619  -61.0   18.0    0.0  1.700
  -117.228  35.9619  -58.0   18.0    0.0  1.730
  -117.255  35.9619  -55.0   18.0    0.0  1.730
  -117.282  35.9619  -52.0   18.0    0.0  1.730
  -117.309  35.9619  -49.0   18.0    0.0  1.730
  -117.336  35.9619  -46.0   18.0    0.0  1.730
  -117.363  35.9619  -43.0   18.0    0.0  1.740
  -117.390  35.9619  -40.0   18.0    0.0  1.740
  -117.417  35.9619  -37.0   18.0    0.0  1.740
  -117.444  35.9619  -34.0   18.0    0.0  1.730
  -117.471  35.9619  -31.0   18.0    0.0  1.720
  -117.498  35.9619  -28.0   18.0    0.0  1.720
  -117.525  35.9619  -25.0   18.0    0.0  1.720
  -117.552  35.9619  -22.0   18.0    0.0  1.720
  -117.579  35.9619  -19.0   18.0    0.0  1.680
  -117.606  35.9619  -16.0   18.0    0.0  1.630
  -117.633  35.9619  -13.0   18.0    0.0  1.760
  -117.660  35.9619  -10.0   18.0    0.0  1.620
  -117.687  35.9619   -7.0   18.0    0.0  1.790
  -117.714  35.9619   -4.0   18.0    0.0  1.850
  -117.741  35.9619   -1.0   18.0    0.0  1.880
  -117.768  35.9619    2.0   18.0    0.0  1.820
  -117.795  35.9619    5.0   18.0    0.0  1.800
  -117.822  35.9619    8.0   18.0    0.0  1.620
  -117.849  35.9619   11.0   18.0    0.0  1.750
  -117.876  35.9619   14.0   18.0    0.0  1.790
  -117.903  35.9619   17.0   18.0    0.0  1.790
  -117.930  35.9619   20.0   18.0    0.0  1.810
  -117.957  35.9619   23.0   18.0    0.0  1.780
  -117.984  35.9619   26.0   18.0    0.0  1.760
  -118.011  35.9619   29.0   18.0    0.0  1.790
  -118.038  35.9619   32.0   18.0    0.0  1.750
  -118.065  35.9619   35.0   18.0    0.0  1.730
  -118.092  35.9619   38.0   18.0    0.0  1.730
  -118.119  35.9619   41.0   18.0    0.0  1.730
  -118.146  35.9619   44.0   18.0    0.0  1.730
  -118.173  35.9619   47.0   18.0    0.0  1.730
  -118.200  35.9619   50.0   18.0    0.0  1.730
  -118.227  35.9619   53.0   18.0    0.0  1.730
  -118.254  35.9619   56.0   18.0    0.0  1.730
  -118.281  35.9619   59.0   18.0    0.0  1.730
  -118.308  35.9619   62.0   18.0    0.0  1.730
  -118.335  35.9619   65.0   18.0    0.0  1.730
  -118.362  35.9619   68.0   18.0    0.0  1.730
  -118.388  35.9619   71.0   18.0    0.0  1.730
  -117.201  35.9889  -61.0   21.0    0.0  1.730
  -117.228  35.9889  -58.0   21.0    0.0  1.730
  -117.255  35.9889  -55.0   21.0    0.0  1.730
  -117.282  35.9889  -52.0   21.0    0.0  1.730
  -117.309  35.9889  -49.0   21.0    0.0  1.730
  -117.336  35.9889  -46.0   21.0    0.0  1.730
  -117.363  35.9889  -43.0   21.0    0.0  1.740
  -117.390  35.9889  -40.0   21.0    0.0  1.740
  -117.417  35.9889  -37.0   21.0    0.0  1.740
  -117.444  35.9889  -34.0   21.0    0.0  1.740
  -117.471  35.9889  -31.0   21.0    0.0  1.750
  -117.498  35.9889  -28.0   21.0    0.0  1.760
  -117.525  35.9889  -25.0   21.0    0.0  1.750
  -117.552  35.9889  -22.0   21.0    0.0  1.770
  -117.579  35.9889  -19.0   21.0    0.0  1.760
  -117.606  35.9889  -16.0   21.0    0.0  1.730
  -117.633  35.9889  -13.0   21.0    0.0  1.760
  -117.660  35.9889  -10.0   21.0    0.0  1.780
  -117.687  35.9889   -7.0   21.0    0.0  1.770
  -117.714  35.9889   -4.0   21.0    0.0  1.780
  -117.741  35.9889   -1.0   21.0    0.0  1.750
  -117.768  35.9889    2.0   21.0    0.0  1.800
  -117.795  35.9889    5.0   21.0    0.0  1.970
  -117.822  35.9889    8.0   21.0    0.0  1.760
  -117.849  35.9889   11.0   21.0    0.0  1.840
  -117.876  35.9889   14.0   21.0    0.0  1.850
  -117.903  35.9889   17.0   21.0    0.0  1.750
  -117.930  35.9889   20.0   21.0    0.0  1.730
  -117.957  35.9889   23.0   21.0    0.0  1.750
  -117.984  35.9889   26.0   21.0    0.0  1.750
  -118.011  35.9889   29.0   21.0    0.0  1.750
  -118.038  35.9889   32.0   21.0    0.0  1.740
  -118.065  35.9889   35.0   21.0    0.0  1.730
  -118.092  35.9889   38.0   21.0    0.0  1.730
  -118.119  35.9889   41.0   21.0    0.0  1.730
  -118.146  35.9889   44.0   21.0    0.0  1.730
  -118.173  35.9889   47.0   21.0    0.0  1.730
  -118.200  35.9889   50.0   21.0    0.0  1.740
  -118.227  35.9889   53.0   21.0    0.0  1.750
  -118.254  35.9889   56.0   21.0    0.0  1.750
  -118.281  35.9889   59.0   21.0    0.0  1.730
  -118.308  35.9889   62.0   21.0    0.0  1.730
  -118.335  35.9889   65.0   21.0    0.0  1.730
  -118.362  35.9889   68.0   21.0    0.0  1.730
  -118.388  35.9889   71.0   21.0    0.0  1.730
  -117.201  36.0158  -61.0   24.0    0.0  1.730
  -117.228  36.0158  -58.0   24.0    0.0  1.730
  -117.255  36.0158  -55.0   24.0    0.0  1.730
  -117.282  36.0158  -52.0   24.0    0.0  1.730
  -117.309  36.0158  -49.0   24.0    0.0  1.730
  -117.336  36.0158  -46.0   24.0    0.0  1.730
  -117.363  36.0158  -43.0   24.0    0.0  1.730
  -117.390  36.0158  -40.0   24.0    0.0  1.740
  -117.417  36.0158  -37.0   24.0    0.0  1.740
  -117.444  36.0158  -34.0   24.0    0.0  1.750
  -117.471  36.0158  -31.0   24.0    0.0  1.770
  -117.498  36.0158  -28.0   24.0    0.0  1.790
  -117.525  36.0158  -25.0   24.0    0.0  1.850
  -117.552  36.0158  -22.0   24.0    0.0  1.920
  -117.579  36.0158  -19.0   24.0    0.0  1.820
  -117.606  36.0158  -16.0   24.0    0.0  1.760
  -117.633  36.0158  -13.0   24.0    0.0  1.780
  -117.660  36.0158  -10.0   24.0    0.0  1.790
  -117.687  36.0158   -7.0   24.0    0.0  1.730
  -117.714  36.0158   -4.0   24.0    0.0  1.670
  -117.741  36.0158   -1.0   24.0    0.0  1.620
  -117.768  36.0158    2.0   24.0    0.0  1.570
  -117.795  36.0158    5.0   24.0    0.0  1.750
  -117.822  36.0158    8.0   24.0    0.0  1.710
  -117.849  36.0158   11.0   24.0    0.0  1.680
  -117.876  36.0158   14.0   24.0    0.0  1.630
  -117.903  36.0158   17.0   24.0    0.0  1.660
  -117.930  36.0158   20.0   24.0    0.0  1.690
  -117.957  36.0158   23.0   24.0    0.0  1.720
  -117.984  36.0158   26.0   24.0    0.0  1.730
  -118.011  36.0158   29.0   24.0    0.0  1.730
  -118.038  36.0158   32.0   24.0    0.0  1.730
  -118.065  36.0158   35.0   24.0    0.0  1.730
  -118.092  36.0158   38.0   24.0    0.0  1.730
  -118.119  36.0158   41.0   24.0    0.0  1.730
  -118.146  36.0158   44.0   24.0    0.0  1.730
  -118.173  36.0158   47.0   24.0    0.0  1.740
  -118.200  36.0158   50.0   24.0    0.0  1.750
  -118.227  36.0158   53.0   24.0    0.0  1.770
  -118.254  36.0158   56.0   24.0    0.0  1.760
  -118.281  36.0158   59.0   24.0    0.0  1.730
  -118.308  36.0158   62.0   24.0    0.0  1.730
  -118.335  36.0158   65.0   24.0    0.0  1.730
  -118.362  36.0158   68.0   24.0    0.0  1.730
  -118.388  36.0158   71.0   24.0    0.0  1.730
  -117.201  36.0428  -61.0   27.0    0.0  1.730
  -117.228  36.0428  -58.0   27.0    0.0  1.730
  -117.255  36.0428  -55.0   27.0    0.0  1.730
  -117.282  36.0428  -52.0   27.0    0.0  1.730
  -117.309  36.0428  -49.0   27.0    0.0  1.730
  -117.336  36.0428  -46.0   27.0    0.0  1.730
  -117.363  36.0428  -43.0   27.0    0.0  1.730
  -117.390  36.0428  -40.0   27.0    0.0  1.730
  -117.417  36.0428  -37.0   27.0    0.0  1.730
  -117.444  36.0428  -34.0   27.0    0.0  1.730
  -117.471  36.0428  -31.0   27.0    0.0  1.730
  -117.498  36.0428  -28.0   27.0    0.0  1.770
  -117.525  36.0428  -25.0   27.0    0.0  1.850
  -117.552  36.0428  -22.0   27.0    0.0  1.870
  -117.579  36.0428  -19.0   27.0    0.0  1.670
  -117.606  36.0428  -16.0   27.0    0.0  1.690
  -117.633  36.0428  -13.0   27.0    0.0  1.760
  -117.660  36.0428  -10.0   27.0    0.0  1.790
  -117.687  36.0428   -7.0   27.0    0.0  1.770
  -117.714  36.0428   -4.0   27.0    0.0  1.660
  -117.741  36.0428   -1.0   27.0    0.0  1.530
  -117.768  36.0428    2.0   27.0    0.0  1.580
  -117.795  36.0428    5.0   27.0    0.0  1.780
  -117.822  36.0428    8.0   27.0    0.0  1.530
  -117.849  36.0428   11.0   27.0    0.0  1.700
  -117.876  36.0428   14.0   27.0    0.0  1.730
  -117.903  36.0428   17.0   27.0    0.0  1.660
  -117.930  36.0428   20.0   27.0    0.0  1.700
  -117.957  36.0428   23.0   27.0    0.0  1.730
  -117.984  36.0428   26.0   27.0    0.0  1.730
  -118.011  36.0428   29.0   27.0    0.0  1.730
  -118.038  36.0428   32.0   27.0    0.0  1.730
  -118.065  36.0428   35.0   27.0    0.0  1.730
  -118.092  36.0428   38.0   27.0    0.0  1.730
  -118.119  36.0428   41.0   27.0    0.0  1.740
  -118.146  36.0428   44.0   27.0    0.0  1.740
  -118.173  36.0428   47.0   27.0    0.0  1.750
  -118.200  36.0428   50.0   27.0    0.0  1.760
  -118.227  36.0428   53.0   27.0    0.0  1.760
  -118.254  36.0428   56.0   27.0    0.0  1.750
  -118.281  36.0428   59.0   27.0    0.0  1.730
  -118.308  36.0428   62.0   27.0    0.0  1.730
  -118.335  36.0428   65.0   27.0    0.0  1.730
  -118.362  36.0428   68.0   27.0    0.0  1.730
  -118.388  36.0428   71.0   27.0    0.0  1.730
  -117.201  36.0698  -61.0   30.0    0.0  1.730
  -117.228  36.0698  -58.0   30.0    0.0  1.730
  -117.255  36.0698  -55.0   30.0    0.0  1.730
  -117.282  36.0698  -52.0   30.0    0.0  1.730
  -117.309  36.0698  -49.0   30.0    0.0  1.730
  -117.336  36.0698  -46.0   30.0    0.0  1.730
  -117.363  36.0698  -43.0   30.0    0.0  1.730
  -117.390  36.0698  -40.0   30.0    0.0  1.730
  -117.417  36.0698  -37.0   30.0    0.0  1.730
  -117.444  36.0698  -34.0   30.0    0.0  1.720
  -117.471  36.0698  -31.0   30.0    0.0  1.700
  -117.498  36.0698  -28.0   30.0    0.0  1.720
  -117.525  36.0698  -25.0   30.0    0.0  1.810
  -117.552  36.0698  -22.0   30.0    0.0  1.760
  -117.579  36.0698  -19.0   30.0    0.0  1.730
  -117.606  36.0698  -16.0   30.0    0.0  1.710
  -117.633  36.0698  -13.0   30.0    0.0  1.790
  -117.660  36.0698  -10.0   30.0    0.0  1.790
  -117.687  36.0698   -7.0   30.0    0.0  1.730
  -117.714  36.0698   -4.0   30.0    0.0  1.730
  -117.741  36.0698   -1.0   30.0    0.0  1.740
  -117.768  36.0698    2.0   30.0    0.0  1.850
  -117.795  36.0698    5.0   30.0    0.0  1.740
  -117.822  36.0698    8.0   30.0    0.0  1.780
  -117.849  36.0698   11.0   30.0    0.0  1.780
  -117.876  36.0698   14.0   30.0    0.0  1.760
  -117.903  36.0698   17.0   30.0    0.0  1.720
  -117.930  36.0698   20.0   30.0    0.0  1.720
  -117.957  36.0698   23.0   30.0    0.0  1.730
  -117.984  36.0698   26.0   30.0    0.0  1.730
  -118.011  36.0698   29.0   30.0    0.0  1.730
  -118.038  36.0698   32.0   30.0    0.0  1.730
  -118.065  36.0698   35.0   30.0    0.0  1.730
  -118.092  36.0698   38.0   30.0    0.0  1.740
  -118.119  36.0698   41.0   30.0    0.0  1.740
  -118.146  36.0698   44.0   30.0    0.0  1.760
  -118.173  36.0698   47.0   30.0    0.0  1.770
  -118.200  36.0698   50.0   30.0    0.0  1.760
  -118.227  36.0698   53.0   30.0    0.0  1.750
  -118.254  36.0698   56.0   30.0    0.0  1.740
  -118.281  36.0698   59.0   30.0    0.0  1.720
  -118.308  36.0698   62.0   30.0    0.0  1.720
  -118.335  36.0698   65.0   30.0    0.0  1.730
  -118.362  36.0698   68.0   30.0    0.0  1.730
  -118.388  36.0698   71.0   30.0    0.0  1.730
  -117.201  36.0968  -61.0   33.0    0.0  1.730
  -117.228  36.0968  -58.0   33.0    0.0  1.730
  -117.255  36.0968  -55.0   33.0    0.0  1.730
  -117.282  36.0968  -52.0   33.0    0.0  1.730
  -117.309  36.0968  -49.0   33.0    0.0  1.730
  -117.336  36.0968  -46.0   33.0    0.0  1.730
  -117.363  36.0968  -43.0   33.0    0.0  1.730
  -117.390  36.0968  -40.0   33.0    0.0  1.730
  -117.417  36.0968  -37.0   33.0    0.0  1.730
  -117.444  36.0968  -34.0   33.0    0.0  1.720
  -117.471  36.0968  -31.0   33.0    0.0  1.710
  -117.498  36.0968  -28.0   33.0    0.0  1.710
  -117.525  36.0968  -25.0   33.0    0.0  1.720
  -117.552  36.0968  -22.0   33.0    0.0  1.670
  -117.579  36.0968  -19.0   33.0    0.0  1.680
  -117.606  36.0968  -16.0   33.0    0.0  1.740
  -117.633  36.0968  -13.0   33.0    0.0  1.800
  -117.660  36.0968  -10.0   33.0    0.0  1.780
  -117.687  36.0968   -7.0   33.0    0.0  1.770
  -117.714  36.0968   -4.0   33.0    0.0  1.770
  -117.741  36.0968   -1.0   33.0    0.0  1.800
  -117.768  36.0968    2.0   33.0    0.0  1.930
  -117.795  36.0968    5.0   33.0    0.0  1.750
  -117.822  36.0968    8.0   33.0    0.0  1.870
  -117.849  36.0968   11.0   33.0    0.0  1.710
  -117.876  36.0968   14.0   33.0    0.0  1.720
  -117.903  36.0968   17.0   33.0    0.0  1.720
  -117.930  36.0968   20.0   33.0    0.0  1.720
  -117.957  36.0968   23.0   33.0    0.0  1.730
  -117.984  36.0968   26.0   33.0    0.0  1.730
  -118.011  36.0968   29.0   33.0    0.0  1.730
  -118.038  36.0968   32.0   33.0    0.0  1.730
  -118.065  36.0968   35.0   33.0    0.0  1.730
  -118.092  36.0968   38.0   33.0    0.0  1.730
  -118.119  36.0968   41.0   33.0    0.0  1.740
  -118.146  36.0968   44.0   33.0    0.0  1.730
  -118.173  36.0968   47.0   33.0    0.0  1.800
  -118.200  36.0968   50.0   33.0    0.0  1.740
  -118.227  36.0968   53.0   33.0    0.0  1.720
  -118.254  36.0968   56.0   33.0    0.0  1.720
  -118.281  36.0968   59.0   33.0    0.0  1.720
  -118.308  36.0968   62.0   33.0    0.0  1.730
  -118.335  36.0968   65.0   33.0    0.0  1.730
  -118.362  36.0968   68.0   33.0    0.0  1.730
  -118.388  36.0968   71.0   33.0    0.0  1.730
  -117.201  36.1238  -61.0   36.0    0.0  1.730
  -117.228  36.1238  -58.0   36.0    0.0  1.730
  -117.255  36.1238  -55.0   36.0    0.0  1.730
  -117.282  36.1238  -52.0   36.0    0.0  1.730
  -117.309  36.1238  -49.0   36.0    0.0  1.730
  -117.336  36.1238  -46.0   36.0    0.0  1.730
  -117.363  36.1238  -43.0   36.0    0.0  1.730
  -117.390  36.1238  -40.0   36.0    0.0  1.730
  -117.417  36.1238  -37.0   36.0    0.0  1.730
  -117.444  36.1238  -34.0   36.0    0.0  1.730
  -117.471  36.1238  -31.0   36.0    0.0  1.720
  -117.498  36.1238  -28.0   36.0    0.0  1.710
  -117.525  36.1238  -25.0   36.0    0.0  1.700
  -117.552  36.1238  -22.0   36.0    0.0  1.700
  -117.579  36.1238  -19.0   36.0    0.0  1.710
  -117.606  36.1238  -16.0   36.0    0.0  1.740
  -117.633  36.1238  -13.0   36.0    0.0  1.770
  -117.660  36.1238  -10.0   36.0    0.0  1.810
  -117.687  36.1238   -7.0   36.0    0.0  1.850
  -117.714  36.1238   -4.0   36.0    0.0  1.760
  -117.741  36.1238   -1.0   36.0    0.0  1.800
  -117.768  36.1238    2.0   36.0    0.0  1.800
  -117.795  36.1238    5.0   36.0    0.0  1.780
  -117.822  36.1238    8.0   36.0    0.0  1.690
  -117.849  36.1238   11.0   36.0    0.0  1.590
  -117.876  36.1238   14.0   36.0    0.0  1.670
  -117.903  36.1238   17.0   36.0    0.0  1.710
  -117.930  36.1238   20.0   36.0    0.0  1.720
  -117.957  36.1238   23.0   36.0    0.0  1.730
  -117.984  36.1238   26.0   36.0    0.0  1.730
  -118.011  36.1238   29.0   36.0    0.0  1.730
  -118.038  36.1238   32.0   36.0    0.0  1.730
  -118.065  36.1238   35.0   36.0    0.0  1.730
  -118.092  36.1238   38.0   36.0    0.0  1.730
  -118.119  36.1238   41.0   36.0    0.0  1.740
  -118.146  36.1238   44.0   36.0    0.0  1.750
  -118.173  36.1238   47.0   36.0    0.0  1.760
  -118.200  36.1238   50.0   36.0    0.0  1.770
  -118.227  36.1238   53.0   36.0    0.0  1.690
  -118.254  36.1238   56.0   36.0    0.0  1.700
  -118.281  36.1238   59.0   36.0    0.0  1.720
  -118.308  36.1238   62.0   36.0    0.0  1.730
  -118.335  36.1238   65.0   36.0    0.0  1.730
  -118.362  36.1238   68.0   36.0    0.0  1.730
  -118.388  36.1238   71.0   36.0    0.0  1.740
  -117.201  36.1507  -61.0   39.0    0.0  1.730
  -117.228  36.1507  -58.0   39.0    0.0  1.730
  -117.255  36.1507  -55.0   39.0    0.0  1.730
  -117.282  36.1507  -52.0   39.0    0.0  1.730
  -117.309  36.1507  -49.0   39.0    0.0  1.730
  -117.336  36.1507  -46.0   39.0    0.0  1.730
  -117.363  36.1507  -43.0   39.0    0.0  1.730
  -117.390  36.1507  -40.0   39.0    0.0  1.730
  -117.417  36.1507  -37.0   39.0    0.0  1.730
  -117.444  36.1507  -34.0   39.0    0.0  1.730
  -117.471  36.1507  -31.0   39.0    0.0  1.720
  -117.498  36.1507  -28.0   39.0    0.0  1.720
  -117.525  36.1507  -25.0   39.0    0.0  1.720
  -117.552  36.1507  -22.0   39.0    0.0  1.720
  -117.579  36.1507  -19.0   39.0    0.0  1.720
  -117.606  36.1507  -16.0   39.0    0.0  1.730
  -117.633  36.1507  -13.0   39.0    0.0  1.730
  -117.660  36.1507  -10.0   39.0    0.0  1.790
  -117.687  36.1507   -7.0   39.0    0.0  1.870
  -117.714  36.1507   -4.0   39.0    0.0  1.750
  -117.741  36.1507   -1.0   39.0    0.0  1.780
  -117.768  36.1507    2.0   39.0    0.0  1.770
  -117.795  36.1507    5.0   39.0    0.0  1.760
  -117.822  36.1507    8.0   39.0    0.0  1.750
  -117.849  36.1507   11.0   39.0    0.0  1.730
  -117.876  36.1507   14.0   39.0    0.0  1.730
  -117.903  36.1507   17.0   39.0    0.0  1.730
  -117.930  36.1507   20.0   39.0    0.0  1.730
  -117.957  36.1507   23.0   39.0    0.0  1.730
  -117.984  36.1507   26.0   39.0    0.0  1.730
  -118.011  36.1507   29.0   39.0    0.0  1.730
  -118.038  36.1507   32.0   39.0    0.0  1.730
  -118.065  36.1507   35.0   39.0    0.0  1.730
  -118.092  36.1507   38.0   39.0    0.0  1.710
  -118.119  36.1507   41.0   39.0    0.0  1.700
  -118.146  36.1507   44.0   39.0    0.0  1.670
  -118.173  36.1507   47.0   39.0    0.0  1.640
  -118.200  36.1507   50.0   39.0    0.0  1.670
  -118.227  36.1507   53.0   39.0    0.0  1.650
  -118.254  36.1507   56.0   39.0    0.0  1.680
  -118.281  36.1507   59.0   39.0    0.0  1.710
  -118.308  36.1507   62.0   39.0    0.0  1.730
  -118.335  36.1507   65.0   39.0    0.0  1.730
  -118.362  36.1507   68.0   39.0    0.0  1.730
  -118.388  36.1507   71.0   39.0    0.0  1.730
  -117.201  36.1777  -61.0   42.0    0.0  1.730
  -117.228  36.1777  -58.0   42.0    0.0  1.730
  -117.255  36.1777  -55.0   42.0    0.0  1.730
  -117.282  36.1777  -52.0   42.0    0.0  1.730
  -117.309  36.1777  -49.0   42.0    0.0  1.730
  -117.336  36.1777  -46.0   42.0    0.0  1.730
  -117.363  36.1777  -43.0   42.0    0.0  1.730
  -117.390  36.1777  -40.0   42.0    0.0  1.730
  -117.417  36.1777  -37.0   42.0    0.0  1.730
  -117.444  36.1777  -34.0   42.0    0.0  1.730
  -117.471  36.1777  -31.0   42.0    0.0  1.730
  -117.498  36.1777  -28.0   42.0    0.0  1.730
  -117.525  36.1777  -25.0   42.0    0.0  1.730
  -117.552  36.1777  -22.0   42.0    0.0  1.730
  -117.579  36.1777  -19.0   42.0    0.0  1.730
  -117.606  36.1777  -16.0   42.0    0.0  1.730
  -117.633  36.1777  -13.0   42.0    0.0  1.740
  -117.660  36.1777  -10.0   42.0    0.0  1.760
  -117.687  36.1777   -7.0   42.0    0.0  1.870
  -117.714  36.1777   -4.0   42.0    0.0  1.770
  -117.741  36.1777   -1.0   42.0    0.0  1.760
  -117.768  36.1777    2.0   42.0    0.0  1.730
  -117.795  36.1777    5.0   42.0    0.0  1.710
  -117.822  36.1777    8.0   42.0    0.0  1.730
  -117.849  36.1777   11.0   42.0    0.0  1.760
  -117.876  36.1777   14.0   42.0    0.0  1.760
  -117.903  36.1777   17.0   42.0    0.0  1.750
  -117.930  36.1777   20.0   42.0    0.0  1.740
  -117.957  36.1777   23.0   42.0    0.0  1.730
  -117.984  36.1777   26.0   42.0    0.0  1.730
  -118.011  36.1777   29.0   42.0    0.0  1.730
  -118.038  36.1777   32.0   42.0    0.0  1.730
  -118.065  36.1777   35.0   42.0    0.0  1.730
  -118.092  36.1777   38.0   42.0    0.0  1.700
  -118.119  36.1777   41.0   42.0    0.0  1.670
  -118.146  36.1777   44.0   42.0    0.0  1.620
  -118.173  36.1777   47.0   42.0    0.0  1.570
  -118.200  36.1777   50.0   42.0    0.0  1.570
  -118.227  36.1777   53.0   42.0    0.0  1.600
  -118.254  36.1777   56.0   42.0    0.0  1.650
  -118.281  36.1777   59.0   42.0    0.0  1.710
  -118.308  36.1777   62.0   42.0    0.0  1.730
  -118.335  36.1777   65.0   42.0    0.0  1.730
  -118.362  36.1777   68.0   42.0    0.0  1.730
  -118.388  36.1777   71.0   42.0    0.0  1.720
  -117.201  36.2047  -61.0   45.0    0.0  1.730
  -117.228  36.2047  -58.0   45.0    0.0  1.730
  -117.255  36.2047  -55.0   45.0    0.0  1.730
  -117.282  36.2047  -52.0   45.0    0.0  1.730
  -117.309  36.2047  -49.0   45.0    0.0  1.730
  -117.336  36.2047  -46.0   45.0    0.0  1.730
  -117.363  36.2047  -43.0   45.0    0.0  1.730
  -117.390  36.2047  -40.0   45.0    0.0  1.730
  -117.417  36.2047  -37.0   45.0    0.0  1.730
  -117.444  36.2047  -34.0   45.0    0.0  1.730
  -117.471  36.2047  -31.0   45.0    0.0  1.730
  -117.498  36.2047  -28.0   45.0    0.0  1.730
  -117.525  36.2047  -25.0   45.0    0.0  1.730
  -117.552  36.2047  -22.0   45.0    0.0  1.730
  -117.579  36.2047  -19.0   45.0    0.0  1.730
  -117.606  36.2047  -16.0   45.0    0.0  1.730
  -117.633  36.2047  -13.0   45.0    0.0  1.740
  -117.660  36.2047  -10.0   45.0    0.0  1.760
  -117.687  36.2047   -7.0   45.0    0.0  1.800
  -117.714  36.2047   -4.0   45.0    0.0  1.780
  -117.741  36.2047   -1.0   45.0    0.0  1.750
  -117.768  36.2047    2.0   45.0    0.0  1.740
  -117.795  36.2047    5.0   45.0    0.0  1.720
  -117.822  36.2047    8.0   45.0    0.0  1.730
  -117.849  36.2047   11.0   45.0    0.0  1.750
  -117.876  36.2047   14.0   45.0    0.0  1.750
  -117.903  36.2047   17.0   45.0    0.0  1.740
  -117.930  36.2047   20.0   45.0    0.0  1.730
  -117.957  36.2047   23.0   45.0    0.0  1.730
  -117.984  36.2047   26.0   45.0    0.0  1.730
  -118.011  36.2047   29.0   45.0    0.0  1.730
  -118.038  36.2047   32.0   45.0    0.0  1.730
  -118.065  36.2047   35.0   45.0    0.0  1.730
  -118.092  36.2047   38.0   45.0    0.0  1.720
  -118.119  36.2047   41.0   45.0    0.0  1.690
  -118.146  36.2047   44.0   45.0    0.0  1.670
  -118.173  36.2047   47.0   45.0    0.0  1.650
  -118.200  36.2047   50.0   45.0    0.0  1.640
  -118.227  36.2047   53.0   45.0    0.0  1.640
  -118.254  36.2047   56.0   45.0    0.0  1.670
  -118.281  36.2047   59.0   45.0    0.0  1.720
  -118.308  36.2047   62.0   45.0    0.0  1.730
  -118.335  36.2047   65.0   45.0    0.0  1.730
  -118.362  36.2047   68.0   45.0    0.0  1.730
  -118.388  36.2047   71.0   45.0    0.0  1.720
  -117.201  36.2317  -61.0   48.0    0.0  1.730
  -117.228  36.2317  -58.0   48.0    0.0  1.730
  -117.255  36.2317  -55.0   48.0    0.0  1.730
  -117.282  36.2317  -52.0   48.0    0.0  1.730
  -117.309  36.2317  -49.0   48.0    0.0  1.730
  -117.336  36.2317  -46.0   48.0    0.0  1.730
  -117.363  36.2317  -43.0   48.0    0.0  1.730
  -117.390  36.2317  -40.0   48.0    0.0  1.730
  -117.417  36.2317  -37.0   48.0    0.0  1.730
  -117.444  36.2317  -34.0   48.0    0.0  1.730
  -117.471  36.2317  -31.0   48.0    0.0  1.730
  -117.498  36.2317  -28.0   48.0    0.0  1.730
  -117.525  36.2317  -25.0   48.0    0.0  1.730
  -117.552  36.2317  -22.0   48.0    0.0  1.730
  -117.579  36.2317  -19.0   48.0    0.0  1.730
  -117.606  36.2317  -16.0   48.0    0.0  1.730
  -117.633  36.2317  -13.0   48.0    0.0  1.740
  -117.660  36.2317  -10.0   48.0    0.0  1.760
  -117.687  36.2317   -7.0   48.0    0.0  1.790
  -117.714  36.2317   -4.0   48.0    0.0  1.790
  -117.741  36.2317   -1.0   48.0    0.0  1.760
  -117.768  36.2317    2.0   48.0    0.0  1.750
  -117.795  36.2317    5.0   48.0    0.0  1.730
  -117.822  36.2317    8.0   48.0    0.0  1.730
  -117.849  36.2317   11.0   48.0    0.0  1.740
  -117.876  36.2317   14.0   48.0    0.0  1.740
  -117.903  36.2317   17.0   48.0    0.0  1.740
  -117.930  36.2317   20.0   48.0    0.0  1.730
  -117.957  36.2317   23.0   48.0    0.0  1.730
  -117.984  36.2317   26.0   48.0    0.0  1.730
  -118.011  36.2317   29.0   48.0    0.0  1.730
  -118.038  36.2317   32.0   48.0    0.0  1.740
  -118.065  36.2317   35.0   48.0    0.0  1.740
  -118.092  36.2317   38.0   48.0    0.0  1.730
  -118.119  36.2317   41.0   48.0    0.0  1.720
  -118.146  36.2317   44.0   48.0    0.0  1.720
  -118.173  36.2317   47.0   48.0    0.0  1.720
  -118.200  36.2317   50.0   48.0    0.0  1.710
  -118.227  36.2317   53.0   48.0    0.0  1.680
  -118.254  36.2317   56.0   48.0    0.0  1.690
  -118.281  36.2317   59.0   48.0    0.0  1.720
  -118.308  36.2317   62.0   48.0    0.0  1.730
  -118.335  36.2317   65.0   48.0    0.0  1.730
  -118.362  36.2317   68.0   48.0    0.0  1.730
  -118.388  36.2317   71.0   48.0    0.0  1.730
  -117.201  36.2587  -61.0   51.0    0.0  1.730
  -117.228  36.2587  -58.0   51.0    0.0  1.730
  -117.255  36.2587  -55.0   51.0    0.0  1.730
  -117.282  36.2587  -52.0   51.0    0.0  1.730
  -117.309  36.2587  -49.0   51.0    0.0  1.730
  -117.336  36.2587  -46.0   51.0    0.0  1.730
  -117.363  36.2587  -43.0   51.0    0.0  1.730
  -117.390  36.2587  -40.0   51.0    0.0  1.730
  -117.417  36.2587  -37.0   51.0    0.0  1.730
  -117.444  36.2587  -34.0   51.0    0.0  1.730
  -117.471  36.2587  -31.0   51.0    0.0  1.730
  -117.498  36.2587  -28.0   51.0    0.0  1.730
  -117.525  36.2587  -25.0   51.0    0.0  1.730
  -117.552  36.2587  -22.0   51.0    0.0  1.730
  -117.579  36.2587  -19.0   51.0    0.0  1.730
  -117.606  36.2587  -16.0   51.0    0.0  1.730
  -117.633  36.2587  -13.0   51.0    0.0  1.740
  -117.660  36.2587  -10.0   51.0    0.0  1.750
  -117.687  36.2587   -7.0   51.0    0.0  1.760
  -117.714  36.2587   -4.0   51.0    0.0  1.760
  -117.741  36.2587   -1.0   51.0    0.0  1.750
  -117.768  36.2587    2.0   51.0    0.0  1.740
  -117.795  36.2587    5.0   51.0    0.0  1.730
  -117.822  36.2587    8.0   51.0    0.0  1.730
  -117.849  36.2587   11.0   51.0    0.0  1.740
  -117.876  36.2587   14.0   51.0    0.0  1.740
  -117.903  36.2587   17.0   51.0    0.0  1.730
  -117.930  36.2587   20.0   51.0    0.0  1.730
  -117.957  36.2587   23.0   51.0    0.0  1.730
  -117.984  36.2587   26.0   51.0    0.0  1.730
  -118.011  36.2587   29.0   51.0    0.0  1.730
  -118.038  36.2587   32.0   51.0    0.0  1.730
  -118.065  36.2587   35.0   51.0    0.0  1.730
  -118.092  36.2587   38.0   51.0    0.0  1.730
  -118.119  36.2587   41.0   51.0    0.0  1.730
  -118.146  36.2587   44.0   51.0    0.0  1.730
  -118.173  36.2587   47.0   51.0    0.0  1.730
  -118.200  36.2587   50.0   51.0    0.0  1.720
  -118.227  36.2587   53.0   51.0    0.0  1.700
  -118.254  36.2587   56.0   51.0    0.0  1.710
  -118.281  36.2587   59.0   51.0    0.0  1.730
  -118.308  36.2587   62.0   51.0    0.0  1.730
  -118.335  36.2587   65.0   51.0    0.0  1.730
  -118.362  36.2587   68.0   51.0    0.0  1.730
  -118.388  36.2587   71.0   51.0    0.0  1.730
  -117.201  36.2856  -61.0   54.0    0.0  1.730
  -117.228  36.2856  -58.0   54.0    0.0  1.730
  -117.255  36.2856  -55.0   54.0    0.0  1.720
  -117.282  36.2856  -52.0   54.0    0.0  1.720
  -117.309  36.2856  -49.0   54.0    0.0  1.730
  -117.336  36.2856  -46.0   54.0    0.0  1.730
  -117.363  36.2856  -43.0   54.0    0.0  1.730
  -117.390  36.2856  -40.0   54.0    0.0  1.730
  -117.417  36.2856  -37.0   54.0    0.0  1.730
  -117.444  36.2856  -34.0   54.0    0.0  1.730
  -117.471  36.2856  -31.0   54.0    0.0  1.730
  -117.498  36.2856  -28.0   54.0    0.0  1.730
  -117.525  36.2856  -25.0   54.0    0.0  1.730
  -117.552  36.2856  -22.0   54.0    0.0  1.730
  -117.579  36.2856  -19.0   54.0    0.0  1.730
  -117.606  36.2856  -16.0   54.0    0.0  1.730
  -117.633  36.2856  -13.0   54.0    0.0  1.730
  -117.660  36.2856  -10.0   54.0    0.0  1.730
  -117.687  36.2856   -7.0   54.0    0.0  1.730
  -117.714  36.2856   -4.0   54.0    0.0  1.730
  -117.741  36.2856   -1.0   54.0    0.0  1.740
  -117.768  36.2856    2.0   54.0    0.0  1.740
  -117.795  36.2856    5.0   54.0    0.0  1.740
  -117.822  36.2856    8.0   54.0    0.0  1.740
  -117.849  36.2856   11.0   54.0    0.0  1.740
  -117.876  36.2856   14.0   54.0    0.0  1.740
  -117.903  36.2856   17.0   54.0    0.0  1.730
  -117.930  36.2856   20.0   54.0    0.0  1.730
  -117.957  36.2856   23.0   54.0    0.0  1.730
  -117.984  36.2856   26.0   54.0    0.0  1.720
  -118.011  36.2856   29.0   54.0    0.0  1.720
  -118.038  36.2856   32.0   54.0    0.0  1.720
  -118.065  36.2856   35.0   54.0    0.0  1.730
  -118.092  36.2856   38.0   54.0    0.0  1.730
  -118.119  36.2856   41.0   54.0    0.0  1.730
  -118.146  36.2856   44.0   54.0    0.0  1.730
  -118.173  36.2856   47.0   54.0    0.0  1.730
  -118.200  36.2856   50.0   54.0    0.0  1.730
  -118.227  36.2856   53.0   54.0    0.0  1.720
  -118.254  36.2856   56.0   54.0    0.0  1.720
  -118.281  36.2856   59.0   54.0    0.0  1.730
  -118.308  36.2856   62.0   54.0    0.0  1.730
  -118.335  36.2856   65.0   54.0    0.0  1.730
  -118.362  36.2856   68.0   54.0    0.0  1.730
  -118.388  36.2856   71.0   54.0    0.0  1.730
  -117.201  36.3126  -61.0   57.0    0.0  1.710
  -117.228  36.3126  -58.0   57.0    0.0  1.700
  -117.255  36.3126  -55.0   57.0    0.0  1.690
  -117.282  36.3126  -52.0   57.0    0.0  1.700
  -117.309  36.3126  -49.0   57.0    0.0  1.720
  -117.336  36.3126  -46.0   57.0    0.0  1.730
  -117.363  36.3126  -43.0   57.0    0.0  1.730
  -117.390  36.3126  -40.0   57.0    0.0  1.730
  -117.417  36.3126  -37.0   57.0    0.0  1.730
  -117.444  36.3126  -34.0   57.0    0.0  1.730
  -117.471  36.3126  -31.0   57.0    0.0  1.730
  -117.498  36.3126  -28.0   57.0    0.0  1.730
  -117.525  36.3126  -25.0   57.0    0.0  1.730
  -117.552  36.3126  -22.0   57.0    0.0  1.730
  -117.579  36.3126  -19.0   57.0    0.0  1.730
  -117.606  36.3126  -16.0   57.0    0.0  1.730
  -117.633  36.3126  -13.0   57.0    0.0  1.730
  -117.660  36.3126  -10.0   57.0    0.0  1.730
  -117.687  36.3126   -7.0   57.0    0.0  1.730
  -117.714  36.3126   -4.0   57.0    0.0  1.730
  -117.741  36.3126   -1.0   57.0    0.0  1.730
  -117.768  36.3126    2.0   57.0    0.0  1.730
  -117.795  36.3126    5.0   57.0    0.0  1.730
  -117.822  36.3126    8.0   57.0    0.0  1.740
  -117.849  36.3126   11.0   57.0    0.0  1.740
  -117.876  36.3126   14.0   57.0    0.0  1.740
  -117.903  36.3126   17.0   57.0    0.0  1.740
  -117.930  36.3126   20.0   57.0    0.0  1.740
  -117.957  36.3126   23.0   57.0    0.0  1.730
  -117.984  36.3126   26.0   57.0    0.0  1.730
  -118.011  36.3126   29.0   57.0    0.0  1.720
  -118.038  36.3126   32.0   57.0    0.0  1.720
  -118.065  36.3126   35.0   57.0    0.0  1.730
  -118.092  36.3126   38.0   57.0    0.0  1.730
  -118.119  36.3126   41.0   57.0    0.0  1.730
  -118.146  36.3126   44.0   57.0    0.0  1.730
  -118.173  36.3126   47.0   57.0    0.0  1.730
  -118.200  36.3126   50.0   57.0    0.0  1.730
  -118.227  36.3126   53.0   57.0    0.0  1.730
  -118.254  36.3126   56.0   57.0    0.0  1.730
  -118.281  36.3126   59.0   57.0    0.0  1.730
  -118.308  36.3126   62.0   57.0    0.0  1.730
  -118.335  36.3126   65.0   57.0    0.0  1.730
  -118.362  36.3126   68.0   57.0    0.0  1.730
  -118.388  36.3126   71.0   57.0    0.0  1.730
  -117.201  36.3396  -61.0   60.0    0.0  1.700
  -117.228  36.3396  -58.0   60.0    0.0  1.680
  -117.255  36.3396  -55.0   60.0    0.0  1.660
  -117.282  36.3396  -52.0   60.0    0.0  1.680
  -117.309  36.3396  -49.0   60.0    0.0  1.710
  -117.336  36.3396  -46.0   60.0    0.0  1.730
  -117.363  36.3396  -43.0   60.0    0.0  1.730
  -117.390  36.3396  -40.0   60.0    0.0  1.730
  -117.417  36.3396  -37.0   60.0    0.0  1.730
  -117.444  36.3396  -34.0   60.0    0.0  1.730
  -117.471  36.3396  -31.0   60.0    0.0  1.730
  -117.498  36.3396  -28.0   60.0    0.0  1.730
  -117.525  36.3396  -25.0   60.0    0.0  1.730
  -117.552  36.3396  -22.0   60.0    0.0  1.730
  -117.579  36.3396  -19.0   60.0    0.0  1.730
  -117.606  36.3396  -16.0   60.0    0.0  1.730
  -117.633  36.3396  -13.0   60.0    0.0  1.730
  -117.660  36.3396  -10.0   60.0    0.0  1.730
  -117.687  36.3396   -7.0   60.0    0.0  1.730
  -117.714  36.3396   -4.0   60.0    0.0  1.730
  -117.741  36.3396   -1.0   60.0    0.0  1.720
  -117.768  36.3396    2.0   60.0    0.0  1.720
  -117.795  36.3396    5.0   60.0    0.0  1.730
  -117.822  36.3396    8.0   60.0    0.0  1.740
  -117.849  36.3396   11.0   60.0    0.0  1.740
  -117.876  36.3396   14.0   60.0    0.0  1.740
  -117.903  36.3396   17.0   60.0    0.0  1.750
  -117.930  36.3396   20.0   60.0    0.0  1.740
  -117.957  36.3396   23.0   60.0    0.0  1.730
  -117.984  36.3396   26.0   60.0    0.0  1.730
  -118.011  36.3396   29.0   60.0    0.0  1.720
  -118.038  36.3396   32.0   60.0    0.0  1.720
  -118.065  36.3396   35.0   60.0    0.0  1.730
  -118.092  36.3396   38.0   60.0    0.0  1.730
  -118.119  36.3396   41.0   60.0    0.0  1.730
  -118.146  36.3396   44.0   60.0    0.0  1.730
  -118.173  36.3396   47.0   60.0    0.0  1.730
  -118.200  36.3396   50.0   60.0    0.0  1.730
  -118.227  36.3396   53.0   60.0    0.0  1.730
  -118.254  36.3396   56.0   60.0    0.0  1.730
  -118.281  36.3396   59.0   60.0    0.0  1.730
  -118.308  36.3396   62.0   60.0    0.0  1.730
  -118.335  36.3396   65.0   60.0    0.0  1.730
  -118.362  36.3396   68.0   60.0    0.0  1.730
  -118.388  36.3396   71.0   60.0    0.0  1.730
  -117.201  36.3666  -61.0   63.0    0.0  1.690
  -117.228  36.3666  -58.0   63.0    0.0  1.680
  -117.255  36.3666  -55.0   63.0    0.0  1.670
  -117.282  36.3666  -52.0   63.0    0.0  1.690
  -117.309  36.3666  -49.0   63.0    0.0  1.720
  -117.336  36.3666  -46.0   63.0    0.0  1.730
  -117.363  36.3666  -43.0   63.0    0.0  1.730
  -117.390  36.3666  -40.0   63.0    0.0  1.730
  -117.417  36.3666  -37.0   63.0    0.0  1.730
  -117.444  36.3666  -34.0   63.0    0.0  1.730
  -117.471  36.3666  -31.0   63.0    0.0  1.730
  -117.498  36.3666  -28.0   63.0    0.0  1.730
  -117.525  36.3666  -25.0   63.0    0.0  1.730
  -117.552  36.3666  -22.0   63.0    0.0  1.730
  -117.579  36.3666  -19.0   63.0    0.0  1.730
  -117.606  36.3666  -16.0   63.0    0.0  1.730
  -117.633  36.3666  -13.0   63.0    0.0  1.730
  -117.660  36.3666  -10.0   63.0    0.0  1.730
  -117.687  36.3666   -7.0   63.0    0.0  1.730
  -117.714  36.3666   -4.0   63.0    0.0  1.730
  -117.741  36.3666   -1.0   63.0    0.0  1.730
  -117.768  36.3666    2.0   63.0    0.0  1.730
  -117.795  36.3666    5.0   63.0    0.0  1.750
  -117.822  36.3666    8.0   63.0    0.0  1.750
  -117.849  36.3666   11.0   63.0    0.0  1.750
  -117.876  36.3666   14.0   63.0    0.0  1.740
  -117.903  36.3666   17.0   63.0    0.0  1.720
  -117.930  36.3666   20.0   63.0    0.0  1.720
  -117.957  36.3666   23.0   63.0    0.0  1.720
  -117.984  36.3666   26.0   63.0    0.0  1.720
  -118.011  36.3666   29.0   63.0    0.0  1.730
  -118.038  36.3666   32.0   63.0    0.0  1.720
  -118.065  36.3666   35.0   63.0    0.0  1.710
  -118.092  36.3666   38.0   63.0    0.0  1.710
  -118.119  36.3666   41.0   63.0    0.0  1.730
  -118.146  36.3666   44.0   63.0    0.0  1.730
  -118.173  36.3666   47.0   63.0    0.0  1.730
  -118.200  36.3666   50.0   63.0    0.0  1.730
  -118.227  36.3666   53.0   63.0    0.0  1.730
  -118.254  36.3666   56.0   63.0    0.0  1.730
  -118.281  36.3666   59.0   63.0    0.0  1.730
  -118.308  36.3666   62.0   63.0    0.0  1.730
  -118.335  36.3666   65.0   63.0    0.0  1.730
  -118.362  36.3666   68.0   63.0    0.0  1.730
  -118.388  36.3666   71.0   63.0    0.0  1.730
  -117.201  36.3936  -61.0   66.0    0.0  1.730
  -117.228  36.3936  -58.0   66.0    0.0  1.680
  -117.255  36.3936  -55.0   66.0    0.0  1.680
  -117.282  36.3936  -52.0   66.0    0.0  1.690
  -117.309  36.3936  -49.0   66.0    0.0  1.720
  -117.336  36.3936  -46.0   66.0    0.0  1.730
  -117.363  36.3936  -43.0   66.0    0.0  1.730
  -117.390  36.3936  -40.0   66.0    0.0  1.730
  -117.417  36.3936  -37.0   66.0    0.0  1.730
  -117.444  36.3936  -34.0   66.0    0.0  1.730
  -117.471  36.3936  -31.0   66.0    0.0  1.730
  -117.498  36.3936  -28.0   66.0    0.0  1.730
  -117.525  36.3936  -25.0   66.0    0.0  1.730
  -117.552  36.3936  -22.0   66.0    0.0  1.730
  -117.579  36.3936  -19.0   66.0    0.0  1.730
  -117.606  36.3936  -16.0   66.0    0.0  1.730
  -117.633  36.3936  -13.0   66.0    0.0  1.730
  -117.660  36.3936  -10.0   66.0    0.0  1.730
  -117.687  36.3936   -7.0   66.0    0.0  1.730
  -117.714  36.3936   -4.0   66.0    0.0  1.730
  -117.741  36.3936   -1.0   66.0    0.0  1.740
  -117.768  36.3936    2.0   66.0    0.0  1.850
  -117.795  36.3936    5.0   66.0    0.0  1.840
  -117.822  36.3936    8.0   66.0    0.0  1.780
  -117.849  36.3936   11.0   66.0    0.0  1.770
  -117.876  36.3936   14.0   66.0    0.0  1.740
  -117.903  36.3936   17.0   66.0    0.0  1.700
  -117.930  36.3936   20.0   66.0    0.0  1.700
  -117.957  36.3936   23.0   66.0    0.0  1.720
  -117.984  36.3936   26.0   66.0    0.0  1.730
  -118.011  36.3936   29.0   66.0    0.0  1.730
  -118.038  36.3936   32.0   66.0    0.0  1.720
  -118.065  36.3936   35.0   66.0    0.0  1.690
  -118.092  36.3936   38.0   66.0    0.0  1.700
  -118.119  36.3936   41.0   66.0    0.0  1.720
  -118.146  36.3936   44.0   66.0    0.0  1.730
  -118.173  36.3936   47.0   66.0    0.0  1.730
  -118.200  36.3936   50.0   66.0    0.0  1.730
  -118.227  36.3936   53.0   66.0    0.0  1.730
  -118.254  36.3936   56.0   66.0    0.0  1.730
  -118.281  36.3936   59.0   66.0    0.0  1.730
  -118.308  36.3936   62.0   66.0    0.0  1.730
  -118.335  36.3936   65.0   66.0    0.0  1.730
  -118.362  36.3936   68.0   66.0    0.0  1.730
  -118.388  36.3936   71.0   66.0    0.0  1.730
  -117.201  35.5032  -61.0  -33.0    3.0  1.730
  -117.228  35.5032  -58.0  -33.0    3.0  1.740
  -117.255  35.5032  -55.0  -33.0    3.0  1.740
  -117.282  35.5032  -52.0  -33.0    3.0  1.730
  -117.309  35.5032  -49.0  -33.0    3.0  1.710
  -117.336  35.5032  -46.0  -33.0    3.0  1.690
  -117.363  35.5032  -43.0  -33.0    3.0  1.690
  -117.390  35.5032  -40.0  -33.0    3.0  1.700
  -117.417  35.5032  -37.0  -33.0    3.0  1.740
  -117.444  35.5032  -34.0  -33.0    3.0  1.740
  -117.471  35.5032  -31.0  -33.0    3.0  1.720
  -117.498  35.5032  -28.0  -33.0    3.0  1.730
  -117.525  35.5032  -25.0  -33.0    3.0  1.740
  -117.552  35.5032  -22.0  -33.0    3.0  1.770
  -117.579  35.5032  -19.0  -33.0    3.0  1.800
  -117.606  35.5032  -16.0  -33.0    3.0  1.820
  -117.633  35.5032  -13.0  -33.0    3.0  1.800
  -117.660  35.5032  -10.0  -33.0    3.0  1.850
  -117.687  35.5032   -7.0  -33.0    3.0  1.670
  -117.714  35.5032   -4.0  -33.0    3.0  1.730
  -117.741  35.5032   -1.0  -33.0    3.0  1.680
  -117.768  35.5032    2.0  -33.0    3.0  1.720
  -117.795  35.5032    5.0  -33.0    3.0  1.770
  -117.822  35.5032    8.0  -33.0    3.0  1.780
  -117.849  35.5032   11.0  -33.0    3.0  1.680
  -117.876  35.5032   14.0  -33.0    3.0  1.720
  -117.903  35.5032   17.0  -33.0    3.0  1.730
  -117.930  35.5032   20.0  -33.0    3.0  1.770
  -117.957  35.5032   23.0  -33.0    3.0  1.790
  -117.984  35.5032   26.0  -33.0    3.0  1.760
  -118.011  35.5032   29.0  -33.0    3.0  1.740
  -118.038  35.5032   32.0  -33.0    3.0  1.740
  -118.065  35.5032   35.0  -33.0    3.0  1.730
  -118.092  35.5032   38.0  -33.0    3.0  1.720
  -118.119  35.5032   41.0  -33.0    3.0  1.710
  -118.146  35.5032   44.0  -33.0    3.0  1.710
  -118.173  35.5032   47.0  -33.0    3.0  1.710
  -118.200  35.5032   50.0  -33.0    3.0  1.720
  -118.227  35.5032   53.0  -33.0    3.0  1.750
  -118.254  35.5032   56.0  -33.0    3.0  1.750
  -118.281  35.5032   59.0  -33.0    3.0  1.760
  -118.308  35.5032   62.0  -33.0    3.0  1.740
  -118.335  35.5032   65.0  -33.0    3.0  1.700
  -118.362  35.5032   68.0  -33.0    3.0  1.690
  -118.388  35.5032   71.0  -33.0    3.0  1.690
  -117.201  35.5302  -61.0  -30.0    3.0  1.750
  -117.228  35.5302  -58.0  -30.0    3.0  1.740
  -117.255  35.5302  -55.0  -30.0    3.0  1.740
  -117.282  35.5302  -52.0  -30.0    3.0  1.720
  -117.309  35.5302  -49.0  -30.0    3.0  1.690
  -117.336  35.5302  -46.0  -30.0    3.0  1.670
  -117.363  35.5302  -43.0  -30.0    3.0  1.650
  -117.390  35.5302  -40.0  -30.0    3.0  1.680
  -117.417  35.5302  -37.0  -30.0    3.0  1.740
  -117.444  35.5302  -34.0  -30.0    3.0  1.780
  -117.471  35.5302  -31.0  -30.0    3.0  1.760
  -117.498  35.5302  -28.0  -30.0    3.0  1.760
  -117.525  35.5302  -25.0  -30.0    3.0  1.750
  -117.552  35.5302  -22.0  -30.0    3.0  1.770
  -117.579  35.5302  -19.0  -30.0    3.0  1.800
  -117.606  35.5302  -16.0  -30.0    3.0  1.800
  -117.633  35.5302  -13.0  -30.0    3.0  1.800
  -117.660  35.5302  -10.0  -30.0    3.0  1.800
  -117.687  35.5302   -7.0  -30.0    3.0  1.890
  -117.714  35.5302   -4.0  -30.0    3.0  1.790
  -117.741  35.5302   -1.0  -30.0    3.0  1.840
  -117.768  35.5302    2.0  -30.0    3.0  1.770
  -117.795  35.5302    5.0  -30.0    3.0  1.740
  -117.822  35.5302    8.0  -30.0    3.0  1.710
  -117.849  35.5302   11.0  -30.0    3.0  1.670
  -117.876  35.5302   14.0  -30.0    3.0  1.680
  -117.903  35.5302   17.0  -30.0    3.0  1.720
  -117.930  35.5302   20.0  -30.0    3.0  1.730
  -117.957  35.5302   23.0  -30.0    3.0  1.740
  -117.984  35.5302   26.0  -30.0    3.0  1.740
  -118.011  35.5302   29.0  -30.0    3.0  1.750
  -118.038  35.5302   32.0  -30.0    3.0  1.750
  -118.065  35.5302   35.0  -30.0    3.0  1.750
  -118.092  35.5302   38.0  -30.0    3.0  1.740
  -118.119  35.5302   41.0  -30.0    3.0  1.730
  -118.146  35.5302   44.0  -30.0    3.0  1.720
  -118.173  35.5302   47.0  -30.0    3.0  1.700
  -118.200  35.5302   50.0  -30.0    3.0  1.720
  -118.227  35.5302   53.0  -30.0    3.0  1.770
  -118.254  35.5302   56.0  -30.0    3.0  1.770
  -118.281  35.5302   59.0  -30.0    3.0  1.710
  -118.308  35.5302   62.0  -30.0    3.0  1.690
  -118.335  35.5302   65.0  -30.0    3.0  1.710
  -118.362  35.5302   68.0  -30.0    3.0  1.700
  -118.388  35.5302   71.0  -30.0    3.0  1.680
  -117.201  35.5572  -61.0  -27.0    3.0  1.740
  -117.228  35.5572  -58.0  -27.0    3.0  1.740
  -117.255  35.5572  -55.0  -27.0    3.0  1.740
  -117.282  35.5572  -52.0  -27.0    3.0  1.730
  -117.309  35.5572  -49.0  -27.0    3.0  1.720
  -117.336  35.5572  -46.0  -27.0    3.0  1.710
  -117.363  35.5572  -43.0  -27.0    3.0  1.700
  -117.390  35.5572  -40.0  -27.0    3.0  1.730
  -117.417  35.5572  -37.0  -27.0    3.0  1.790
  -117.444  35.5572  -34.0  -27.0    3.0  1.840
  -117.471  35.5572  -31.0  -27.0    3.0  1.760
  -117.498  35.5572  -28.0  -27.0    3.0  1.760
  -117.525  35.5572  -25.0  -27.0    3.0  1.760
  -117.552  35.5572  -22.0  -27.0    3.0  1.770
  -117.579  35.5572  -19.0  -27.0    3.0  1.780
  -117.606  35.5572  -16.0  -27.0    3.0  1.780
  -117.633  35.5572  -13.0  -27.0    3.0  1.770
  -117.660  35.5572  -10.0  -27.0    3.0  1.800
  -117.687  35.5572   -7.0  -27.0    3.0  1.850
  -117.714  35.5572   -4.0  -27.0    3.0  1.740
  -117.741  35.5572   -1.0  -27.0    3.0  1.780
  -117.768  35.5572    2.0  -27.0    3.0  1.770
  -117.795  35.5572    5.0  -27.0    3.0  1.740
  -117.822  35.5572    8.0  -27.0    3.0  1.710
  -117.849  35.5572   11.0  -27.0    3.0  1.670
  -117.876  35.5572   14.0  -27.0    3.0  1.660
  -117.903  35.5572   17.0  -27.0    3.0  1.660
  -117.930  35.5572   20.0  -27.0    3.0  1.660
  -117.957  35.5572   23.0  -27.0    3.0  1.670
  -117.984  35.5572   26.0  -27.0    3.0  1.700
  -118.011  35.5572   29.0  -27.0    3.0  1.730
  -118.038  35.5572   32.0  -27.0    3.0  1.740
  -118.065  35.5572   35.0  -27.0    3.0  1.730
  -118.092  35.5572   38.0  -27.0    3.0  1.740
  -118.119  35.5572   41.0  -27.0    3.0  1.760
  -118.146  35.5572   44.0  -27.0    3.0  1.740
  -118.173  35.5572   47.0  -27.0    3.0  1.710
  -118.200  35.5572   50.0  -27.0    3.0  1.730
  -118.227  35.5572   53.0  -27.0    3.0  1.760
  -118.254  35.5572   56.0  -27.0    3.0  1.740
  -118.281  35.5572   59.0  -27.0    3.0  1.720
  -118.308  35.5572   62.0  -27.0    3.0  1.740
  -118.335  35.5572   65.0  -27.0    3.0  1.760
  -118.362  35.5572   68.0  -27.0    3.0  1.700
  -118.388  35.5572   71.0  -27.0    3.0  1.630
  -117.201  35.5842  -61.0  -24.0    3.0  1.740
  -117.228  35.5842  -58.0  -24.0    3.0  1.740
  -117.255  35.5842  -55.0  -24.0    3.0  1.740
  -117.282  35.5842  -52.0  -24.0    3.0  1.740
  -117.309  35.5842  -49.0  -24.0    3.0  1.750
  -117.336  35.5842  -46.0  -24.0    3.0  1.750
  -117.363  35.5842  -43.0  -24.0    3.0  1.760
  -117.390  35.5842  -40.0  -24.0    3.0  1.790
  -117.417  35.5842  -37.0  -24.0    3.0  1.830
  -117.444  35.5842  -34.0  -24.0    3.0  1.870
  -117.471  35.5842  -31.0  -24.0    3.0  1.800
  -117.498  35.5842  -28.0  -24.0    3.0  1.730
  -117.525  35.5842  -25.0  -24.0    3.0  1.730
  -117.552  35.5842  -22.0  -24.0    3.0  1.740
  -117.579  35.5842  -19.0  -24.0    3.0  1.760
  -117.606  35.5842  -16.0  -24.0    3.0  1.770
  -117.633  35.5842  -13.0  -24.0    3.0  1.740
  -117.660  35.5842  -10.0  -24.0    3.0  1.800
  -117.687  35.5842   -7.0  -24.0    3.0  1.760
  -117.714  35.5842   -4.0  -24.0    3.0  1.710
  -117.741  35.5842   -1.0  -24.0    3.0  1.720
  -117.768  35.5842    2.0  -24.0    3.0  1.720
  -117.795  35.5842    5.0  -24.0    3.0  1.720
  -117.822  35.5842    8.0  -24.0    3.0  1.710
  -117.849  35.5842   11.0  -24.0    3.0  1.680
  -117.876  35.5842   14.0  -24.0    3.0  1.640
  -117.903  35.5842   17.0  -24.0    3.0  1.600
  -117.930  35.5842   20.0  -24.0    3.0  1.590
  -117.957  35.5842   23.0  -24.0    3.0  1.610
  -117.984  35.5842   26.0  -24.0    3.0  1.660
  -118.011  35.5842   29.0  -24.0    3.0  1.710
  -118.038  35.5842   32.0  -24.0    3.0  1.730
  -118.065  35.5842   35.0  -24.0    3.0  1.720
  -118.092  35.5842   38.0  -24.0    3.0  1.740
  -118.119  35.5842   41.0  -24.0    3.0  1.780
  -118.146  35.5842   44.0  -24.0    3.0  1.770
  -118.173  35.5842   47.0  -24.0    3.0  1.730
  -118.200  35.5842   50.0  -24.0    3.0  1.730
  -118.227  35.5842   53.0  -24.0    3.0  1.750
  -118.254  35.5842   56.0  -24.0    3.0  1.740
  -118.281  35.5842   59.0  -24.0    3.0  1.730
  -118.308  35.5842   62.0  -24.0    3.0  1.750
  -118.335  35.5842   65.0  -24.0    3.0  1.750
  -118.362  35.5842   68.0  -24.0    3.0  1.710
  -118.388  35.5842   71.0  -24.0    3.0  1.600
  -117.201  35.6111  -61.0  -21.0    3.0  1.730
  -117.228  35.6111  -58.0  -21.0    3.0  1.730
  -117.255  35.6111  -55.0  -21.0    3.0  1.730
  -117.282  35.6111  -52.0  -21.0    3.0  1.730
  -117.309  35.6111  -49.0  -21.0    3.0  1.730
  -117.336  35.6111  -46.0  -21.0    3.0  1.730
  -117.363  35.6111  -43.0  -21.0    3.0  1.730
  -117.390  35.6111  -40.0  -21.0    3.0  1.760
  -117.417  35.6111  -37.0  -21.0    3.0  1.790
  -117.444  35.6111  -34.0  -21.0    3.0  1.830
  -117.471  35.6111  -31.0  -21.0    3.0  1.760
  -117.498  35.6111  -28.0  -21.0    3.0  1.750
  -117.525  35.6111  -25.0  -21.0    3.0  1.750
  -117.552  35.6111  -22.0  -21.0    3.0  1.780
  -117.579  35.6111  -19.0  -21.0    3.0  1.730
  -117.606  35.6111  -16.0  -21.0    3.0  1.710
  -117.633  35.6111  -13.0  -21.0    3.0  1.720
  -117.660  35.6111  -10.0  -21.0    3.0  1.760
  -117.687  35.6111   -7.0  -21.0    3.0  1.690
  -117.714  35.6111   -4.0  -21.0    3.0  1.700
  -117.741  35.6111   -1.0  -21.0    3.0  1.710
  -117.768  35.6111    2.0  -21.0    3.0  1.710
  -117.795  35.6111    5.0  -21.0    3.0  1.730
  -117.822  35.6111    8.0  -21.0    3.0  1.700
  -117.849  35.6111   11.0  -21.0    3.0  1.670
  -117.876  35.6111   14.0  -21.0    3.0  1.640
  -117.903  35.6111   17.0  -21.0    3.0  1.610
  -117.930  35.6111   20.0  -21.0    3.0  1.630
  -117.957  35.6111   23.0  -21.0    3.0  1.660
  -117.984  35.6111   26.0  -21.0    3.0  1.700
  -118.011  35.6111   29.0  -21.0    3.0  1.710
  -118.038  35.6111   32.0  -21.0    3.0  1.710
  -118.065  35.6111   35.0  -21.0    3.0  1.710
  -118.092  35.6111   38.0  -21.0    3.0  1.730
  -118.119  35.6111   41.0  -21.0    3.0  1.750
  -118.146  35.6111   44.0  -21.0    3.0  1.750
  -118.173  35.6111   47.0  -21.0    3.0  1.730
  -118.200  35.6111   50.0  -21.0    3.0  1.730
  -118.227  35.6111   53.0  -21.0    3.0  1.750
  -118.254  35.6111   56.0  -21.0    3.0  1.750
  -118.281  35.6111   59.0  -21.0    3.0  1.740
  -118.308  35.6111   62.0  -21.0    3.0  1.740
  -118.335  35.6111   65.0  -21.0    3.0  1.760
  -118.362  35.6111   68.0  -21.0    3.0  1.760
  -118.388  35.6111   71.0  -21.0    3.0  1.710
  -117.201  35.6381  -61.0  -18.0    3.0  1.720
  -117.228  35.6381  -58.0  -18.0    3.0  1.720
  -117.255  35.6381  -55.0  -18.0    3.0  1.730
  -117.282  35.6381  -52.0  -18.0    3.0  1.720
  -117.309  35.6381  -49.0  -18.0    3.0  1.720
  -117.336  35.6381  -46.0  -18.0    3.0  1.720
  -117.363  35.6381  -43.0  -18.0    3.0  1.710
  -117.390  35.6381  -40.0  -18.0    3.0  1.730
  -117.417  35.6381  -37.0  -18.0    3.0  1.760
  -117.444  35.6381  -34.0  -18.0    3.0  1.780
  -117.471  35.6381  -31.0  -18.0    3.0  1.730
  -117.498  35.6381  -28.0  -18.0    3.0  1.740
  -117.525  35.6381  -25.0  -18.0    3.0  1.780
  -117.552  35.6381  -22.0  -18.0    3.0  1.790
  -117.579  35.6381  -19.0  -18.0    3.0  1.830
  -117.606  35.6381  -16.0  -18.0    3.0  1.750
  -117.633  35.6381  -13.0  -18.0    3.0  1.730
  -117.660  35.6381  -10.0  -18.0    3.0  1.700
  -117.687  35.6381   -7.0  -18.0    3.0  1.660
  -117.714  35.6381   -4.0  -18.0    3.0  1.690
  -117.741  35.6381   -1.0  -18.0    3.0  1.720
  -117.768  35.6381    2.0  -18.0    3.0  1.720
  -117.795  35.6381    5.0  -18.0    3.0  1.750
  -117.822  35.6381    8.0  -18.0    3.0  1.770
  -117.849  35.6381   11.0  -18.0    3.0  1.700
  -117.876  35.6381   14.0  -18.0    3.0  1.600
  -117.903  35.6381   17.0  -18.0    3.0  1.650
  -117.930  35.6381   20.0  -18.0    3.0  1.670
  -117.957  35.6381   23.0  -18.0    3.0  1.700
  -117.984  35.6381   26.0  -18.0    3.0  1.720
  -118.011  35.6381   29.0  -18.0    3.0  1.720
  -118.038  35.6381   32.0  -18.0    3.0  1.710
  -118.065  35.6381   35.0  -18.0    3.0  1.700
  -118.092  35.6381   38.0  -18.0    3.0  1.710
  -118.119  35.6381   41.0  -18.0    3.0  1.720
  -118.146  35.6381   44.0  -18.0    3.0  1.730
  -118.173  35.6381   47.0  -18.0    3.0  1.730
  -118.200  35.6381   50.0  -18.0    3.0  1.740
  -118.227  35.6381   53.0  -18.0    3.0  1.760
  -118.254  35.6381   56.0  -18.0    3.0  1.750
  -118.281  35.6381   59.0  -18.0    3.0  1.740
  -118.308  35.6381   62.0  -18.0    3.0  1.750
  -118.335  35.6381   65.0  -18.0    3.0  1.780
  -118.362  35.6381   68.0  -18.0    3.0  1.800
  -118.388  35.6381   71.0  -18.0    3.0  1.810
  -117.201  35.6651  -61.0  -15.0    3.0  1.710
  -117.228  35.6651  -58.0  -15.0    3.0  1.710
  -117.255  35.6651  -55.0  -15.0    3.0  1.720
  -117.282  35.6651  -52.0  -15.0    3.0  1.720
  -117.309  35.6651  -49.0  -15.0    3.0  1.730
  -117.336  35.6651  -46.0  -15.0    3.0  1.720
  -117.363  35.6651  -43.0  -15.0    3.0  1.720
  -117.390  35.6651  -40.0  -15.0    3.0  1.730
  -117.417  35.6651  -37.0  -15.0    3.0  1.750
  -117.444  35.6651  -34.0  -15.0    3.0  1.750
  -117.471  35.6651  -31.0  -15.0    3.0  1.720
  -117.498  35.6651  -28.0  -15.0    3.0  1.750
  -117.525  35.6651  -25.0  -15.0    3.0  1.810
  -117.552  35.6651  -22.0  -15.0    3.0  1.770
  -117.579  35.6651  -19.0  -15.0    3.0  1.800
  -117.606  35.6651  -16.0  -15.0    3.0  1.700
  -117.633  35.6651  -13.0  -15.0    3.0  1.780
  -117.660  35.6651  -10.0  -15.0    3.0  1.750
  -117.687  35.6651   -7.0  -15.0    3.0  1.700
  -117.714  35.6651   -4.0  -15.0    3.0  1.660
  -117.741  35.6651   -1.0  -15.0    3.0  1.670
  -117.768  35.6651    2.0  -15.0    3.0  1.690
  -117.795  35.6651    5.0  -15.0    3.0  1.740
  -117.822  35.6651    8.0  -15.0    3.0  1.770
  -117.849  35.6651   11.0  -15.0    3.0  1.580
  -117.876  35.6651   14.0  -15.0    3.0  1.590
  -117.903  35.6651   17.0  -15.0    3.0  1.600
  -117.930  35.6651   20.0  -15.0    3.0  1.710
  -117.957  35.6651   23.0  -15.0    3.0  1.740
  -117.984  35.6651   26.0  -15.0    3.0  1.710
  -118.011  35.6651   29.0  -15.0    3.0  1.750
  -118.038  35.6651   32.0  -15.0    3.0  1.700
  -118.065  35.6651   35.0  -15.0    3.0  1.690
  -118.092  35.6651   38.0  -15.0    3.0  1.700
  -118.119  35.6651   41.0  -15.0    3.0  1.740
  -118.146  35.6651   44.0  -15.0    3.0  1.730
  -118.173  35.6651   47.0  -15.0    3.0  1.700
  -118.200  35.6651   50.0  -15.0    3.0  1.720
  -118.227  35.6651   53.0  -15.0    3.0  1.750
  -118.254  35.6651   56.0  -15.0    3.0  1.730
  -118.281  35.6651   59.0  -15.0    3.0  1.710
  -118.308  35.6651   62.0  -15.0    3.0  1.710
  -118.335  35.6651   65.0  -15.0    3.0  1.710
  -118.362  35.6651   68.0  -15.0    3.0  1.730
  -118.388  35.6651   71.0  -15.0    3.0  1.760
  -117.201  35.6921  -61.0  -12.0    3.0  1.700
  -117.228  35.6921  -58.0  -12.0    3.0  1.700
  -117.255  35.6921  -55.0  -12.0    3.0  1.720
  -117.282  35.6921  -52.0  -12.0    3.0  1.720
  -117.309  35.6921  -49.0  -12.0    3.0  1.730
  -117.336  35.6921  -46.0  -12.0    3.0  1.730
  -117.363  35.6921  -43.0  -12.0    3.0  1.730
  -117.390  35.6921  -40.0  -12.0    3.0  1.730
  -117.417  35.6921  -37.0  -12.0    3.0  1.730
  -117.444  35.6921  -34.0  -12.0    3.0  1.720
  -117.471  35.6921  -31.0  -12.0    3.0  1.700
  -117.498  35.6921  -28.0  -12.0    3.0  1.740
  -117.525  35.6921  -25.0  -12.0    3.0  1.810
  -117.552  35.6921  -22.0  -12.0    3.0  1.790
  -117.579  35.6921  -19.0  -12.0    3.0  1.740
  -117.606  35.6921  -16.0  -12.0    3.0  1.740
  -117.633  35.6921  -13.0  -12.0    3.0  1.760
  -117.660  35.6921  -10.0  -12.0    3.0  1.720
  -117.687  35.6921   -7.0  -12.0    3.0  1.740
  -117.714  35.6921   -4.0  -12.0    3.0  1.750
  -117.741  35.6921   -1.0  -12.0    3.0  1.700
  -117.768  35.6921    2.0  -12.0    3.0  1.690
  -117.795  35.6921    5.0  -12.0    3.0  1.730
  -117.822  35.6921    8.0  -12.0    3.0  1.670
  -117.849  35.6921   11.0  -12.0    3.0  1.580
  -117.876  35.6921   14.0  -12.0    3.0  1.580
  -117.903  35.6921   17.0  -12.0    3.0  1.640
  -117.930  35.6921   20.0  -12.0    3.0  1.620
  -117.957  35.6921   23.0  -12.0    3.0  1.750
  -117.984  35.6921   26.0  -12.0    3.0  1.780
  -118.011  35.6921   29.0  -12.0    3.0  1.740
  -118.038  35.6921   32.0  -12.0    3.0  1.720
  -118.065  35.6921   35.0  -12.0    3.0  1.690
  -118.092  35.6921   38.0  -12.0    3.0  1.700
  -118.119  35.6921   41.0  -12.0    3.0  1.740
  -118.146  35.6921   44.0  -12.0    3.0  1.710
  -118.173  35.6921   47.0  -12.0    3.0  1.660
  -118.200  35.6921   50.0  -12.0    3.0  1.660
  -118.227  35.6921   53.0  -12.0    3.0  1.700
  -118.254  35.6921   56.0  -12.0    3.0  1.700
  -118.281  35.6921   59.0  -12.0    3.0  1.700
  -118.308  35.6921   62.0  -12.0    3.0  1.680
  -118.335  35.6921   65.0  -12.0    3.0  1.650
  -118.362  35.6921   68.0  -12.0    3.0  1.670
  -118.388  35.6921   71.0  -12.0    3.0  1.720
  -117.201  35.7191  -61.0   -9.0    3.0  1.720
  -117.228  35.7191  -58.0   -9.0    3.0  1.720
  -117.255  35.7191  -55.0   -9.0    3.0  1.720
  -117.282  35.7191  -52.0   -9.0    3.0  1.720
  -117.309  35.7191  -49.0   -9.0    3.0  1.740
  -117.336  35.7191  -46.0   -9.0    3.0  1.740
  -117.363  35.7191  -43.0   -9.0    3.0  1.740
  -117.390  35.7191  -40.0   -9.0    3.0  1.730
  -117.417  35.7191  -37.0   -9.0    3.0  1.730
  -117.444  35.7191  -34.0   -9.0    3.0  1.720
  -117.471  35.7191  -31.0   -9.0    3.0  1.710
  -117.498  35.7191  -28.0   -9.0    3.0  1.730
  -117.525  35.7191  -25.0   -9.0    3.0  1.800
  -117.552  35.7191  -22.0   -9.0    3.0  1.780
  -117.579  35.7191  -19.0   -9.0    3.0  1.700
  -117.606  35.7191  -16.0   -9.0    3.0  1.760
  -117.633  35.7191  -13.0   -9.0    3.0  1.790
  -117.660  35.7191  -10.0   -9.0    3.0  1.770
  -117.687  35.7191   -7.0   -9.0    3.0  1.780
  -117.714  35.7191   -4.0   -9.0    3.0  1.700
  -117.741  35.7191   -1.0   -9.0    3.0  1.530
  -117.768  35.7191    2.0   -9.0    3.0  1.640
  -117.795  35.7191    5.0   -9.0    3.0  1.730
  -117.822  35.7191    8.0   -9.0    3.0  1.660
  -117.849  35.7191   11.0   -9.0    3.0  1.630
  -117.876  35.7191   14.0   -9.0    3.0  1.620
  -117.903  35.7191   17.0   -9.0    3.0  1.680
  -117.930  35.7191   20.0   -9.0    3.0  1.640
  -117.957  35.7191   23.0   -9.0    3.0  1.680
  -117.984  35.7191   26.0   -9.0    3.0  1.780
  -118.011  35.7191   29.0   -9.0    3.0  1.770
  -118.038  35.7191   32.0   -9.0    3.0  1.740
  -118.065  35.7191   35.0   -9.0    3.0  1.680
  -118.092  35.7191   38.0   -9.0    3.0  1.670
  -118.119  35.7191   41.0   -9.0    3.0  1.720
  -118.146  35.7191   44.0   -9.0    3.0  1.660
  -118.173  35.7191   47.0   -9.0    3.0  1.630
  -118.200  35.7191   50.0   -9.0    3.0  1.680
  -118.227  35.7191   53.0   -9.0    3.0  1.730
  -118.254  35.7191   56.0   -9.0    3.0  1.710
  -118.281  35.7191   59.0   -9.0    3.0  1.690
  -118.308  35.7191   62.0   -9.0    3.0  1.670
  -118.335  35.7191   65.0   -9.0    3.0  1.650
  -118.362  35.7191   68.0   -9.0    3.0  1.680
  -118.388  35.7191   71.0   -9.0    3.0  1.720
  -117.201  35.7460  -61.0   -6.0    3.0  1.740
  -117.228  35.7460  -58.0   -6.0    3.0  1.730
  -117.255  35.7460  -55.0   -6.0    3.0  1.720
  -117.282  35.7460  -52.0   -6.0    3.0  1.730
  -117.309  35.7460  -49.0   -6.0    3.0  1.740
  -117.336  35.7460  -46.0   -6.0    3.0  1.750
  -117.363  35.7460  -43.0   -6.0    3.0  1.740
  -117.390  35.7460  -40.0   -6.0    3.0  1.730
  -117.417  35.7460  -37.0   -6.0    3.0  1.730
  -117.444  35.7460  -34.0   -6.0    3.0  1.720
  -117.471  35.7460  -31.0   -6.0    3.0  1.710
  -117.498  35.7460  -28.0   -6.0    3.0  1.720
  -117.525  35.7460  -25.0   -6.0    3.0  1.780
  -117.552  35.7460  -22.0   -6.0    3.0  1.740
  -117.579  35.7460  -19.0   -6.0    3.0  1.720
  -117.606  35.7460  -16.0   -6.0    3.0  1.750
  -117.633  35.7460  -13.0   -6.0    3.0  1.760
  -117.660  35.7460  -10.0   -6.0    3.0  1.750
  -117.687  35.7460   -7.0   -6.0    3.0  1.750
  -117.714  35.7460   -4.0   -6.0    3.0  1.680
  -117.741  35.7460   -1.0   -6.0    3.0  1.620
  -117.768  35.7460    2.0   -6.0    3.0  1.700
  -117.795  35.7460    5.0   -6.0    3.0  1.720
  -117.822  35.7460    8.0   -6.0    3.0  1.680
  -117.849  35.7460   11.0   -6.0    3.0  1.660
  -117.876  35.7460   14.0   -6.0    3.0  1.650
  -117.903  35.7460   17.0   -6.0    3.0  1.650
  -117.930  35.7460   20.0   -6.0    3.0  1.680
  -117.957  35.7460   23.0   -6.0    3.0  1.620
  -117.984  35.7460   26.0   -6.0    3.0  1.740
  -118.011  35.7460   29.0   -6.0    3.0  1.830
  -118.038  35.7460   32.0   -6.0    3.0  1.760
  -118.065  35.7460   35.0   -6.0    3.0  1.700
  -118.092  35.7460   38.0   -6.0    3.0  1.710
  -118.119  35.7460   41.0   -6.0    3.0  1.700
  -118.146  35.7460   44.0   -6.0    3.0  1.710
  -118.173  35.7460   47.0   -6.0    3.0  1.730
  -118.200  35.7460   50.0   -6.0    3.0  1.720
  -118.227  35.7460   53.0   -6.0    3.0  1.710
  -118.254  35.7460   56.0   -6.0    3.0  1.700
  -118.281  35.7460   59.0   -6.0    3.0  1.660
  -118.308  35.7460   62.0   -6.0    3.0  1.650
  -118.335  35.7460   65.0   -6.0    3.0  1.650
  -118.362  35.7460   68.0   -6.0    3.0  1.690
  -118.388  35.7460   71.0   -6.0    3.0  1.720
  -117.201  35.7730  -61.0   -3.0    3.0  1.740
  -117.228  35.7730  -58.0   -3.0    3.0  1.730
  -117.255  35.7730  -55.0   -3.0    3.0  1.720
  -117.282  35.7730  -52.0   -3.0    3.0  1.720
  -117.309  35.7730  -49.0   -3.0    3.0  1.730
  -117.336  35.7730  -46.0   -3.0    3.0  1.740
  -117.363  35.7730  -43.0   -3.0    3.0  1.750
  -117.390  35.7730  -40.0   -3.0    3.0  1.740
  -117.417  35.7730  -37.0   -3.0    3.0  1.730
  -117.444  35.7730  -34.0   -3.0    3.0  1.720
  -117.471  35.7730  -31.0   -3.0    3.0  1.720
  -117.498  35.7730  -28.0   -3.0    3.0  1.730
  -117.525  35.7730  -25.0   -3.0    3.0  1.760
  -117.552  35.7730  -22.0   -3.0    3.0  1.740
  -117.579  35.7730  -19.0   -3.0    3.0  1.700
  -117.606  35.7730  -16.0   -3.0    3.0  1.800
  -117.633  35.7730  -13.0   -3.0    3.0  1.830
  -117.660  35.7730  -10.0   -3.0    3.0  1.700
  -117.687  35.7730   -7.0   -3.0    3.0  1.710
  -117.714  35.7730   -4.0   -3.0    3.0  1.610
  -117.741  35.7730   -1.0   -3.0    3.0  1.680
  -117.768  35.7730    2.0   -3.0    3.0  1.690
  -117.795  35.7730    5.0   -3.0    3.0  1.690
  -117.822  35.7730    8.0   -3.0    3.0  1.670
  -117.849  35.7730   11.0   -3.0    3.0  1.670
  -117.876  35.7730   14.0   -3.0    3.0  1.670
  -117.903  35.7730   17.0   -3.0    3.0  1.620
  -117.930  35.7730   20.0   -3.0    3.0  1.680
  -117.957  35.7730   23.0   -3.0    3.0  1.740
  -117.984  35.7730   26.0   -3.0    3.0  1.850
  -118.011  35.7730   29.0   -3.0    3.0  1.710
  -118.038  35.7730   32.0   -3.0    3.0  1.720
  -118.065  35.7730   35.0   -3.0    3.0  1.750
  -118.092  35.7730   38.0   -3.0    3.0  1.730
  -118.119  35.7730   41.0   -3.0    3.0  1.740
  -118.146  35.7730   44.0   -3.0    3.0  1.760
  -118.173  35.7730   47.0   -3.0    3.0  1.750
  -118.200  35.7730   50.0   -3.0    3.0  1.720
  -118.227  35.7730   53.0   -3.0    3.0  1.720
  -118.254  35.7730   56.0   -3.0    3.0  1.700
  -118.281  35.7730   59.0   -3.0    3.0  1.680
  -118.308  35.7730   62.0   -3.0    3.0  1.700
  -118.335  35.7730   65.0   -3.0    3.0  1.720
  -118.362  35.7730   68.0   -3.0    3.0  1.720
  -118.388  35.7730   71.0   -3.0    3.0  1.710
  -117.201  35.8000  -61.0    0.0    3.0  1.740
  -117.228  35.8000  -58.0    0.0    3.0  1.730
  -117.255  35.8000  -55.0    0.0    3.0  1.720
  -117.282  35.8000  -52.0    0.0    3.0  1.710
  -117.309  35.8000  -49.0    0.0    3.0  1.710
  -117.336  35.8000  -46.0    0.0    3.0  1.730
  -117.363  35.8000  -43.0    0.0    3.0  1.760
  -117.390  35.8000  -40.0    0.0    3.0  1.750
  -117.417  35.8000  -37.0    0.0    3.0  1.730
  -117.444  35.8000  -34.0    0.0    3.0  1.690
  -117.471  35.8000  -31.0    0.0    3.0  1.720
  -117.498  35.8000  -28.0    0.0    3.0  1.730
  -117.525  35.8000  -25.0    0.0    3.0  1.740
  -117.552  35.8000  -22.0    0.0    3.0  1.750
  -117.579  35.8000  -19.0    0.0    3.0  1.750
  -117.606  35.8000  -16.0    0.0    3.0  1.820
  -117.633  35.8000  -13.0    0.0    3.0  1.770
  -117.660  35.8000  -10.0    0.0    3.0  1.770
  -117.687  35.8000   -7.0    0.0    3.0  1.640
  -117.714  35.8000   -4.0    0.0    3.0  1.570
  -117.741  35.8000   -1.0    0.0    3.0  1.700
  -117.768  35.8000    2.0    0.0    3.0  1.690
  -117.795  35.8000    5.0    0.0    3.0  1.570
  -117.822  35.8000    8.0    0.0    3.0  1.640
  -117.849  35.8000   11.0    0.0    3.0  1.680
  -117.876  35.8000   14.0    0.0    3.0  1.690
  -117.903  35.8000   17.0    0.0    3.0  1.600
  -117.930  35.8000   20.0    0.0    3.0  1.650
  -117.957  35.8000   23.0    0.0    3.0  1.680
  -117.984  35.8000   26.0    0.0    3.0  1.700
  -118.011  35.8000   29.0    0.0    3.0  1.700
  -118.038  35.8000   32.0    0.0    3.0  1.740
  -118.065  35.8000   35.0    0.0    3.0  1.780
  -118.092  35.8000   38.0    0.0    3.0  1.770
  -118.119  35.8000   41.0    0.0    3.0  1.740
  -118.146  35.8000   44.0    0.0    3.0  1.730
  -118.173  35.8000   47.0    0.0    3.0  1.720
  -118.200  35.8000   50.0    0.0    3.0  1.720
  -118.227  35.8000   53.0    0.0    3.0  1.710
  -118.254  35.8000   56.0    0.0    3.0  1.710
  -118.281  35.8000   59.0    0.0    3.0  1.720
  -118.308  35.8000   62.0    0.0    3.0  1.730
  -118.335  35.8000   65.0    0.0    3.0  1.770
  -118.362  35.8000   68.0    0.0    3.0  1.750
  -118.388  35.8000   71.0    0.0    3.0  1.710
  -117.201  35.8270  -61.0    3.0    3.0  1.730
  -117.228  35.8270  -58.0    3.0    3.0  1.730
  -117.255  35.8270  -55.0    3.0    3.0  1.710
  -117.282  35.8270  -52.0    3.0    3.0  1.690
  -117.309  35.8270  -49.0    3.0    3.0  1.670
  -117.336  35.8270  -46.0    3.0    3.0  1.700
  -117.363  35.8270  -43.0    3.0    3.0  1.740
  -117.390  35.8270  -40.0    3.0    3.0  1.750
  -117.417  35.8270  -37.0    3.0    3.0  1.700
  -117.444  35.8270  -34.0    3.0    3.0  1.720
  -117.471  35.8270  -31.0    3.0    3.0  1.720
  -117.498  35.8270  -28.0    3.0    3.0  1.720
  -117.525  35.8270  -25.0    3.0    3.0  1.730
  -117.552  35.8270  -22.0    3.0    3.0  1.730
  -117.579  35.8270  -19.0    3.0    3.0  1.780
  -117.606  35.8270  -16.0    3.0    3.0  1.770
  -117.633  35.8270  -13.0    3.0    3.0  1.770
  -117.660  35.8270  -10.0    3.0    3.0  1.850
  -117.687  35.8270   -7.0    3.0    3.0  1.770
  -117.714  35.8270   -4.0    3.0    3.0  1.660
  -117.741  35.8270   -1.0    3.0    3.0  1.650
  -117.768  35.8270    2.0    3.0    3.0  1.680
  -117.795  35.8270    5.0    3.0    3.0  1.600
  -117.822  35.8270    8.0    3.0    3.0  1.710
  -117.849  35.8270   11.0    3.0    3.0  1.760
  -117.876  35.8270   14.0    3.0    3.0  1.700
  -117.903  35.8270   17.0    3.0    3.0  1.670
  -117.930  35.8270   20.0    3.0    3.0  1.700
  -117.957  35.8270   23.0    3.0    3.0  1.700
  -117.984  35.8270   26.0    3.0    3.0  1.700
  -118.011  35.8270   29.0    3.0    3.0  1.700
  -118.038  35.8270   32.0    3.0    3.0  1.720
  -118.065  35.8270   35.0    3.0    3.0  1.730
  -118.092  35.8270   38.0    3.0    3.0  1.730
  -118.119  35.8270   41.0    3.0    3.0  1.700
  -118.146  35.8270   44.0    3.0    3.0  1.700
  -118.173  35.8270   47.0    3.0    3.0  1.730
  -118.200  35.8270   50.0    3.0    3.0  1.720
  -118.227  35.8270   53.0    3.0    3.0  1.700
  -118.254  35.8270   56.0    3.0    3.0  1.690
  -118.281  35.8270   59.0    3.0    3.0  1.690
  -118.308  35.8270   62.0    3.0    3.0  1.710
  -118.335  35.8270   65.0    3.0    3.0  1.730
  -118.362  35.8270   68.0    3.0    3.0  1.720
  -118.388  35.8270   71.0    3.0    3.0  1.700
  -117.201  35.8540  -61.0    6.0    3.0  1.730
  -117.228  35.8540  -58.0    6.0    3.0  1.720
  -117.255  35.8540  -55.0    6.0    3.0  1.700
  -117.282  35.8540  -52.0    6.0    3.0  1.670
  -117.309  35.8540  -49.0    6.0    3.0  1.640
  -117.336  35.8540  -46.0    6.0    3.0  1.670
  -117.363  35.8540  -43.0    6.0    3.0  1.720
  -117.390  35.8540  -40.0    6.0    3.0  1.710
  -117.417  35.8540  -37.0    6.0    3.0  1.700
  -117.444  35.8540  -34.0    6.0    3.0  1.740
  -117.471  35.8540  -31.0    6.0    3.0  1.750
  -117.498  35.8540  -28.0    6.0    3.0  1.740
  -117.525  35.8540  -25.0    6.0    3.0  1.710
  -117.552  35.8540  -22.0    6.0    3.0  1.730
  -117.579  35.8540  -19.0    6.0    3.0  1.820
  -117.606  35.8540  -16.0    6.0    3.0  1.720
  -117.633  35.8540  -13.0    6.0    3.0  1.770
  -117.660  35.8540  -10.0    6.0    3.0  1.840
  -117.687  35.8540   -7.0    6.0    3.0  1.790
  -117.714  35.8540   -4.0    6.0    3.0  1.570
  -117.741  35.8540   -1.0    6.0    3.0  1.620
  -117.768  35.8540    2.0    6.0    3.0  1.750
  -117.795  35.8540    5.0    6.0    3.0  1.590
  -117.822  35.8540    8.0    6.0    3.0  1.700
  -117.849  35.8540   11.0    6.0    3.0  1.710
  -117.876  35.8540   14.0    6.0    3.0  1.710
  -117.903  35.8540   17.0    6.0    3.0  1.600
  -117.930  35.8540   20.0    6.0    3.0  1.610
  -117.957  35.8540   23.0    6.0    3.0  1.740
  -117.984  35.8540   26.0    6.0    3.0  1.720
  -118.011  35.8540   29.0    6.0    3.0  1.710
  -118.038  35.8540   32.0    6.0    3.0  1.690
  -118.065  35.8540   35.0    6.0    3.0  1.680
  -118.092  35.8540   38.0    6.0    3.0  1.670
  -118.119  35.8540   41.0    6.0    3.0  1.680
  -118.146  35.8540   44.0    6.0    3.0  1.720
  -118.173  35.8540   47.0    6.0    3.0  1.730
  -118.200  35.8540   50.0    6.0    3.0  1.710
  -118.227  35.8540   53.0    6.0    3.0  1.670
  -118.254  35.8540   56.0    6.0    3.0  1.660
  -118.281  35.8540   59.0    6.0    3.0  1.680
  -118.308  35.8540   62.0    6.0    3.0  1.680
  -118.335  35.8540   65.0    6.0    3.0  1.680
  -118.362  35.8540   68.0    6.0    3.0  1.690
  -118.388  35.8540   71.0    6.0    3.0  1.690
  -117.201  35.8809  -61.0    9.0    3.0  1.730
  -117.228  35.8809  -58.0    9.0    3.0  1.720
  -117.255  35.8809  -55.0    9.0    3.0  1.710
  -117.282  35.8809  -52.0    9.0    3.0  1.690
  -117.309  35.8809  -49.0    9.0    3.0  1.660
  -117.336  35.8809  -46.0    9.0    3.0  1.680
  -117.363  35.8809  -43.0    9.0    3.0  1.740
  -117.390  35.8809  -40.0    9.0    3.0  1.760
  -117.417  35.8809  -37.0    9.0    3.0  1.770
  -117.444  35.8809  -34.0    9.0    3.0  1.760
  -117.471  35.8809  -31.0    9.0    3.0  1.750
  -117.498  35.8809  -28.0    9.0    3.0  1.740
  -117.525  35.8809  -25.0    9.0    3.0  1.710
  -117.552  35.8809  -22.0    9.0    3.0  1.730
  -117.579  35.8809  -19.0    9.0    3.0  1.770
  -117.606  35.8809  -16.0    9.0    3.0  1.740
  -117.633  35.8809  -13.0    9.0    3.0  1.730
  -117.660  35.8809  -10.0    9.0    3.0  1.800
  -117.687  35.8809   -7.0    9.0    3.0  1.700
  -117.714  35.8809   -4.0    9.0    3.0  1.700
  -117.741  35.8809   -1.0    9.0    3.0  1.620
  -117.768  35.8809    2.0    9.0    3.0  1.830
  -117.795  35.8809    5.0    9.0    3.0  1.750
  -117.822  35.8809    8.0    9.0    3.0  1.600
  -117.849  35.8809   11.0    9.0    3.0  1.710
  -117.876  35.8809   14.0    9.0    3.0  1.780
  -117.903  35.8809   17.0    9.0    3.0  1.710
  -117.930  35.8809   20.0    9.0    3.0  1.750
  -117.957  35.8809   23.0    9.0    3.0  1.700
  -117.984  35.8809   26.0    9.0    3.0  1.700
  -118.011  35.8809   29.0    9.0    3.0  1.730
  -118.038  35.8809   32.0    9.0    3.0  1.710
  -118.065  35.8809   35.0    9.0    3.0  1.690
  -118.092  35.8809   38.0    9.0    3.0  1.660
  -118.119  35.8809   41.0    9.0    3.0  1.700
  -118.146  35.8809   44.0    9.0    3.0  1.700
  -118.173  35.8809   47.0    9.0    3.0  1.710
  -118.200  35.8809   50.0    9.0    3.0  1.690
  -118.227  35.8809   53.0    9.0    3.0  1.660
  -118.254  35.8809   56.0    9.0    3.0  1.660
  -118.281  35.8809   59.0    9.0    3.0  1.680
  -118.308  35.8809   62.0    9.0    3.0  1.690
  -118.335  35.8809   65.0    9.0    3.0  1.700
  -118.362  35.8809   68.0    9.0    3.0  1.700
  -118.388  35.8809   71.0    9.0    3.0  1.710
  -117.201  35.9079  -61.0   12.0    3.0  1.730
  -117.228  35.9079  -58.0   12.0    3.0  1.720
  -117.255  35.9079  -55.0   12.0    3.0  1.720
  -117.282  35.9079  -52.0   12.0    3.0  1.700
  -117.309  35.9079  -49.0   12.0    3.0  1.680
  -117.336  35.9079  -46.0   12.0    3.0  1.700
  -117.363  35.9079  -43.0   12.0    3.0  1.760
  -117.390  35.9079  -40.0   12.0    3.0  1.800
  -117.417  35.9079  -37.0   12.0    3.0  1.850
  -117.444  35.9079  -34.0   12.0    3.0  1.840
  -117.471  35.9079  -31.0   12.0    3.0  1.800
  -117.498  35.9079  -28.0   12.0    3.0  1.740
  -117.525  35.9079  -25.0   12.0    3.0  1.650
  -117.552  35.9079  -22.0   12.0    3.0  1.700
  -117.579  35.9079  -19.0   12.0    3.0  1.750
  -117.606  35.9079  -16.0   12.0    3.0  1.740
  -117.633  35.9079  -13.0   12.0    3.0  1.730
  -117.660  35.9079  -10.0   12.0    3.0  1.670
  -117.687  35.9079   -7.0   12.0    3.0  1.680
  -117.714  35.9079   -4.0   12.0    3.0  1.790
  -117.741  35.9079   -1.0   12.0    3.0  1.600
  -117.768  35.9079    2.0   12.0    3.0  1.730
  -117.795  35.9079    5.0   12.0    3.0  1.760
  -117.822  35.9079    8.0   12.0    3.0  1.650
  -117.849  35.9079   11.0   12.0    3.0  1.800
  -117.876  35.9079   14.0   12.0    3.0  1.760
  -117.903  35.9079   17.0   12.0    3.0  1.810
  -117.930  35.9079   20.0   12.0    3.0  1.700
  -117.957  35.9079   23.0   12.0    3.0  1.640
  -117.984  35.9079   26.0   12.0    3.0  1.680
  -118.011  35.9079   29.0   12.0    3.0  1.690
  -118.038  35.9079   32.0   12.0    3.0  1.720
  -118.065  35.9079   35.0   12.0    3.0  1.710
  -118.092  35.9079   38.0   12.0    3.0  1.690
  -118.119  35.9079   41.0   12.0    3.0  1.690
  -118.146  35.9079   44.0   12.0    3.0  1.690
  -118.173  35.9079   47.0   12.0    3.0  1.690
  -118.200  35.9079   50.0   12.0    3.0  1.680
  -118.227  35.9079   53.0   12.0    3.0  1.660
  -118.254  35.9079   56.0   12.0    3.0  1.670
  -118.281  35.9079   59.0   12.0    3.0  1.680
  -118.308  35.9079   62.0   12.0    3.0  1.700
  -118.335  35.9079   65.0   12.0    3.0  1.710
  -118.362  35.9079   68.0   12.0    3.0  1.720
  -118.388  35.9079   71.0   12.0    3.0  1.730
  -117.201  35.9349  -61.0   15.0    3.0  1.730
  -117.228  35.9349  -58.0   15.0    3.0  1.730
  -117.255  35.9349  -55.0   15.0    3.0  1.720
  -117.282  35.9349  -52.0   15.0    3.0  1.710
  -117.309  35.9349  -49.0   15.0    3.0  1.700
  -117.336  35.9349  -46.0   15.0    3.0  1.720
  -117.363  35.9349  -43.0   15.0    3.0  1.760
  -117.390  35.9349  -40.0   15.0    3.0  1.810
  -117.417  35.9349  -37.0   15.0    3.0  1.800
  -117.444  35.9349  -34.0   15.0    3.0  1.800
  -117.471  35.9349  -31.0   15.0    3.0  1.780
  -117.498  35.9349  -28.0   15.0    3.0  1.760
  -117.525  35.9349  -25.0   15.0    3.0  1.640
  -117.552  35.9349  -22.0   15.0    3.0  1.690
  -117.579  35.9349  -19.0   15.0    3.0  1.670
  -117.606  35.9349  -16.0   15.0    3.0  1.770
  -117.633  35.9349  -13.0   15.0    3.0  1.760
  -117.660  35.9349  -10.0   15.0    3.0  1.730
  -117.687  35.9349   -7.0   15.0    3.0  1.750
  -117.714  35.9349   -4.0   15.0    3.0  1.770
  -117.741  35.9349   -1.0   15.0    3.0  1.650
  -117.768  35.9349    2.0   15.0    3.0  1.570
  -117.795  35.9349    5.0   15.0    3.0  1.660
  -117.822  35.9349    8.0   15.0    3.0  1.720
  -117.849  35.9349   11.0   15.0    3.0  1.710
  -117.876  35.9349   14.0   15.0    3.0  1.710
  -117.903  35.9349   17.0   15.0    3.0  1.730
  -117.930  35.9349   20.0   15.0    3.0  1.690
  -117.957  35.9349   23.0   15.0    3.0  1.790
  -117.984  35.9349   26.0   15.0    3.0  1.740
  -118.011  35.9349   29.0   15.0    3.0  1.730
  -118.038  35.9349   32.0   15.0    3.0  1.720
  -118.065  35.9349   35.0   15.0    3.0  1.700
  -118.092  35.9349   38.0   15.0    3.0  1.700
  -118.119  35.9349   41.0   15.0    3.0  1.710
  -118.146  35.9349   44.0   15.0    3.0  1.710
  -118.173  35.9349   47.0   15.0    3.0  1.700
  -118.200  35.9349   50.0   15.0    3.0  1.700
  -118.227  35.9349   53.0   15.0    3.0  1.690
  -118.254  35.9349   56.0   15.0    3.0  1.690
  -118.281  35.9349   59.0   15.0    3.0  1.700
  -118.308  35.9349   62.0   15.0    3.0  1.710
  -118.335  35.9349   65.0   15.0    3.0  1.720
  -118.362  35.9349   68.0   15.0    3.0  1.730
  -118.388  35.9349   71.0   15.0    3.0  1.730
  -117.201  35.9619  -61.0   18.0    3.0  1.680
  -117.228  35.9619  -58.0   18.0    3.0  1.730
  -117.255  35.9619  -55.0   18.0    3.0  1.730
  -117.282  35.9619  -52.0   18.0    3.0  1.720
  -117.309  35.9619  -49.0   18.0    3.0  1.720
  -117.336  35.9619  -46.0   18.0    3.0  1.740
  -117.363  35.9619  -43.0   18.0    3.0  1.770
  -117.390  35.9619  -40.0   18.0    3.0  1.800
  -117.417  35.9619  -37.0   18.0    3.0  1.790
  -117.444  35.9619  -34.0   18.0    3.0  1.760
  -117.471  35.9619  -31.0   18.0    3.0  1.760
  -117.498  35.9619  -28.0   18.0    3.0  1.650
  -117.525  35.9619  -25.0   18.0    3.0  1.640
  -117.552  35.9619  -22.0   18.0    3.0  1.700
  -117.579  35.9619  -19.0   18.0    3.0  1.680
  -117.606  35.9619  -16.0   18.0    3.0  1.720
  -117.633  35.9619  -13.0   18.0    3.0  1.750
  -117.660  35.9619  -10.0   18.0    3.0  1.780
  -117.687  35.9619   -7.0   18.0    3.0  1.910
  -117.714  35.9619   -4.0   18.0    3.0  1.800
  -117.741  35.9619   -1.0   18.0    3.0  1.680
  -117.768  35.9619    2.0   18.0    3.0  1.650
  -117.795  35.9619    5.0   18.0    3.0  1.760
  -117.822  35.9619    8.0   18.0    3.0  1.670
  -117.849  35.9619   11.0   18.0    3.0  1.790
  -117.876  35.9619   14.0   18.0    3.0  1.820
  -117.903  35.9619   17.0   18.0    3.0  1.750
  -117.930  35.9619   20.0   18.0    3.0  1.840
  -117.957  35.9619   23.0   18.0    3.0  1.790
  -117.984  35.9619   26.0   18.0    3.0  1.790
  -118.011  35.9619   29.0   18.0    3.0  1.770
  -118.038  35.9619   32.0   18.0    3.0  1.740
  -118.065  35.9619   35.0   18.0    3.0  1.690
  -118.092  35.9619   38.0   18.0    3.0  1.720
  -118.119  35.9619   41.0   18.0    3.0  1.730
  -118.146  35.9619   44.0   18.0    3.0  1.720
  -118.173  35.9619   47.0   18.0    3.0  1.710
  -118.200  35.9619   50.0   18.0    3.0  1.710
  -118.227  35.9619   53.0   18.0    3.0  1.710
  -118.254  35.9619   56.0   18.0    3.0  1.710
  -118.281  35.9619   59.0   18.0    3.0  1.710
  -118.308  35.9619   62.0   18.0    3.0  1.720
  -118.335  35.9619   65.0   18.0    3.0  1.730
  -118.362  35.9619   68.0   18.0    3.0  1.730
  -118.388  35.9619   71.0   18.0    3.0  1.730
  -117.201  35.9889  -61.0   21.0    3.0  1.730
  -117.228  35.9889  -58.0   21.0    3.0  1.730
  -117.255  35.9889  -55.0   21.0    3.0  1.730
  -117.282  35.9889  -52.0   21.0    3.0  1.730
  -117.309  35.9889  -49.0   21.0    3.0  1.720
  -117.336  35.9889  -46.0   21.0    3.0  1.730
  -117.363  35.9889  -43.0   21.0    3.0  1.750
  -117.390  35.9889  -40.0   21.0    3.0  1.760
  -117.417  35.9889  -37.0   21.0    3.0  1.790
  -117.444  35.9889  -34.0   21.0    3.0  1.790
  -117.471  35.9889  -31.0   21.0    3.0  1.800
  -117.498  35.9889  -28.0   21.0    3.0  1.750
  -117.525  35.9889  -25.0   21.0    3.0  1.650
  -117.552  35.9889  -22.0   21.0    3.0  1.640
  -117.579  35.9889  -19.0   21.0    3.0  1.730
  -117.606  35.9889  -16.0   21.0    3.0  1.700
  -117.633  35.9889  -13.0   21.0    3.0  1.700
  -117.660  35.9889  -10.0   21.0    3.0  1.760
  -117.687  35.9889   -7.0   21.0    3.0  1.820
  -117.714  35.9889   -4.0   21.0    3.0  1.720
  -117.741  35.9889   -1.0   21.0    3.0  1.660
  -117.768  35.9889    2.0   21.0    3.0  1.750
  -117.795  35.9889    5.0   21.0    3.0  1.620
  -117.822  35.9889    8.0   21.0    3.0  1.670
  -117.849  35.9889   11.0   21.0    3.0  1.660
  -117.876  35.9889   14.0   21.0    3.0  1.740
  -117.903  35.9889   17.0   21.0    3.0  1.770
  -117.930  35.9889   20.0   21.0    3.0  1.730
  -117.957  35.9889   23.0   21.0    3.0  1.690
  -117.984  35.9889   26.0   21.0    3.0  1.760
  -118.011  35.9889   29.0   21.0    3.0  1.750
  -118.038  35.9889   32.0   21.0    3.0  1.730
  -118.065  35.9889   35.0   21.0    3.0  1.690
  -118.092  35.9889   38.0   21.0    3.0  1.700
  -118.119  35.9889   41.0   21.0    3.0  1.750
  -118.146  35.9889   44.0   21.0    3.0  1.730
  -118.173  35.9889   47.0   21.0    3.0  1.720
  -118.200  35.9889   50.0   21.0    3.0  1.720
  -118.227  35.9889   53.0   21.0    3.0  1.740
  -118.254  35.9889   56.0   21.0    3.0  1.720
  -118.281  35.9889   59.0   21.0    3.0  1.690
  -118.308  35.9889   62.0   21.0    3.0  1.700
  -118.335  35.9889   65.0   21.0    3.0  1.720
  -118.362  35.9889   68.0   21.0    3.0  1.730
  -118.388  35.9889   71.0   21.0    3.0  1.730
  -117.201  36.0158  -61.0   24.0    3.0  1.730
  -117.228  36.0158  -58.0   24.0    3.0  1.730
  -117.255  36.0158  -55.0   24.0    3.0  1.730
  -117.282  36.0158  -52.0   24.0    3.0  1.730
  -117.309  36.0158  -49.0   24.0    3.0  1.730
  -117.336  36.0158  -46.0   24.0    3.0  1.730
  -117.363  36.0158  -43.0   24.0    3.0  1.730
  -117.390  36.0158  -40.0   24.0    3.0  1.740
  -117.417  36.0158  -37.0   24.0    3.0  1.780
  -117.444  36.0158  -34.0   24.0    3.0  1.730
  -117.471  36.0158  -31.0   24.0    3.0  1.760
  -117.498  36.0158  -28.0   24.0    3.0  1.740
  -117.525  36.0158  -25.0   24.0    3.0  1.770
  -117.552  36.0158  -22.0   24.0    3.0  1.780
  -117.579  36.0158  -19.0   24.0    3.0  1.710
  -117.606  36.0158  -16.0   24.0    3.0  1.630
  -117.633  36.0158  -13.0   24.0    3.0  1.650
  -117.660  36.0158  -10.0   24.0    3.0  1.780
  -117.687  36.0158   -7.0   24.0    3.0  1.670
  -117.714  36.0158   -4.0   24.0    3.0  1.740
  -117.741  36.0158   -1.0   24.0    3.0  1.870
  -117.768  36.0158    2.0   24.0    3.0  1.870
  -117.795  36.0158    5.0   24.0    3.0  1.710
  -117.822  36.0158    8.0   24.0    3.0  1.710
  -117.849  36.0158   11.0   24.0    3.0  1.890
  -117.876  36.0158   14.0   24.0    3.0  1.790
  -117.903  36.0158   17.0   24.0    3.0  1.710
  -117.930  36.0158   20.0   24.0    3.0  1.670
  -117.957  36.0158   23.0   24.0    3.0  1.680
  -117.984  36.0158   26.0   24.0    3.0  1.730
  -118.011  36.0158   29.0   24.0    3.0  1.720
  -118.038  36.0158   32.0   24.0    3.0  1.710
  -118.065  36.0158   35.0   24.0    3.0  1.680
  -118.092  36.0158   38.0   24.0    3.0  1.690
  -118.119  36.0158   41.0   24.0    3.0  1.780
  -118.146  36.0158   44.0   24.0    3.0  1.750
  -118.173  36.0158   47.0   24.0    3.0  1.720
  -118.200  36.0158   50.0   24.0    3.0  1.730
  -118.227  36.0158   53.0   24.0    3.0  1.760
  -118.254  36.0158   56.0   24.0    3.0  1.730
  -118.281  36.0158   59.0   24.0    3.0  1.670
  -118.308  36.0158   62.0   24.0    3.0  1.670
  -118.335  36.0158   65.0   24.0    3.0  1.700
  -118.362  36.0158   68.0   24.0    3.0  1.720
  -118.388  36.0158   71.0   24.0    3.0  1.730
  -117.201  36.0428  -61.0   27.0    3.0  1.730
  -117.228  36.0428  -58.0   27.0    3.0  1.730
  -117.255  36.0428  -55.0   27.0    3.0  1.730
  -117.282  36.0428  -52.0   27.0    3.0  1.730
  -117.309  36.0428  -49.0   27.0    3.0  1.730
  -117.336  36.0428  -46.0   27.0    3.0  1.730
  -117.363  36.0428  -43.0   27.0    3.0  1.720
  -117.390  36.0428  -40.0   27.0    3.0  1.720
  -117.417  36.0428  -37.0   27.0    3.0  1.730
  -117.444  36.0428  -34.0   27.0    3.0  1.750
  -117.471  36.0428  -31.0   27.0    3.0  1.760
  -117.498  36.0428  -28.0   27.0    3.0  1.780
  -117.525  36.0428  -25.0   27.0    3.0  1.720
  -117.552  36.0428  -22.0   27.0    3.0  1.710
  -117.579  36.0428  -19.0   27.0    3.0  1.750
  -117.606  36.0428  -16.0   27.0    3.0  1.710
  -117.633  36.0428  -13.0   27.0    3.0  1.760
  -117.660  36.0428  -10.0   27.0    3.0  1.780
  -117.687  36.0428   -7.0   27.0    3.0  1.650
  -117.714  36.0428   -4.0   27.0    3.0  1.770
  -117.741  36.0428   -1.0   27.0    3.0  1.690
  -117.768  36.0428    2.0   27.0    3.0  1.910
  -117.795  36.0428    5.0   27.0    3.0  1.680
  -117.822  36.0428    8.0   27.0    3.0  1.790
  -117.849  36.0428   11.0   27.0    3.0  1.690
  -117.876  36.0428   14.0   27.0    3.0  1.800
  -117.903  36.0428   17.0   27.0    3.0  1.730
  -117.930  36.0428   20.0   27.0    3.0  1.690
  -117.957  36.0428   23.0   27.0    3.0  1.710
  -117.984  36.0428   26.0   27.0    3.0  1.750
  -118.011  36.0428   29.0   27.0    3.0  1.760
  -118.038  36.0428   32.0   27.0    3.0  1.720
  -118.065  36.0428   35.0   27.0    3.0  1.700
  -118.092  36.0428   38.0   27.0    3.0  1.720
  -118.119  36.0428   41.0   27.0    3.0  1.750
  -118.146  36.0428   44.0   27.0    3.0  1.780
  -118.173  36.0428   47.0   27.0    3.0  1.720
  -118.200  36.0428   50.0   27.0    3.0  1.720
  -118.227  36.0428   53.0   27.0    3.0  1.740
  -118.254  36.0428   56.0   27.0    3.0  1.720
  -118.281  36.0428   59.0   27.0    3.0  1.690
  -118.308  36.0428   62.0   27.0    3.0  1.690
  -118.335  36.0428   65.0   27.0    3.0  1.720
  -118.362  36.0428   68.0   27.0    3.0  1.720
  -118.388  36.0428   71.0   27.0    3.0  1.730
  -117.201  36.0698  -61.0   30.0    3.0  1.730
  -117.228  36.0698  -58.0   30.0    3.0  1.730
  -117.255  36.0698  -55.0   30.0    3.0  1.730
  -117.282  36.0698  -52.0   30.0    3.0  1.730
  -117.309  36.0698  -49.0   30.0    3.0  1.730
  -117.336  36.0698  -46.0   30.0    3.0  1.720
  -117.363  36.0698  -43.0   30.0    3.0  1.720
  -117.390  36.0698  -40.0   30.0    3.0  1.710
  -117.417  36.0698  -37.0   30.0    3.0  1.700
  -117.444  36.0698  -34.0   30.0    3.0  1.700
  -117.471  36.0698  -31.0   30.0    3.0  1.700
  -117.498  36.0698  -28.0   30.0    3.0  1.720
  -117.525  36.0698  -25.0   30.0    3.0  1.700
  -117.552  36.0698  -22.0   30.0    3.0  1.720
  -117.579  36.0698  -19.0   30.0    3.0  1.800
  -117.606  36.0698  -16.0   30.0    3.0  1.850
  -117.633  36.0698  -13.0   30.0    3.0  1.750
  -117.660  36.0698  -10.0   30.0    3.0  1.730
  -117.687  36.0698   -7.0   30.0    3.0  1.750
  -117.714  36.0698   -4.0   30.0    3.0  1.730
  -117.741  36.0698   -1.0   30.0    3.0  1.720
  -117.768  36.0698    2.0   30.0    3.0  1.760
  -117.795  36.0698    5.0   30.0    3.0  1.620
  -117.822  36.0698    8.0   30.0    3.0  1.760
  -117.849  36.0698   11.0   30.0    3.0  1.660
  -117.876  36.0698   14.0   30.0    3.0  1.700
  -117.903  36.0698   17.0   30.0    3.0  1.690
  -117.930  36.0698   20.0   30.0    3.0  1.710
  -117.957  36.0698   23.0   30.0    3.0  1.730
  -117.984  36.0698   26.0   30.0    3.0  1.760
  -118.011  36.0698   29.0   30.0    3.0  1.790
  -118.038  36.0698   32.0   30.0    3.0  1.770
  -118.065  36.0698   35.0   30.0    3.0  1.770
  -118.092  36.0698   38.0   30.0    3.0  1.740
  -118.119  36.0698   41.0   30.0    3.0  1.740
  -118.146  36.0698   44.0   30.0    3.0  1.770
  -118.173  36.0698   47.0   30.0    3.0  1.730
  -118.200  36.0698   50.0   30.0    3.0  1.710
  -118.227  36.0698   53.0   30.0    3.0  1.720
  -118.254  36.0698   56.0   30.0    3.0  1.720
  -118.281  36.0698   59.0   30.0    3.0  1.710
  -118.308  36.0698   62.0   30.0    3.0  1.710
  -118.335  36.0698   65.0   30.0    3.0  1.730
  -118.362  36.0698   68.0   30.0    3.0  1.730
  -118.388  36.0698   71.0   30.0    3.0  1.730
  -117.201  36.0968  -61.0   33.0    3.0  1.730
  -117.228  36.0968  -58.0   33.0    3.0  1.730
  -117.255  36.0968  -55.0   33.0    3.0  1.730
  -117.282  36.0968  -52.0   33.0    3.0  1.730
  -117.309  36.0968  -49.0   33.0    3.0  1.730
  -117.336  36.0968  -46.0   33.0    3.0  1.730
  -117.363  36.0968  -43.0   33.0    3.0  1.720
  -117.390  36.0968  -40.0   33.0    3.0  1.710
  -117.417  36.0968  -37.0   33.0    3.0  1.700
  -117.444  36.0968  -34.0   33.0    3.0  1.700
  -117.471  36.0968  -31.0   33.0    3.0  1.690
  -117.498  36.0968  -28.0   33.0    3.0  1.690
  -117.525  36.0968  -25.0   33.0    3.0  1.720
  -117.552  36.0968  -22.0   33.0    3.0  1.730
  -117.579  36.0968  -19.0   33.0    3.0  1.710
  -117.606  36.0968  -16.0   33.0    3.0  1.800
  -117.633  36.0968  -13.0   33.0    3.0  1.780
  -117.660  36.0968  -10.0   33.0    3.0  1.740
  -117.687  36.0968   -7.0   33.0    3.0  1.680
  -117.714  36.0968   -4.0   33.0    3.0  1.720
  -117.741  36.0968   -1.0   33.0    3.0  1.710
  -117.768  36.0968    2.0   33.0    3.0  1.780
  -117.795  36.0968    5.0   33.0    3.0  1.690
  -117.822  36.0968    8.0   33.0    3.0  1.840
  -117.849  36.0968   11.0   33.0    3.0  1.680
  -117.876  36.0968   14.0   33.0    3.0  1.690
  -117.903  36.0968   17.0   33.0    3.0  1.700
  -117.930  36.0968   20.0   33.0    3.0  1.770
  -117.957  36.0968   23.0   33.0    3.0  1.770
  -117.984  36.0968   26.0   33.0    3.0  1.740
  -118.011  36.0968   29.0   33.0    3.0  1.760
  -118.038  36.0968   32.0   33.0    3.0  1.750
  -118.065  36.0968   35.0   33.0    3.0  1.760
  -118.092  36.0968   38.0   33.0    3.0  1.780
  -118.119  36.0968   41.0   33.0    3.0  1.740
  -118.146  36.0968   44.0   33.0    3.0  1.730
  -118.173  36.0968   47.0   33.0    3.0  1.740
  -118.200  36.0968   50.0   33.0    3.0  1.720
  -118.227  36.0968   53.0   33.0    3.0  1.720
  -118.254  36.0968   56.0   33.0    3.0  1.720
  -118.281  36.0968   59.0   33.0    3.0  1.710
  -118.308  36.0968   62.0   33.0    3.0  1.720
  -118.335  36.0968   65.0   33.0    3.0  1.720
  -118.362  36.0968   68.0   33.0    3.0  1.730
  -118.388  36.0968   71.0   33.0    3.0  1.720
  -117.201  36.1238  -61.0   36.0    3.0  1.730
  -117.228  36.1238  -58.0   36.0    3.0  1.730
  -117.255  36.1238  -55.0   36.0    3.0  1.730
  -117.282  36.1238  -52.0   36.0    3.0  1.730
  -117.309  36.1238  -49.0   36.0    3.0  1.730
  -117.336  36.1238  -46.0   36.0    3.0  1.730
  -117.363  36.1238  -43.0   36.0    3.0  1.730
  -117.390  36.1238  -40.0   36.0    3.0  1.720
  -117.417  36.1238  -37.0   36.0    3.0  1.710
  -117.444  36.1238  -34.0   36.0    3.0  1.690
  -117.471  36.1238  -31.0   36.0    3.0  1.680
  -117.498  36.1238  -28.0   36.0    3.0  1.690
  -117.525  36.1238  -25.0   36.0    3.0  1.720
  -117.552  36.1238  -22.0   36.0    3.0  1.730
  -117.579  36.1238  -19.0   36.0    3.0  1.740
  -117.606  36.1238  -16.0   36.0    3.0  1.740
  -117.633  36.1238  -13.0   36.0    3.0  1.750
  -117.660  36.1238  -10.0   36.0    3.0  1.770
  -117.687  36.1238   -7.0   36.0    3.0  1.790
  -117.714  36.1238   -4.0   36.0    3.0  1.680
  -117.741  36.1238   -1.0   36.0    3.0  1.690
  -117.768  36.1238    2.0   36.0    3.0  1.680
  -117.795  36.1238    5.0   36.0    3.0  1.660
  -117.822  36.1238    8.0   36.0    3.0  1.730
  -117.849  36.1238   11.0   36.0    3.0  1.790
  -117.876  36.1238   14.0   36.0    3.0  1.780
  -117.903  36.1238   17.0   36.0    3.0  1.710
  -117.930  36.1238   20.0   36.0    3.0  1.740
  -117.957  36.1238   23.0   36.0    3.0  1.760
  -117.984  36.1238   26.0   36.0    3.0  1.750
  -118.011  36.1238   29.0   36.0    3.0  1.720
  -118.038  36.1238   32.0   36.0    3.0  1.730
  -118.065  36.1238   35.0   36.0    3.0  1.710
  -118.092  36.1238   38.0   36.0    3.0  1.690
  -118.119  36.1238   41.0   36.0    3.0  1.700
  -118.146  36.1238   44.0   36.0    3.0  1.720
  -118.173  36.1238   47.0   36.0    3.0  1.730
  -118.200  36.1238   50.0   36.0    3.0  1.730
  -118.227  36.1238   53.0   36.0    3.0  1.720
  -118.254  36.1238   56.0   36.0    3.0  1.720
  -118.281  36.1238   59.0   36.0    3.0  1.720
  -118.308  36.1238   62.0   36.0    3.0  1.720
  -118.335  36.1238   65.0   36.0    3.0  1.720
  -118.362  36.1238   68.0   36.0    3.0  1.720
  -118.388  36.1238   71.0   36.0    3.0  1.750
  -117.201  36.1507  -61.0   39.0    3.0  1.710
  -117.228  36.1507  -58.0   39.0    3.0  1.730
  -117.255  36.1507  -55.0   39.0    3.0  1.730
  -117.282  36.1507  -52.0   39.0    3.0  1.730
  -117.309  36.1507  -49.0   39.0    3.0  1.730
  -117.336  36.1507  -46.0   39.0    3.0  1.730
  -117.363  36.1507  -43.0   39.0    3.0  1.730
  -117.390  36.1507  -40.0   39.0    3.0  1.720
  -117.417  36.1507  -37.0   39.0    3.0  1.720
  -117.444  36.1507  -34.0   39.0    3.0  1.700
  -117.471  36.1507  -31.0   39.0    3.0  1.690
  -117.498  36.1507  -28.0   39.0    3.0  1.700
  -117.525  36.1507  -25.0   39.0    3.0  1.720
  -117.552  36.1507  -22.0   39.0    3.0  1.730
  -117.579  36.1507  -19.0   39.0    3.0  1.740
  -117.606  36.1507  -16.0   39.0    3.0  1.730
  -117.633  36.1507  -13.0   39.0    3.0  1.750
  -117.660  36.1507  -10.0   39.0    3.0  1.760
  -117.687  36.1507   -7.0   39.0    3.0  1.780
  -117.714  36.1507   -4.0   39.0    3.0  1.710
  -117.741  36.1507   -1.0   39.0    3.0  1.710
  -117.768  36.1507    2.0   39.0    3.0  1.710
  -117.795  36.1507    5.0   39.0    3.0  1.720
  -117.822  36.1507    8.0   39.0    3.0  1.760
  -117.849  36.1507   11.0   39.0    3.0  1.730
  -117.876  36.1507   14.0   39.0    3.0  1.790
  -117.903  36.1507   17.0   39.0    3.0  1.770
  -117.930  36.1507   20.0   39.0    3.0  1.750
  -117.957  36.1507   23.0   39.0    3.0  1.740
  -117.984  36.1507   26.0   39.0    3.0  1.730
  -118.011  36.1507   29.0   39.0    3.0  1.710
  -118.038  36.1507   32.0   39.0    3.0  1.690
  -118.065  36.1507   35.0   39.0    3.0  1.670
  -118.092  36.1507   38.0   39.0    3.0  1.660
  -118.119  36.1507   41.0   39.0    3.0  1.670
  -118.146  36.1507   44.0   39.0    3.0  1.690
  -118.173  36.1507   47.0   39.0    3.0  1.730
  -118.200  36.1507   50.0   39.0    3.0  1.720
  -118.227  36.1507   53.0   39.0    3.0  1.710
  -118.254  36.1507   56.0   39.0    3.0  1.710
  -118.281  36.1507   59.0   39.0    3.0  1.710
  -118.308  36.1507   62.0   39.0    3.0  1.720
  -118.335  36.1507   65.0   39.0    3.0  1.720
  -118.362  36.1507   68.0   39.0    3.0  1.720
  -118.388  36.1507   71.0   39.0    3.0  1.720
  -117.201  36.1777  -61.0   42.0    3.0  1.730
  -117.228  36.1777  -58.0   42.0    3.0  1.730
  -117.255  36.1777  -55.0   42.0    3.0  1.730
  -117.282  36.1777  -52.0   42.0    3.0  1.730
  -117.309  36.1777  -49.0   42.0    3.0  1.730
  -117.336  36.1777  -46.0   42.0    3.0  1.730
  -117.363  36.1777  -43.0   42.0    3.0  1.730
  -117.390  36.1777  -40.0   42.0    3.0  1.730
  -117.417  36.1777  -37.0   42.0    3.0  1.730
  -117.444  36.1777  -34.0   42.0    3.0  1.720
  -117.471  36.1777  -31.0   42.0    3.0  1.700
  -117.498  36.1777  -28.0   42.0    3.0  1.710
  -117.525  36.1777  -25.0   42.0    3.0  1.730
  -117.552  36.1777  -22.0   42.0    3.0  1.730
  -117.579  36.1777  -19.0   42.0    3.0  1.730
  -117.606  36.1777  -16.0   42.0    3.0  1.730
  -117.633  36.1777  -13.0   42.0    3.0  1.730
  -117.660  36.1777  -10.0   42.0    3.0  1.730
  -117.687  36.1777   -7.0   42.0    3.0  1.730
  -117.714  36.1777   -4.0   42.0    3.0  1.720
  -117.741  36.1777   -1.0   42.0    3.0  1.690
  -117.768  36.1777    2.0   42.0    3.0  1.710
  -117.795  36.1777    5.0   42.0    3.0  1.730
  -117.822  36.1777    8.0   42.0    3.0  1.730
  -117.849  36.1777   11.0   42.0    3.0  1.730
  -117.876  36.1777   14.0   42.0    3.0  1.750
  -117.903  36.1777   17.0   42.0    3.0  1.810
  -117.930  36.1777   20.0   42.0    3.0  1.780
  -117.957  36.1777   23.0   42.0    3.0  1.750
  -117.984  36.1777   26.0   42.0    3.0  1.700
  -118.011  36.1777   29.0   42.0    3.0  1.660
  -118.038  36.1777   32.0   42.0    3.0  1.630
  -118.065  36.1777   35.0   42.0    3.0  1.610
  -118.092  36.1777   38.0   42.0    3.0  1.620
  -118.119  36.1777   41.0   42.0    3.0  1.630
  -118.146  36.1777   44.0   42.0    3.0  1.670
  -118.173  36.1777   47.0   42.0    3.0  1.720
  -118.200  36.1777   50.0   42.0    3.0  1.720
  -118.227  36.1777   53.0   42.0    3.0  1.690
  -118.254  36.1777   56.0   42.0    3.0  1.690
  -118.281  36.1777   59.0   42.0    3.0  1.700
  -118.308  36.1777   62.0   42.0    3.0  1.710
  -118.335  36.1777   65.0   42.0    3.0  1.720
  -118.362  36.1777   68.0   42.0    3.0  1.730
  -118.388  36.1777   71.0   42.0    3.0  1.730
  -117.201  36.2047  -61.0   45.0    3.0  1.730
  -117.228  36.2047  -58.0   45.0    3.0  1.730
  -117.255  36.2047  -55.0   45.0    3.0  1.720
  -117.282  36.2047  -52.0   45.0    3.0  1.720
  -117.309  36.2047  -49.0   45.0    3.0  1.720
  -117.336  36.2047  -46.0   45.0    3.0  1.720
  -117.363  36.2047  -43.0   45.0    3.0  1.730
  -117.390  36.2047  -40.0   45.0    3.0  1.730
  -117.417  36.2047  -37.0   45.0    3.0  1.730
  -117.444  36.2047  -34.0   45.0    3.0  1.720
  -117.471  36.2047  -31.0   45.0    3.0  1.710
  -117.498  36.2047  -28.0   45.0    3.0  1.710
  -117.525  36.2047  -25.0   45.0    3.0  1.730
  -117.552  36.2047  -22.0   45.0    3.0  1.740
  -117.579  36.2047  -19.0   45.0    3.0  1.740
  -117.606  36.2047  -16.0   45.0    3.0  1.740
  -117.633  36.2047  -13.0   45.0    3.0  1.740
  -117.660  36.2047  -10.0   45.0    3.0  1.740
  -117.687  36.2047   -7.0   45.0    3.0  1.730
  -117.714  36.2047   -4.0   45.0    3.0  1.730
  -117.741  36.2047   -1.0   45.0    3.0  1.710
  -117.768  36.2047    2.0   45.0    3.0  1.710
  -117.795  36.2047    5.0   45.0    3.0  1.720
  -117.822  36.2047    8.0   45.0    3.0  1.720
  -117.849  36.2047   11.0   45.0    3.0  1.720
  -117.876  36.2047   14.0   45.0    3.0  1.730
  -117.903  36.2047   17.0   45.0    3.0  1.760
  -117.930  36.2047   20.0   45.0    3.0  1.750
  -117.957  36.2047   23.0   45.0    3.0  1.740
  -117.984  36.2047   26.0   45.0    3.0  1.710
  -118.011  36.2047   29.0   45.0    3.0  1.690
  -118.038  36.2047   32.0   45.0    3.0  1.670
  -118.065  36.2047   35.0   45.0    3.0  1.650
  -118.092  36.2047   38.0   45.0    3.0  1.650
  -118.119  36.2047   41.0   45.0    3.0  1.660
  -118.146  36.2047   44.0   45.0    3.0  1.690
  -118.173  36.2047   47.0   45.0    3.0  1.750
  -118.200  36.2047   50.0   45.0    3.0  1.740
  -118.227  36.2047   53.0   45.0    3.0  1.700
  -118.254  36.2047   56.0   45.0    3.0  1.700
  -118.281  36.2047   59.0   45.0    3.0  1.720
  -118.308  36.2047   62.0   45.0    3.0  1.720
  -118.335  36.2047   65.0   45.0    3.0  1.730
  -118.362  36.2047   68.0   45.0    3.0  1.730
  -118.388  36.2047   71.0   45.0    3.0  1.720
  -117.201  36.2317  -61.0   48.0    3.0  1.730
  -117.228  36.2317  -58.0   48.0    3.0  1.730
  -117.255  36.2317  -55.0   48.0    3.0  1.710
  -117.282  36.2317  -52.0   48.0    3.0  1.710
  -117.309  36.2317  -49.0   48.0    3.0  1.710
  -117.336  36.2317  -46.0   48.0    3.0  1.720
  -117.363  36.2317  -43.0   48.0    3.0  1.730
  -117.390  36.2317  -40.0   48.0    3.0  1.730
  -117.417  36.2317  -37.0   48.0    3.0  1.730
  -117.444  36.2317  -34.0   48.0    3.0  1.720
  -117.471  36.2317  -31.0   48.0    3.0  1.710
  -117.498  36.2317  -28.0   48.0    3.0  1.720
  -117.525  36.2317  -25.0   48.0    3.0  1.730
  -117.552  36.2317  -22.0   48.0    3.0  1.740
  -117.579  36.2317  -19.0   48.0    3.0  1.740
  -117.606  36.2317  -16.0   48.0    3.0  1.740
  -117.633  36.2317  -13.0   48.0    3.0  1.740
  -117.660  36.2317  -10.0   48.0    3.0  1.740
  -117.687  36.2317   -7.0   48.0    3.0  1.750
  -117.714  36.2317   -4.0   48.0    3.0  1.740
  -117.741  36.2317   -1.0   48.0    3.0  1.730
  -117.768  36.2317    2.0   48.0    3.0  1.720
  -117.795  36.2317    5.0   48.0    3.0  1.710
  -117.822  36.2317    8.0   48.0    3.0  1.700
  -117.849  36.2317   11.0   48.0    3.0  1.710
  -117.876  36.2317   14.0   48.0    3.0  1.710
  -117.903  36.2317   17.0   48.0    3.0  1.720
  -117.930  36.2317   20.0   48.0    3.0  1.730
  -117.957  36.2317   23.0   48.0    3.0  1.730
  -117.984  36.2317   26.0   48.0    3.0  1.720
  -118.011  36.2317   29.0   48.0    3.0  1.720
  -118.038  36.2317   32.0   48.0    3.0  1.700
  -118.065  36.2317   35.0   48.0    3.0  1.690
  -118.092  36.2317   38.0   48.0    3.0  1.680
  -118.119  36.2317   41.0   48.0    3.0  1.680
  -118.146  36.2317   44.0   48.0    3.0  1.720
  -118.173  36.2317   47.0   48.0    3.0  1.780
  -118.200  36.2317   50.0   48.0    3.0  1.760
  -118.227  36.2317   53.0   48.0    3.0  1.710
  -118.254  36.2317   56.0   48.0    3.0  1.710
  -118.281  36.2317   59.0   48.0    3.0  1.730
  -118.308  36.2317   62.0   48.0    3.0  1.740
  -118.335  36.2317   65.0   48.0    3.0  1.730
  -118.362  36.2317   68.0   48.0    3.0  1.730
  -118.388  36.2317   71.0   48.0    3.0  1.720
  -117.201  36.2587  -61.0   51.0    3.0  1.740
  -117.228  36.2587  -58.0   51.0    3.0  1.720
  -117.255  36.2587  -55.0   51.0    3.0  1.680
  -117.282  36.2587  -52.0   51.0    3.0  1.680
  -117.309  36.2587  -49.0   51.0    3.0  1.700
  -117.336  36.2587  -46.0   51.0    3.0  1.710
  -117.363  36.2587  -43.0   51.0    3.0  1.720
  -117.390  36.2587  -40.0   51.0    3.0  1.730
  -117.417  36.2587  -37.0   51.0    3.0  1.730
  -117.444  36.2587  -34.0   51.0    3.0  1.730
  -117.471  36.2587  -31.0   51.0    3.0  1.720
  -117.498  36.2587  -28.0   51.0    3.0  1.720
  -117.525  36.2587  -25.0   51.0    3.0  1.730
  -117.552  36.2587  -22.0   51.0    3.0  1.740
  -117.579  36.2587  -19.0   51.0    3.0  1.740
  -117.606  36.2587  -16.0   51.0    3.0  1.740
  -117.633  36.2587  -13.0   51.0    3.0  1.740
  -117.660  36.2587  -10.0   51.0    3.0  1.740
  -117.687  36.2587   -7.0   51.0    3.0  1.750
  -117.714  36.2587   -4.0   51.0    3.0  1.750
  -117.741  36.2587   -1.0   51.0    3.0  1.740
  -117.768  36.2587    2.0   51.0    3.0  1.740
  -117.795  36.2587    5.0   51.0    3.0  1.730
  -117.822  36.2587    8.0   51.0    3.0  1.730
  -117.849  36.2587   11.0   51.0    3.0  1.730
  -117.876  36.2587   14.0   51.0    3.0  1.730
  -117.903  36.2587   17.0   51.0    3.0  1.740
  -117.930  36.2587   20.0   51.0    3.0  1.740
  -117.957  36.2587   23.0   51.0    3.0  1.740
  -117.984  36.2587   26.0   51.0    3.0  1.720
  -118.011  36.2587   29.0   51.0    3.0  1.710
  -118.038  36.2587   32.0   51.0    3.0  1.690
  -118.065  36.2587   35.0   51.0    3.0  1.690
  -118.092  36.2587   38.0   51.0    3.0  1.700
  -118.119  36.2587   41.0   51.0    3.0  1.720
  -118.146  36.2587   44.0   51.0    3.0  1.740
  -118.173  36.2587   47.0   51.0    3.0  1.760
  -118.200  36.2587   50.0   51.0    3.0  1.740
  -118.227  36.2587   53.0   51.0    3.0  1.700
  -118.254  36.2587   56.0   51.0    3.0  1.700
  -118.281  36.2587   59.0   51.0    3.0  1.730
  -118.308  36.2587   62.0   51.0    3.0  1.730
  -118.335  36.2587   65.0   51.0    3.0  1.730
  -118.362  36.2587   68.0   51.0    3.0  1.730
  -118.388  36.2587   71.0   51.0    3.0  1.730
  -117.201  36.2856  -61.0   54.0    3.0  1.740
  -117.228  36.2856  -58.0   54.0    3.0  1.700
  -117.255  36.2856  -55.0   54.0    3.0  1.650
  -117.282  36.2856  -52.0   54.0    3.0  1.660
  -117.309  36.2856  -49.0   54.0    3.0  1.690
  -117.336  36.2856  -46.0   54.0    3.0  1.710
  -117.363  36.2856  -43.0   54.0    3.0  1.720
  -117.390  36.2856  -40.0   54.0    3.0  1.730
  -117.417  36.2856  -37.0   54.0    3.0  1.730
  -117.444  36.2856  -34.0   54.0    3.0  1.730
  -117.471  36.2856  -31.0   54.0    3.0  1.730
  -117.498  36.2856  -28.0   54.0    3.0  1.730
  -117.525  36.2856  -25.0   54.0    3.0  1.740
  -117.552  36.2856  -22.0   54.0    3.0  1.740
  -117.579  36.2856  -19.0   54.0    3.0  1.740
  -117.606  36.2856  -16.0   54.0    3.0  1.740
  -117.633  36.2856  -13.0   54.0    3.0  1.740
  -117.660  36.2856  -10.0   54.0    3.0  1.750
  -117.687  36.2856   -7.0   54.0    3.0  1.750
  -117.714  36.2856   -4.0   54.0    3.0  1.760
  -117.741  36.2856   -1.0   54.0    3.0  1.760
  -117.768  36.2856    2.0   54.0    3.0  1.760
  -117.795  36.2856    5.0   54.0    3.0  1.750
  -117.822  36.2856    8.0   54.0    3.0  1.750
  -117.849  36.2856   11.0   54.0    3.0  1.750
  -117.876  36.2856   14.0   54.0    3.0  1.750
  -117.903  36.2856   17.0   54.0    3.0  1.760
  -117.930  36.2856   20.0   54.0    3.0  1.750
  -117.957  36.2856   23.0   54.0    3.0  1.730
  -117.984  36.2856   26.0   54.0    3.0  1.720
  -118.011  36.2856   29.0   54.0    3.0  1.700
  -118.038  36.2856   32.0   54.0    3.0  1.680
  -118.065  36.2856   35.0   54.0    3.0  1.680
  -118.092  36.2856   38.0   54.0    3.0  1.710
  -118.119  36.2856   41.0   54.0    3.0  1.750
  -118.146  36.2856   44.0   54.0    3.0  1.750
  -118.173  36.2856   47.0   54.0    3.0  1.740
  -118.200  36.2856   50.0   54.0    3.0  1.710
  -118.227  36.2856   53.0   54.0    3.0  1.680
  -118.254  36.2856   56.0   54.0    3.0  1.690
  -118.281  36.2856   59.0   54.0    3.0  1.720
  -118.308  36.2856   62.0   54.0    3.0  1.730
  -118.335  36.2856   65.0   54.0    3.0  1.730
  -118.362  36.2856   68.0   54.0    3.0  1.730
  -118.388  36.2856   71.0   54.0    3.0  1.730
  -117.201  36.3126  -61.0   57.0    3.0  1.730
  -117.228  36.3126  -58.0   57.0    3.0  1.700
  -117.255  36.3126  -55.0   57.0    3.0  1.660
  -117.282  36.3126  -52.0   57.0    3.0  1.660
  -117.309  36.3126  -49.0   57.0    3.0  1.690
  -117.336  36.3126  -46.0   57.0    3.0  1.710
  -117.363  36.3126  -43.0   57.0    3.0  1.720
  -117.390  36.3126  -40.0   57.0    3.0  1.730
  -117.417  36.3126  -37.0   57.0    3.0  1.730
  -117.444  36.3126  -34.0   57.0    3.0  1.730
  -117.471  36.3126  -31.0   57.0    3.0  1.730
  -117.498  36.3126  -28.0   57.0    3.0  1.730
  -117.525  36.3126  -25.0   57.0    3.0  1.740
  -117.552  36.3126  -22.0   57.0    3.0  1.740
  -117.579  36.3126  -19.0   57.0    3.0  1.740
  -117.606  36.3126  -16.0   57.0    3.0  1.740
  -117.633  36.3126  -13.0   57.0    3.0  1.740
  -117.660  36.3126  -10.0   57.0    3.0  1.740
  -117.687  36.3126   -7.0   57.0    3.0  1.740
  -117.714  36.3126   -4.0   57.0    3.0  1.740
  -117.741  36.3126   -1.0   57.0    3.0  1.750
  -117.768  36.3126    2.0   57.0    3.0  1.760
  -117.795  36.3126    5.0   57.0    3.0  1.780
  -117.822  36.3126    8.0   57.0    3.0  1.780
  -117.849  36.3126   11.0   57.0    3.0  1.760
  -117.876  36.3126   14.0   57.0    3.0  1.760
  -117.903  36.3126   17.0   57.0    3.0  1.760
  -117.930  36.3126   20.0   57.0    3.0  1.760
  -117.957  36.3126   23.0   57.0    3.0  1.740
  -117.984  36.3126   26.0   57.0    3.0  1.740
  -118.011  36.3126   29.0   57.0    3.0  1.720
  -118.038  36.3126   32.0   57.0    3.0  1.680
  -118.065  36.3126   35.0   57.0    3.0  1.680
  -118.092  36.3126   38.0   57.0    3.0  1.690
  -118.119  36.3126   41.0   57.0    3.0  1.720
  -118.146  36.3126   44.0   57.0    3.0  1.720
  -118.173  36.3126   47.0   57.0    3.0  1.710
  -118.200  36.3126   50.0   57.0    3.0  1.700
  -118.227  36.3126   53.0   57.0    3.0  1.690
  -118.254  36.3126   56.0   57.0    3.0  1.700
  -118.281  36.3126   59.0   57.0    3.0  1.720
  -118.308  36.3126   62.0   57.0    3.0  1.730
  -118.335  36.3126   65.0   57.0    3.0  1.730
  -118.362  36.3126   68.0   57.0    3.0  1.730
  -118.388  36.3126   71.0   57.0    3.0  1.730
  -117.201  36.3396  -61.0   60.0    3.0  1.720
  -117.228  36.3396  -58.0   60.0    3.0  1.700
  -117.255  36.3396  -55.0   60.0    3.0  1.670
  -117.282  36.3396  -52.0   60.0    3.0  1.660
  -117.309  36.3396  -49.0   60.0    3.0  1.700
  -117.336  36.3396  -46.0   60.0    3.0  1.720
  -117.363  36.3396  -43.0   60.0    3.0  1.720
  -117.390  36.3396  -40.0   60.0    3.0  1.720
  -117.417  36.3396  -37.0   60.0    3.0  1.730
  -117.444  36.3396  -34.0   60.0    3.0  1.730
  -117.471  36.3396  -31.0   60.0    3.0  1.730
  -117.498  36.3396  -28.0   60.0    3.0  1.730
  -117.525  36.3396  -25.0   60.0    3.0  1.740
  -117.552  36.3396  -22.0   60.0    3.0  1.740
  -117.579  36.3396  -19.0   60.0    3.0  1.740
  -117.606  36.3396  -16.0   60.0    3.0  1.740
  -117.633  36.3396  -13.0   60.0    3.0  1.740
  -117.660  36.3396  -10.0   60.0    3.0  1.740
  -117.687  36.3396   -7.0   60.0    3.0  1.720
  -117.714  36.3396   -4.0   60.0    3.0  1.730
  -117.741  36.3396   -1.0   60.0    3.0  1.740
  -117.768  36.3396    2.0   60.0    3.0  1.770
  -117.795  36.3396    5.0   60.0    3.0  1.820
  -117.822  36.3396    8.0   60.0    3.0  1.810
  -117.849  36.3396   11.0   60.0    3.0  1.770
  -117.876  36.3396   14.0   60.0    3.0  1.760
  -117.903  36.3396   17.0   60.0    3.0  1.770
  -117.930  36.3396   20.0   60.0    3.0  1.780
  -117.957  36.3396   23.0   60.0    3.0  1.780
  -117.984  36.3396   26.0   60.0    3.0  1.730
  -118.011  36.3396   29.0   60.0    3.0  1.740
  -118.038  36.3396   32.0   60.0    3.0  1.680
  -118.065  36.3396   35.0   60.0    3.0  1.670
  -118.092  36.3396   38.0   60.0    3.0  1.680
  -118.119  36.3396   41.0   60.0    3.0  1.690
  -118.146  36.3396   44.0   60.0    3.0  1.690
  -118.173  36.3396   47.0   60.0    3.0  1.690
  -118.200  36.3396   50.0   60.0    3.0  1.690
  -118.227  36.3396   53.0   60.0    3.0  1.700
  -118.254  36.3396   56.0   60.0    3.0  1.710
  -118.281  36.3396   59.0   60.0    3.0  1.730
  -118.308  36.3396   62.0   60.0    3.0  1.730
  -118.335  36.3396   65.0   60.0    3.0  1.730
  -118.362  36.3396   68.0   60.0    3.0  1.730
  -118.388  36.3396   71.0   60.0    3.0  1.730
  -117.201  36.3666  -61.0   63.0    3.0  1.730
  -117.228  36.3666  -58.0   63.0    3.0  1.710
  -117.255  36.3666  -55.0   63.0    3.0  1.690
  -117.282  36.3666  -52.0   63.0    3.0  1.700
  -117.309  36.3666  -49.0   63.0    3.0  1.700
  -117.336  36.3666  -46.0   63.0    3.0  1.710
  -117.363  36.3666  -43.0   63.0    3.0  1.720
  -117.390  36.3666  -40.0   63.0    3.0  1.720
  -117.417  36.3666  -37.0   63.0    3.0  1.730
  -117.444  36.3666  -34.0   63.0    3.0  1.730
  -117.471  36.3666  -31.0   63.0    3.0  1.730
  -117.498  36.3666  -28.0   63.0    3.0  1.730
  -117.525  36.3666  -25.0   63.0    3.0  1.730
  -117.552  36.3666  -22.0   63.0    3.0  1.730
  -117.579  36.3666  -19.0   63.0    3.0  1.740
  -117.606  36.3666  -16.0   63.0    3.0  1.740
  -117.633  36.3666  -13.0   63.0    3.0  1.750
  -117.660  36.3666  -10.0   63.0    3.0  1.740
  -117.687  36.3666   -7.0   63.0    3.0  1.720
  -117.714  36.3666   -4.0   63.0    3.0  1.720
  -117.741  36.3666   -1.0   63.0    3.0  1.750
  -117.768  36.3666    2.0   63.0    3.0  1.760
  -117.795  36.3666    5.0   63.0    3.0  1.790
  -117.822  36.3666    8.0   63.0    3.0  1.790
  -117.849  36.3666   11.0   63.0    3.0  1.780
  -117.876  36.3666   14.0   63.0    3.0  1.760
  -117.903  36.3666   17.0   63.0    3.0  1.750
  -117.930  36.3666   20.0   63.0    3.0  1.770
  -117.957  36.3666   23.0   63.0    3.0  1.790
  -117.984  36.3666   26.0   63.0    3.0  1.740
  -118.011  36.3666   29.0   63.0    3.0  1.740
  -118.038  36.3666   32.0   63.0    3.0  1.700
  -118.065  36.3666   35.0   63.0    3.0  1.670
  -118.092  36.3666   38.0   63.0    3.0  1.670
  -118.119  36.3666   41.0   63.0    3.0  1.690
  -118.146  36.3666   44.0   63.0    3.0  1.700
  -118.173  36.3666   47.0   63.0    3.0  1.700
  -118.200  36.3666   50.0   63.0    3.0  1.710
  -118.227  36.3666   53.0   63.0    3.0  1.710
  -118.254  36.3666   56.0   63.0    3.0  1.720
  -118.281  36.3666   59.0   63.0    3.0  1.730
  -118.308  36.3666   62.0   63.0    3.0  1.730
  -118.335  36.3666   65.0   63.0    3.0  1.730
  -118.362  36.3666   68.0   63.0    3.0  1.730
  -118.388  36.3666   71.0   63.0    3.0  1.730
  -117.201  36.3936  -61.0   66.0    3.0  1.780
  -117.228  36.3936  -58.0   66.0    3.0  1.730
  -117.255  36.3936  -55.0   66.0    3.0  1.720
  -117.282  36.3936  -52.0   66.0    3.0  1.720
  -117.309  36.3936  -49.0   66.0    3.0  1.710
  -117.336  36.3936  -46.0   66.0    3.0  1.710
  -117.363  36.3936  -43.0   66.0    3.0  1.720
  -117.390  36.3936  -40.0   66.0    3.0  1.730
  -117.417  36.3936  -37.0   66.0    3.0  1.730
  -117.444  36.3936  -34.0   66.0    3.0  1.720
  -117.471  36.3936  -31.0   66.0    3.0  1.720
  -117.498  36.3936  -28.0   66.0    3.0  1.720
  -117.525  36.3936  -25.0   66.0    3.0  1.720
  -117.552  36.3936  -22.0   66.0    3.0  1.730
  -117.579  36.3936  -19.0   66.0    3.0  1.730
  -117.606  36.3936  -16.0   66.0    3.0  1.740
  -117.633  36.3936  -13.0   66.0    3.0  1.750
  -117.660  36.3936  -10.0   66.0    3.0  1.740
  -117.687  36.3936   -7.0   66.0    3.0  1.710
  -117.714  36.3936   -4.0   66.0    3.0  1.750
  -117.741  36.3936   -1.0   66.0    3.0  1.840
  -117.768  36.3936    2.0   66.0    3.0  1.810
  -117.795  36.3936    5.0   66.0    3.0  1.780
  -117.822  36.3936    8.0   66.0    3.0  1.760
  -117.849  36.3936   11.0   66.0    3.0  1.800
  -117.876  36.3936   14.0   66.0    3.0  1.770
  -117.903  36.3936   17.0   66.0    3.0  1.740
  -117.930  36.3936   20.0   66.0    3.0  1.750
  -117.957  36.3936   23.0   66.0    3.0  1.770
  -117.984  36.3936   26.0   66.0    3.0  1.760
  -118.011  36.3936   29.0   66.0    3.0  1.740
  -118.038  36.3936   32.0   66.0    3.0  1.710
  -118.065  36.3936   35.0   66.0    3.0  1.670
  -118.092  36.3936   38.0   66.0    3.0  1.670
  -118.119  36.3936   41.0   66.0    3.0  1.690
  -118.146  36.3936   44.0   66.0    3.0  1.710
  -118.173  36.3936   47.0   66.0    3.0  1.720
  -118.200  36.3936   50.0   66.0    3.0  1.730
  -118.227  36.3936   53.0   66.0    3.0  1.730
  -118.254  36.3936   56.0   66.0    3.0  1.730
  -118.281  36.3936   59.0   66.0    3.0  1.730
  -118.308  36.3936   62.0   66.0    3.0  1.730
  -118.335  36.3936   65.0   66.0    3.0  1.730
  -118.362  36.3936   68.0   66.0    3.0  1.730
  -118.388  36.3936   71.0   66.0    3.0  1.730
  -117.201  35.5032  -61.0  -33.0    6.0  1.710
  -117.228  35.5032  -58.0  -33.0    6.0  1.710
  -117.255  35.5032  -55.0  -33.0    6.0  1.690
  -117.282  35.5032  -52.0  -33.0    6.0  1.680
  -117.309  35.5032  -49.0  -33.0    6.0  1.680
  -117.336  35.5032  -46.0  -33.0    6.0  1.700
  -117.363  35.5032  -43.0  -33.0    6.0  1.720
  -117.390  35.5032  -40.0  -33.0    6.0  1.710
  -117.417  35.5032  -37.0  -33.0    6.0  1.700
  -117.444  35.5032  -34.0  -33.0    6.0  1.690
  -117.471  35.5032  -31.0  -33.0    6.0  1.690
  -117.498  35.5032  -28.0  -33.0    6.0  1.720
  -117.525  35.5032  -25.0  -33.0    6.0  1.740
  -117.552  35.5032  -22.0  -33.0    6.0  1.740
  -117.579  35.5032  -19.0  -33.0    6.0  1.740
  -117.606  35.5032  -16.0  -33.0    6.0  1.720
  -117.633  35.5032  -13.0  -33.0    6.0  1.670
  -117.660  35.5032  -10.0  -33.0    6.0  1.650
  -117.687  35.5032   -7.0  -33.0    6.0  1.700
  -117.714  35.5032   -4.0  -33.0    6.0  1.790
  -117.741  35.5032   -1.0  -33.0    6.0  1.740
  -117.768  35.5032    2.0  -33.0    6.0  1.710
  -117.795  35.5032    5.0  -33.0    6.0  1.690
  -117.822  35.5032    8.0  -33.0    6.0  1.690
  -117.849  35.5032   11.0  -33.0    6.0  1.660
  -117.876  35.5032   14.0  -33.0    6.0  1.720
  -117.903  35.5032   17.0  -33.0    6.0  1.770
  -117.930  35.5032   20.0  -33.0    6.0  1.770
  -117.957  35.5032   23.0  -33.0    6.0  1.750
  -117.984  35.5032   26.0  -33.0    6.0  1.750
  -118.011  35.5032   29.0  -33.0    6.0  1.770
  -118.038  35.5032   32.0  -33.0    6.0  1.770
  -118.065  35.5032   35.0  -33.0    6.0  1.760
  -118.092  35.5032   38.0  -33.0    6.0  1.760
  -118.119  35.5032   41.0  -33.0    6.0  1.750
  -118.146  35.5032   44.0  -33.0    6.0  1.740
  -118.173  35.5032   47.0  -33.0    6.0  1.730
  -118.200  35.5032   50.0  -33.0    6.0  1.730
  -118.227  35.5032   53.0  -33.0    6.0  1.710
  -118.254  35.5032   56.0  -33.0    6.0  1.720
  -118.281  35.5032   59.0  -33.0    6.0  1.760
  -118.308  35.5032   62.0  -33.0    6.0  1.760
  -118.335  35.5032   65.0  -33.0    6.0  1.760
  -118.362  35.5032   68.0  -33.0    6.0  1.730
  -118.388  35.5032   71.0  -33.0    6.0  1.690
  -117.201  35.5302  -61.0  -30.0    6.0  1.750
  -117.228  35.5302  -58.0  -30.0    6.0  1.740
  -117.255  35.5302  -55.0  -30.0    6.0  1.710
  -117.282  35.5302  -52.0  -30.0    6.0  1.680
  -117.309  35.5302  -49.0  -30.0    6.0  1.660
  -117.336  35.5302  -46.0  -30.0    6.0  1.660
  -117.363  35.5302  -43.0  -30.0    6.0  1.680
  -117.390  35.5302  -40.0  -30.0    6.0  1.690
  -117.417  35.5302  -37.0  -30.0    6.0  1.680
  -117.444  35.5302  -34.0  -30.0    6.0  1.720
  -117.471  35.5302  -31.0  -30.0    6.0  1.750
  -117.498  35.5302  -28.0  -30.0    6.0  1.760
  -117.525  35.5302  -25.0  -30.0    6.0  1.760
  -117.552  35.5302  -22.0  -30.0    6.0  1.750
  -117.579  35.5302  -19.0  -30.0    6.0  1.730
  -117.606  35.5302  -16.0  -30.0    6.0  1.740
  -117.633  35.5302  -13.0  -30.0    6.0  1.770
  -117.660  35.5302  -10.0  -30.0    6.0  1.710
  -117.687  35.5302   -7.0  -30.0    6.0  1.740
  -117.714  35.5302   -4.0  -30.0    6.0  1.760
  -117.741  35.5302   -1.0  -30.0    6.0  1.770
  -117.768  35.5302    2.0  -30.0    6.0  1.730
  -117.795  35.5302    5.0  -30.0    6.0  1.680
  -117.822  35.5302    8.0  -30.0    6.0  1.660
  -117.849  35.5302   11.0  -30.0    6.0  1.690
  -117.876  35.5302   14.0  -30.0    6.0  1.700
  -117.903  35.5302   17.0  -30.0    6.0  1.710
  -117.930  35.5302   20.0  -30.0    6.0  1.720
  -117.957  35.5302   23.0  -30.0    6.0  1.730
  -117.984  35.5302   26.0  -30.0    6.0  1.750
  -118.011  35.5302   29.0  -30.0    6.0  1.780
  -118.038  35.5302   32.0  -30.0    6.0  1.780
  -118.065  35.5302   35.0  -30.0    6.0  1.780
  -118.092  35.5302   38.0  -30.0    6.0  1.760
  -118.119  35.5302   41.0  -30.0    6.0  1.730
  -118.146  35.5302   44.0  -30.0    6.0  1.720
  -118.173  35.5302   47.0  -30.0    6.0  1.720
  -118.200  35.5302   50.0  -30.0    6.0  1.700
  -118.227  35.5302   53.0  -30.0    6.0  1.680
  -118.254  35.5302   56.0  -30.0    6.0  1.710
  -118.281  35.5302   59.0  -30.0    6.0  1.740
  -118.308  35.5302   62.0  -30.0    6.0  1.750
  -118.335  35.5302   65.0  -30.0    6.0  1.750
  -118.362  35.5302   68.0  -30.0    6.0  1.720
  -118.388  35.5302   71.0  -30.0    6.0  1.680
  -117.201  35.5572  -61.0  -27.0    6.0  1.750
  -117.228  35.5572  -58.0  -27.0    6.0  1.750
  -117.255  35.5572  -55.0  -27.0    6.0  1.740
  -117.282  35.5572  -52.0  -27.0    6.0  1.720
  -117.309  35.5572  -49.0  -27.0    6.0  1.700
  -117.336  35.5572  -46.0  -27.0    6.0  1.710
  -117.363  35.5572  -43.0  -27.0    6.0  1.710
  -117.390  35.5572  -40.0  -27.0    6.0  1.720
  -117.417  35.5572  -37.0  -27.0    6.0  1.710
  -117.444  35.5572  -34.0  -27.0    6.0  1.730
  -117.471  35.5572  -31.0  -27.0    6.0  1.780
  -117.498  35.5572  -28.0  -27.0    6.0  1.770
  -117.525  35.5572  -25.0  -27.0    6.0  1.750
  -117.552  35.5572  -22.0  -27.0    6.0  1.740
  -117.579  35.5572  -19.0  -27.0    6.0  1.730
  -117.606  35.5572  -16.0  -27.0    6.0  1.740
  -117.633  35.5572  -13.0  -27.0    6.0  1.770
  -117.660  35.5572  -10.0  -27.0    6.0  1.720
  -117.687  35.5572   -7.0  -27.0    6.0  1.760
  -117.714  35.5572   -4.0  -27.0    6.0  1.760
  -117.741  35.5572   -1.0  -27.0    6.0  1.770
  -117.768  35.5572    2.0  -27.0    6.0  1.750
  -117.795  35.5572    5.0  -27.0    6.0  1.710
  -117.822  35.5572    8.0  -27.0    6.0  1.680
  -117.849  35.5572   11.0  -27.0    6.0  1.740
  -117.876  35.5572   14.0  -27.0    6.0  1.740
  -117.903  35.5572   17.0  -27.0    6.0  1.740
  -117.930  35.5572   20.0  -27.0    6.0  1.730
  -117.957  35.5572   23.0  -27.0    6.0  1.720
  -117.984  35.5572   26.0  -27.0    6.0  1.710
  -118.011  35.5572   29.0  -27.0    6.0  1.710
  -118.038  35.5572   32.0  -27.0    6.0  1.730
  -118.065  35.5572   35.0  -27.0    6.0  1.740
  -118.092  35.5572   38.0  -27.0    6.0  1.730
  -118.119  35.5572   41.0  -27.0    6.0  1.720
  -118.146  35.5572   44.0  -27.0    6.0  1.710
  -118.173  35.5572   47.0  -27.0    6.0  1.700
  -118.200  35.5572   50.0  -27.0    6.0  1.690
  -118.227  35.5572   53.0  -27.0    6.0  1.680
  -118.254  35.5572   56.0  -27.0    6.0  1.690
  -118.281  35.5572   59.0  -27.0    6.0  1.710
  -118.308  35.5572   62.0  -27.0    6.0  1.730
  -118.335  35.5572   65.0  -27.0    6.0  1.750
  -118.362  35.5572   68.0  -27.0    6.0  1.720
  -118.388  35.5572   71.0  -27.0    6.0  1.680
  -117.201  35.5842  -61.0  -24.0    6.0  1.760
  -117.228  35.5842  -58.0  -24.0    6.0  1.760
  -117.255  35.5842  -55.0  -24.0    6.0  1.770
  -117.282  35.5842  -52.0  -24.0    6.0  1.760
  -117.309  35.5842  -49.0  -24.0    6.0  1.750
  -117.336  35.5842  -46.0  -24.0    6.0  1.750
  -117.363  35.5842  -43.0  -24.0    6.0  1.740
  -117.390  35.5842  -40.0  -24.0    6.0  1.740
  -117.417  35.5842  -37.0  -24.0    6.0  1.730
  -117.444  35.5842  -34.0  -24.0    6.0  1.770
  -117.471  35.5842  -31.0  -24.0    6.0  1.800
  -117.498  35.5842  -28.0  -24.0    6.0  1.770
  -117.525  35.5842  -25.0  -24.0    6.0  1.740
  -117.552  35.5842  -22.0  -24.0    6.0  1.740
  -117.579  35.5842  -19.0  -24.0    6.0  1.720
  -117.606  35.5842  -16.0  -24.0    6.0  1.750
  -117.633  35.5842  -13.0  -24.0    6.0  1.750
  -117.660  35.5842  -10.0  -24.0    6.0  1.780
  -117.687  35.5842   -7.0  -24.0    6.0  1.790
  -117.714  35.5842   -4.0  -24.0    6.0  1.760
  -117.741  35.5842   -1.0  -24.0    6.0  1.770
  -117.768  35.5842    2.0  -24.0    6.0  1.760
  -117.795  35.5842    5.0  -24.0    6.0  1.760
  -117.822  35.5842    8.0  -24.0    6.0  1.740
  -117.849  35.5842   11.0  -24.0    6.0  1.750
  -117.876  35.5842   14.0  -24.0    6.0  1.770
  -117.903  35.5842   17.0  -24.0    6.0  1.780
  -117.930  35.5842   20.0  -24.0    6.0  1.760
  -117.957  35.5842   23.0  -24.0    6.0  1.690
  -117.984  35.5842   26.0  -24.0    6.0  1.660
  -118.011  35.5842   29.0  -24.0    6.0  1.650
  -118.038  35.5842   32.0  -24.0    6.0  1.670
  -118.065  35.5842   35.0  -24.0    6.0  1.700
  -118.092  35.5842   38.0  -24.0    6.0  1.700
  -118.119  35.5842   41.0  -24.0    6.0  1.700
  -118.146  35.5842   44.0  -24.0    6.0  1.690
  -118.173  35.5842   47.0  -24.0    6.0  1.690
  -118.200  35.5842   50.0  -24.0    6.0  1.690
  -118.227  35.5842   53.0  -24.0    6.0  1.680
  -118.254  35.5842   56.0  -24.0    6.0  1.680
  -118.281  35.5842   59.0  -24.0    6.0  1.700
  -118.308  35.5842   62.0  -24.0    6.0  1.710
  -118.335  35.5842   65.0  -24.0    6.0  1.750
  -118.362  35.5842   68.0  -24.0    6.0  1.720
  -118.388  35.5842   71.0  -24.0    6.0  1.660
  -117.201  35.6111  -61.0  -21.0    6.0  1.740
  -117.228  35.6111  -58.0  -21.0    6.0  1.740
  -117.255  35.6111  -55.0  -21.0    6.0  1.750
  -117.282  35.6111  -52.0  -21.0    6.0  1.750
  -117.309  35.6111  -49.0  -21.0    6.0  1.740
  -117.336  35.6111  -46.0  -21.0    6.0  1.740
  -117.363  35.6111  -43.0  -21.0    6.0  1.730
  -117.390  35.6111  -40.0  -21.0    6.0  1.740
  -117.417  35.6111  -37.0  -21.0    6.0  1.750
  -117.444  35.6111  -34.0  -21.0    6.0  1.790
  -117.471  35.6111  -31.0  -21.0    6.0  1.790
  -117.498  35.6111  -28.0  -21.0    6.0  1.770
  -117.525  35.6111  -25.0  -21.0    6.0  1.720
  -117.552  35.6111  -22.0  -21.0    6.0  1.700
  -117.579  35.6111  -19.0  -21.0    6.0  1.710
  -117.606  35.6111  -16.0  -21.0    6.0  1.710
  -117.633  35.6111  -13.0  -21.0    6.0  1.720
  -117.660  35.6111  -10.0  -21.0    6.0  1.780
  -117.687  35.6111   -7.0  -21.0    6.0  1.800
  -117.714  35.6111   -4.0  -21.0    6.0  1.740
  -117.741  35.6111   -1.0  -21.0    6.0  1.740
  -117.768  35.6111    2.0  -21.0    6.0  1.730
  -117.795  35.6111    5.0  -21.0    6.0  1.720
  -117.822  35.6111    8.0  -21.0    6.0  1.730
  -117.849  35.6111   11.0  -21.0    6.0  1.770
  -117.876  35.6111   14.0  -21.0    6.0  1.770
  -117.903  35.6111   17.0  -21.0    6.0  1.750
  -117.930  35.6111   20.0  -21.0    6.0  1.720
  -117.957  35.6111   23.0  -21.0    6.0  1.690
  -117.984  35.6111   26.0  -21.0    6.0  1.690
  -118.011  35.6111   29.0  -21.0    6.0  1.680
  -118.038  35.6111   32.0  -21.0    6.0  1.710
  -118.065  35.6111   35.0  -21.0    6.0  1.700
  -118.092  35.6111   38.0  -21.0    6.0  1.700
  -118.119  35.6111   41.0  -21.0    6.0  1.700
  -118.146  35.6111   44.0  -21.0    6.0  1.710
  -118.173  35.6111   47.0  -21.0    6.0  1.720
  -118.200  35.6111   50.0  -21.0    6.0  1.730
  -118.227  35.6111   53.0  -21.0    6.0  1.700
  -118.254  35.6111   56.0  -21.0    6.0  1.700
  -118.281  35.6111   59.0  -21.0    6.0  1.700
  -118.308  35.6111   62.0  -21.0    6.0  1.690
  -118.335  35.6111   65.0  -21.0    6.0  1.700
  -118.362  35.6111   68.0  -21.0    6.0  1.700
  -118.388  35.6111   71.0  -21.0    6.0  1.670
  -117.201  35.6381  -61.0  -18.0    6.0  1.710
  -117.228  35.6381  -58.0  -18.0    6.0  1.720
  -117.255  35.6381  -55.0  -18.0    6.0  1.730
  -117.282  35.6381  -52.0  -18.0    6.0  1.730
  -117.309  35.6381  -49.0  -18.0    6.0  1.740
  -117.336  35.6381  -46.0  -18.0    6.0  1.730
  -117.363  35.6381  -43.0  -18.0    6.0  1.720
  -117.390  35.6381  -40.0  -18.0    6.0  1.740
  -117.417  35.6381  -37.0  -18.0    6.0  1.760
  -117.444  35.6381  -34.0  -18.0    6.0  1.800
  -117.471  35.6381  -31.0  -18.0    6.0  1.800
  -117.498  35.6381  -28.0  -18.0    6.0  1.780
  -117.525  35.6381  -25.0  -18.0    6.0  1.720
  -117.552  35.6381  -22.0  -18.0    6.0  1.720
  -117.579  35.6381  -19.0  -18.0    6.0  1.710
  -117.606  35.6381  -16.0  -18.0    6.0  1.660
  -117.633  35.6381  -13.0  -18.0    6.0  1.730
  -117.660  35.6381  -10.0  -18.0    6.0  1.730
  -117.687  35.6381   -7.0  -18.0    6.0  1.750
  -117.714  35.6381   -4.0  -18.0    6.0  1.710
  -117.741  35.6381   -1.0  -18.0    6.0  1.730
  -117.768  35.6381    2.0  -18.0    6.0  1.700
  -117.795  35.6381    5.0  -18.0    6.0  1.640
  -117.822  35.6381    8.0  -18.0    6.0  1.740
  -117.849  35.6381   11.0  -18.0    6.0  1.750
  -117.876  35.6381   14.0  -18.0    6.0  1.730
  -117.903  35.6381   17.0  -18.0    6.0  1.720
  -117.930  35.6381   20.0  -18.0    6.0  1.710
  -117.957  35.6381   23.0  -18.0    6.0  1.710
  -117.984  35.6381   26.0  -18.0    6.0  1.700
  -118.011  35.6381   29.0  -18.0    6.0  1.700
  -118.038  35.6381   32.0  -18.0    6.0  1.720
  -118.065  35.6381   35.0  -18.0    6.0  1.700
  -118.092  35.6381   38.0  -18.0    6.0  1.710
  -118.119  35.6381   41.0  -18.0    6.0  1.730
  -118.146  35.6381   44.0  -18.0    6.0  1.740
  -118.173  35.6381   47.0  -18.0    6.0  1.770
  -118.200  35.6381   50.0  -18.0    6.0  1.740
  -118.227  35.6381   53.0  -18.0    6.0  1.710
  -118.254  35.6381   56.0  -18.0    6.0  1.700
  -118.281  35.6381   59.0  -18.0    6.0  1.680
  -118.308  35.6381   62.0  -18.0    6.0  1.680
  -118.335  35.6381   65.0  -18.0    6.0  1.680
  -118.362  35.6381   68.0  -18.0    6.0  1.690
  -118.388  35.6381   71.0  -18.0    6.0  1.680
  -117.201  35.6651  -61.0  -15.0    6.0  1.710
  -117.228  35.6651  -58.0  -15.0    6.0  1.720
  -117.255  35.6651  -55.0  -15.0    6.0  1.730
  -117.282  35.6651  -52.0  -15.0    6.0  1.740
  -117.309  35.6651  -49.0  -15.0    6.0  1.750
  -117.336  35.6651  -46.0  -15.0    6.0  1.740
  -117.363  35.6651  -43.0  -15.0    6.0  1.710
  -117.390  35.6651  -40.0  -15.0    6.0  1.720
  -117.417  35.6651  -37.0  -15.0    6.0  1.750
  -117.444  35.6651  -34.0  -15.0    6.0  1.770
  -117.471  35.6651  -31.0  -15.0    6.0  1.760
  -117.498  35.6651  -28.0  -15.0    6.0  1.740
  -117.525  35.6651  -25.0  -15.0    6.0  1.720
  -117.552  35.6651  -22.0  -15.0    6.0  1.700
  -117.579  35.6651  -19.0  -15.0    6.0  1.760
  -117.606  35.6651  -16.0  -15.0    6.0  1.670
  -117.633  35.6651  -13.0  -15.0    6.0  1.770
  -117.660  35.6651  -10.0  -15.0    6.0  1.790
  -117.687  35.6651   -7.0  -15.0    6.0  1.830
  -117.714  35.6651   -4.0  -15.0    6.0  1.750
  -117.741  35.6651   -1.0  -15.0    6.0  1.730
  -117.768  35.6651    2.0  -15.0    6.0  1.730
  -117.795  35.6651    5.0  -15.0    6.0  1.790
  -117.822  35.6651    8.0  -15.0    6.0  1.740
  -117.849  35.6651   11.0  -15.0    6.0  1.700
  -117.876  35.6651   14.0  -15.0    6.0  1.730
  -117.903  35.6651   17.0  -15.0    6.0  1.710
  -117.930  35.6651   20.0  -15.0    6.0  1.710
  -117.957  35.6651   23.0  -15.0    6.0  1.730
  -117.984  35.6651   26.0  -15.0    6.0  1.710
  -118.011  35.6651   29.0  -15.0    6.0  1.710
  -118.038  35.6651   32.0  -15.0    6.0  1.720
  -118.065  35.6651   35.0  -15.0    6.0  1.700
  -118.092  35.6651   38.0  -15.0    6.0  1.720
  -118.119  35.6651   41.0  -15.0    6.0  1.740
  -118.146  35.6651   44.0  -15.0    6.0  1.750
  -118.173  35.6651   47.0  -15.0    6.0  1.740
  -118.200  35.6651   50.0  -15.0    6.0  1.730
  -118.227  35.6651   53.0  -15.0    6.0  1.720
  -118.254  35.6651   56.0  -15.0    6.0  1.700
  -118.281  35.6651   59.0  -15.0    6.0  1.700
  -118.308  35.6651   62.0  -15.0    6.0  1.690
  -118.335  35.6651   65.0  -15.0    6.0  1.680
  -118.362  35.6651   68.0  -15.0    6.0  1.680
  -118.388  35.6651   71.0  -15.0    6.0  1.690
  -117.201  35.6921  -61.0  -12.0    6.0  1.710
  -117.228  35.6921  -58.0  -12.0    6.0  1.710
  -117.255  35.6921  -55.0  -12.0    6.0  1.730
  -117.282  35.6921  -52.0  -12.0    6.0  1.750
  -117.309  35.6921  -49.0  -12.0    6.0  1.760
  -117.336  35.6921  -46.0  -12.0    6.0  1.740
  -117.363  35.6921  -43.0  -12.0    6.0  1.710
  -117.390  35.6921  -40.0  -12.0    6.0  1.710
  -117.417  35.6921  -37.0  -12.0    6.0  1.730
  -117.444  35.6921  -34.0  -12.0    6.0  1.750
  -117.471  35.6921  -31.0  -12.0    6.0  1.730
  -117.498  35.6921  -28.0  -12.0    6.0  1.700
  -117.525  35.6921  -25.0  -12.0    6.0  1.680
  -117.552  35.6921  -22.0  -12.0    6.0  1.640
  -117.579  35.6921  -19.0  -12.0    6.0  1.700
  -117.606  35.6921  -16.0  -12.0    6.0  1.700
  -117.633  35.6921  -13.0  -12.0    6.0  1.850
  -117.660  35.6921  -10.0  -12.0    6.0  1.750
  -117.687  35.6921   -7.0  -12.0    6.0  1.770
  -117.714  35.6921   -4.0  -12.0    6.0  1.680
  -117.741  35.6921   -1.0  -12.0    6.0  1.820
  -117.768  35.6921    2.0  -12.0    6.0  1.800
  -117.795  35.6921    5.0  -12.0    6.0  1.760
  -117.822  35.6921    8.0  -12.0    6.0  1.630
  -117.849  35.6921   11.0  -12.0    6.0  1.670
  -117.876  35.6921   14.0  -12.0    6.0  1.670
  -117.903  35.6921   17.0  -12.0    6.0  1.730
  -117.930  35.6921   20.0  -12.0    6.0  1.730
  -117.957  35.6921   23.0  -12.0    6.0  1.750
  -117.984  35.6921   26.0  -12.0    6.0  1.740
  -118.011  35.6921   29.0  -12.0    6.0  1.730
  -118.038  35.6921   32.0  -12.0    6.0  1.740
  -118.065  35.6921   35.0  -12.0    6.0  1.690
  -118.092  35.6921   38.0  -12.0    6.0  1.690
  -118.119  35.6921   41.0  -12.0    6.0  1.710
  -118.146  35.6921   44.0  -12.0    6.0  1.710
  -118.173  35.6921   47.0  -12.0    6.0  1.710
  -118.200  35.6921   50.0  -12.0    6.0  1.680
  -118.227  35.6921   53.0  -12.0    6.0  1.670
  -118.254  35.6921   56.0  -12.0    6.0  1.690
  -118.281  35.6921   59.0  -12.0    6.0  1.710
  -118.308  35.6921   62.0  -12.0    6.0  1.690
  -118.335  35.6921   65.0  -12.0    6.0  1.670
  -118.362  35.6921   68.0  -12.0    6.0  1.670
  -118.388  35.6921   71.0  -12.0    6.0  1.680
  -117.201  35.7191  -61.0   -9.0    6.0  1.720
  -117.228  35.7191  -58.0   -9.0    6.0  1.720
  -117.255  35.7191  -55.0   -9.0    6.0  1.710
  -117.282  35.7191  -52.0   -9.0    6.0  1.730
  -117.309  35.7191  -49.0   -9.0    6.0  1.760
  -117.336  35.7191  -46.0   -9.0    6.0  1.750
  -117.363  35.7191  -43.0   -9.0    6.0  1.730
  -117.390  35.7191  -40.0   -9.0    6.0  1.720
  -117.417  35.7191  -37.0   -9.0    6.0  1.730
  -117.444  35.7191  -34.0   -9.0    6.0  1.740
  -117.471  35.7191  -31.0   -9.0    6.0  1.730
  -117.498  35.7191  -28.0   -9.0    6.0  1.670
  -117.525  35.7191  -25.0   -9.0    6.0  1.680
  -117.552  35.7191  -22.0   -9.0    6.0  1.700
  -117.579  35.7191  -19.0   -9.0    6.0  1.700
  -117.606  35.7191  -16.0   -9.0    6.0  1.740
  -117.633  35.7191  -13.0   -9.0    6.0  1.850
  -117.660  35.7191  -10.0   -9.0    6.0  1.770
  -117.687  35.7191   -7.0   -9.0    6.0  1.780
  -117.714  35.7191   -4.0   -9.0    6.0  1.640
  -117.741  35.7191   -1.0   -9.0    6.0  1.800
  -117.768  35.7191    2.0   -9.0    6.0  1.850
  -117.795  35.7191    5.0   -9.0    6.0  1.770
  -117.822  35.7191    8.0   -9.0    6.0  1.700
  -117.849  35.7191   11.0   -9.0    6.0  1.650
  -117.876  35.7191   14.0   -9.0    6.0  1.660
  -117.903  35.7191   17.0   -9.0    6.0  1.670
  -117.930  35.7191   20.0   -9.0    6.0  1.740
  -117.957  35.7191   23.0   -9.0    6.0  1.730
  -117.984  35.7191   26.0   -9.0    6.0  1.750
  -118.011  35.7191   29.0   -9.0    6.0  1.690
  -118.038  35.7191   32.0   -9.0    6.0  1.650
  -118.065  35.7191   35.0   -9.0    6.0  1.630
  -118.092  35.7191   38.0   -9.0    6.0  1.670
  -118.119  35.7191   41.0   -9.0    6.0  1.680
  -118.146  35.7191   44.0   -9.0    6.0  1.680
  -118.173  35.7191   47.0   -9.0    6.0  1.670
  -118.200  35.7191   50.0   -9.0    6.0  1.680
  -118.227  35.7191   53.0   -9.0    6.0  1.710
  -118.254  35.7191   56.0   -9.0    6.0  1.710
  -118.281  35.7191   59.0   -9.0    6.0  1.720
  -118.308  35.7191   62.0   -9.0    6.0  1.710
  -118.335  35.7191   65.0   -9.0    6.0  1.680
  -118.362  35.7191   68.0   -9.0    6.0  1.690
  -118.388  35.7191   71.0   -9.0    6.0  1.710
  -117.201  35.7460  -61.0   -6.0    6.0  1.740
  -117.228  35.7460  -58.0   -6.0    6.0  1.720
  -117.255  35.7460  -55.0   -6.0    6.0  1.700
  -117.282  35.7460  -52.0   -6.0    6.0  1.710
  -117.309  35.7460  -49.0   -6.0    6.0  1.760
  -117.336  35.7460  -46.0   -6.0    6.0  1.760
  -117.363  35.7460  -43.0   -6.0    6.0  1.750
  -117.390  35.7460  -40.0   -6.0    6.0  1.740
  -117.417  35.7460  -37.0   -6.0    6.0  1.730
  -117.444  35.7460  -34.0   -6.0    6.0  1.740
  -117.471  35.7460  -31.0   -6.0    6.0  1.720
  -117.498  35.7460  -28.0   -6.0    6.0  1.650
  -117.525  35.7460  -25.0   -6.0    6.0  1.750
  -117.552  35.7460  -22.0   -6.0    6.0  1.750
  -117.579  35.7460  -19.0   -6.0    6.0  1.750
  -117.606  35.7460  -16.0   -6.0    6.0  1.740
  -117.633  35.7460  -13.0   -6.0    6.0  1.810
  -117.660  35.7460  -10.0   -6.0    6.0  1.780
  -117.687  35.7460   -7.0   -6.0    6.0  1.780
  -117.714  35.7460   -4.0   -6.0    6.0  1.760
  -117.741  35.7460   -1.0   -6.0    6.0  1.790
  -117.768  35.7460    2.0   -6.0    6.0  1.790
  -117.795  35.7460    5.0   -6.0    6.0  1.760
  -117.822  35.7460    8.0   -6.0    6.0  1.710
  -117.849  35.7460   11.0   -6.0    6.0  1.680
  -117.876  35.7460   14.0   -6.0    6.0  1.660
  -117.903  35.7460   17.0   -6.0    6.0  1.630
  -117.930  35.7460   20.0   -6.0    6.0  1.730
  -117.957  35.7460   23.0   -6.0    6.0  1.690
  -117.984  35.7460   26.0   -6.0    6.0  1.770
  -118.011  35.7460   29.0   -6.0    6.0  1.760
  -118.038  35.7460   32.0   -6.0    6.0  1.660
  -118.065  35.7460   35.0   -6.0    6.0  1.660
  -118.092  35.7460   38.0   -6.0    6.0  1.650
  -118.119  35.7460   41.0   -6.0    6.0  1.680
  -118.146  35.7460   44.0   -6.0    6.0  1.690
  -118.173  35.7460   47.0   -6.0    6.0  1.710
  -118.200  35.7460   50.0   -6.0    6.0  1.720
  -118.227  35.7460   53.0   -6.0    6.0  1.710
  -118.254  35.7460   56.0   -6.0    6.0  1.720
  -118.281  35.7460   59.0   -6.0    6.0  1.730
  -118.308  35.7460   62.0   -6.0    6.0  1.720
  -118.335  35.7460   65.0   -6.0    6.0  1.700
  -118.362  35.7460   68.0   -6.0    6.0  1.710
  -118.388  35.7460   71.0   -6.0    6.0  1.750
  -117.201  35.7730  -61.0   -3.0    6.0  1.730
  -117.228  35.7730  -58.0   -3.0    6.0  1.710
  -117.255  35.7730  -55.0   -3.0    6.0  1.680
  -117.282  35.7730  -52.0   -3.0    6.0  1.700
  -117.309  35.7730  -49.0   -3.0    6.0  1.730
  -117.336  35.7730  -46.0   -3.0    6.0  1.750
  -117.363  35.7730  -43.0   -3.0    6.0  1.740
  -117.390  35.7730  -40.0   -3.0    6.0  1.740
  -117.417  35.7730  -37.0   -3.0    6.0  1.730
  -117.444  35.7730  -34.0   -3.0    6.0  1.730
  -117.471  35.7730  -31.0   -3.0    6.0  1.750
  -117.498  35.7730  -28.0   -3.0    6.0  1.740
  -117.525  35.7730  -25.0   -3.0    6.0  1.770
  -117.552  35.7730  -22.0   -3.0    6.0  1.760
  -117.579  35.7730  -19.0   -3.0    6.0  1.730
  -117.606  35.7730  -16.0   -3.0    6.0  1.710
  -117.633  35.7730  -13.0   -3.0    6.0  1.790
  -117.660  35.7730  -10.0   -3.0    6.0  1.720
  -117.687  35.7730   -7.0   -3.0    6.0  1.790
  -117.714  35.7730   -4.0   -3.0    6.0  1.840
  -117.741  35.7730   -1.0   -3.0    6.0  1.810
  -117.768  35.7730    2.0   -3.0    6.0  1.780
  -117.795  35.7730    5.0   -3.0    6.0  1.750
  -117.822  35.7730    8.0   -3.0    6.0  1.720
  -117.849  35.7730   11.0   -3.0    6.0  1.630
  -117.876  35.7730   14.0   -3.0    6.0  1.580
  -117.903  35.7730   17.0   -3.0    6.0  1.610
  -117.930  35.7730   20.0   -3.0    6.0  1.720
  -117.957  35.7730   23.0   -3.0    6.0  1.710
  -117.984  35.7730   26.0   -3.0    6.0  1.710
  -118.011  35.7730   29.0   -3.0    6.0  1.730
  -118.038  35.7730   32.0   -3.0    6.0  1.700
  -118.065  35.7730   35.0   -3.0    6.0  1.700
  -118.092  35.7730   38.0   -3.0    6.0  1.690
  -118.119  35.7730   41.0   -3.0    6.0  1.680
  -118.146  35.7730   44.0   -3.0    6.0  1.700
  -118.173  35.7730   47.0   -3.0    6.0  1.710
  -118.200  35.7730   50.0   -3.0    6.0  1.730
  -118.227  35.7730   53.0   -3.0    6.0  1.750
  -118.254  35.7730   56.0   -3.0    6.0  1.740
  -118.281  35.7730   59.0   -3.0    6.0  1.730
  -118.308  35.7730   62.0   -3.0    6.0  1.710
  -118.335  35.7730   65.0   -3.0    6.0  1.700
  -118.362  35.7730   68.0   -3.0    6.0  1.710
  -118.388  35.7730   71.0   -3.0    6.0  1.740
  -117.201  35.8000  -61.0    0.0    6.0  1.720
  -117.228  35.8000  -58.0    0.0    6.0  1.700
  -117.255  35.8000  -55.0    0.0    6.0  1.670
  -117.282  35.8000  -52.0    0.0    6.0  1.680
  -117.309  35.8000  -49.0    0.0    6.0  1.710
  -117.336  35.8000  -46.0    0.0    6.0  1.730
  -117.363  35.8000  -43.0    0.0    6.0  1.740
  -117.390  35.8000  -40.0    0.0    6.0  1.740
  -117.417  35.8000  -37.0    0.0    6.0  1.730
  -117.444  35.8000  -34.0    0.0    6.0  1.760
  -117.471  35.8000  -31.0    0.0    6.0  1.800
  -117.498  35.8000  -28.0    0.0    6.0  1.770
  -117.525  35.8000  -25.0    0.0    6.0  1.750
  -117.552  35.8000  -22.0    0.0    6.0  1.760
  -117.579  35.8000  -19.0    0.0    6.0  1.780
  -117.606  35.8000  -16.0    0.0    6.0  1.720
  -117.633  35.8000  -13.0    0.0    6.0  1.700
  -117.660  35.8000  -10.0    0.0    6.0  1.850
  -117.687  35.8000   -7.0    0.0    6.0  1.800
  -117.714  35.8000   -4.0    0.0    6.0  1.780
  -117.741  35.8000   -1.0    0.0    6.0  1.860
  -117.768  35.8000    2.0    0.0    6.0  1.760
  -117.795  35.8000    5.0    0.0    6.0  1.860
  -117.822  35.8000    8.0    0.0    6.0  1.780
  -117.849  35.8000   11.0    0.0    6.0  1.650
  -117.876  35.8000   14.0    0.0    6.0  1.680
  -117.903  35.8000   17.0    0.0    6.0  1.630
  -117.930  35.8000   20.0    0.0    6.0  1.670
  -117.957  35.8000   23.0    0.0    6.0  1.680
  -117.984  35.8000   26.0    0.0    6.0  1.700
  -118.011  35.8000   29.0    0.0    6.0  1.730
  -118.038  35.8000   32.0    0.0    6.0  1.720
  -118.065  35.8000   35.0    0.0    6.0  1.710
  -118.092  35.8000   38.0    0.0    6.0  1.700
  -118.119  35.8000   41.0    0.0    6.0  1.680
  -118.146  35.8000   44.0    0.0    6.0  1.670
  -118.173  35.8000   47.0    0.0    6.0  1.690
  -118.200  35.8000   50.0    0.0    6.0  1.730
  -118.227  35.8000   53.0    0.0    6.0  1.790
  -118.254  35.8000   56.0    0.0    6.0  1.770
  -118.281  35.8000   59.0    0.0    6.0  1.720
  -118.308  35.8000   62.0    0.0    6.0  1.700
  -118.335  35.8000   65.0    0.0    6.0  1.700
  -118.362  35.8000   68.0    0.0    6.0  1.710
  -118.388  35.8000   71.0    0.0    6.0  1.720
  -117.201  35.8270  -61.0    3.0    6.0  1.700
  -117.228  35.8270  -58.0    3.0    6.0  1.690
  -117.255  35.8270  -55.0    3.0    6.0  1.680
  -117.282  35.8270  -52.0    3.0    6.0  1.690
  -117.309  35.8270  -49.0    3.0    6.0  1.710
  -117.336  35.8270  -46.0    3.0    6.0  1.720
  -117.363  35.8270  -43.0    3.0    6.0  1.720
  -117.390  35.8270  -40.0    3.0    6.0  1.720
  -117.417  35.8270  -37.0    3.0    6.0  1.730
  -117.444  35.8270  -34.0    3.0    6.0  1.730
  -117.471  35.8270  -31.0    3.0    6.0  1.690
  -117.498  35.8270  -28.0    3.0    6.0  1.770
  -117.525  35.8270  -25.0    3.0    6.0  1.750
  -117.552  35.8270  -22.0    3.0    6.0  1.790
  -117.579  35.8270  -19.0    3.0    6.0  1.780
  -117.606  35.8270  -16.0    3.0    6.0  1.790
  -117.633  35.8270  -13.0    3.0    6.0  1.760
  -117.660  35.8270  -10.0    3.0    6.0  1.730
  -117.687  35.8270   -7.0    3.0    6.0  1.780
  -117.714  35.8270   -4.0    3.0    6.0  1.780
  -117.741  35.8270   -1.0    3.0    6.0  1.880
  -117.768  35.8270    2.0    3.0    6.0  1.770
  -117.795  35.8270    5.0    3.0    6.0  1.820
  -117.822  35.8270    8.0    3.0    6.0  1.740
  -117.849  35.8270   11.0    3.0    6.0  1.660
  -117.876  35.8270   14.0    3.0    6.0  1.700
  -117.903  35.8270   17.0    3.0    6.0  1.750
  -117.930  35.8270   20.0    3.0    6.0  1.700
  -117.957  35.8270   23.0    3.0    6.0  1.690
  -117.984  35.8270   26.0    3.0    6.0  1.730
  -118.011  35.8270   29.0    3.0    6.0  1.770
  -118.038  35.8270   32.0    3.0    6.0  1.720
  -118.065  35.8270   35.0    3.0    6.0  1.710
  -118.092  35.8270   38.0    3.0    6.0  1.710
  -118.119  35.8270   41.0    3.0    6.0  1.690
  -118.146  35.8270   44.0    3.0    6.0  1.690
  -118.173  35.8270   47.0    3.0    6.0  1.690
  -118.200  35.8270   50.0    3.0    6.0  1.730
  -118.227  35.8270   53.0    3.0    6.0  1.760
  -118.254  35.8270   56.0    3.0    6.0  1.740
  -118.281  35.8270   59.0    3.0    6.0  1.720
  -118.308  35.8270   62.0    3.0    6.0  1.700
  -118.335  35.8270   65.0    3.0    6.0  1.680
  -118.362  35.8270   68.0    3.0    6.0  1.690
  -118.388  35.8270   71.0    3.0    6.0  1.720
  -117.201  35.8540  -61.0    6.0    6.0  1.680
  -117.228  35.8540  -58.0    6.0    6.0  1.680
  -117.255  35.8540  -55.0    6.0    6.0  1.680
  -117.282  35.8540  -52.0    6.0    6.0  1.690
  -117.309  35.8540  -49.0    6.0    6.0  1.720
  -117.336  35.8540  -46.0    6.0    6.0  1.710
  -117.363  35.8540  -43.0    6.0    6.0  1.690
  -117.390  35.8540  -40.0    6.0    6.0  1.700
  -117.417  35.8540  -37.0    6.0    6.0  1.720
  -117.444  35.8540  -34.0    6.0    6.0  1.720
  -117.471  35.8540  -31.0    6.0    6.0  1.720
  -117.498  35.8540  -28.0    6.0    6.0  1.730
  -117.525  35.8540  -25.0    6.0    6.0  1.690
  -117.552  35.8540  -22.0    6.0    6.0  1.770
  -117.579  35.8540  -19.0    6.0    6.0  1.760
  -117.606  35.8540  -16.0    6.0    6.0  1.760
  -117.633  35.8540  -13.0    6.0    6.0  1.730
  -117.660  35.8540  -10.0    6.0    6.0  1.680
  -117.687  35.8540   -7.0    6.0    6.0  1.700
  -117.714  35.8540   -4.0    6.0    6.0  1.850
  -117.741  35.8540   -1.0    6.0    6.0  1.810
  -117.768  35.8540    2.0    6.0    6.0  1.940
  -117.795  35.8540    5.0    6.0    6.0  1.820
  -117.822  35.8540    8.0    6.0    6.0  1.820
  -117.849  35.8540   11.0    6.0    6.0  1.720
  -117.876  35.8540   14.0    6.0    6.0  1.740
  -117.903  35.8540   17.0    6.0    6.0  1.670
  -117.930  35.8540   20.0    6.0    6.0  1.720
  -117.957  35.8540   23.0    6.0    6.0  1.720
  -117.984  35.8540   26.0    6.0    6.0  1.710
  -118.011  35.8540   29.0    6.0    6.0  1.750
  -118.038  35.8540   32.0    6.0    6.0  1.750
  -118.065  35.8540   35.0    6.0    6.0  1.720
  -118.092  35.8540   38.0    6.0    6.0  1.690
  -118.119  35.8540   41.0    6.0    6.0  1.700
  -118.146  35.8540   44.0    6.0    6.0  1.700
  -118.173  35.8540   47.0    6.0    6.0  1.700
  -118.200  35.8540   50.0    6.0    6.0  1.700
  -118.227  35.8540   53.0    6.0    6.0  1.710
  -118.254  35.8540   56.0    6.0    6.0  1.720
  -118.281  35.8540   59.0    6.0    6.0  1.720
  -118.308  35.8540   62.0    6.0    6.0  1.700
  -118.335  35.8540   65.0    6.0    6.0  1.670
  -118.362  35.8540   68.0    6.0    6.0  1.670
  -118.388  35.8540   71.0    6.0    6.0  1.710
  -117.201  35.8809  -61.0    9.0    6.0  1.700
  -117.228  35.8809  -58.0    9.0    6.0  1.690
  -117.255  35.8809  -55.0    9.0    6.0  1.690
  -117.282  35.8809  -52.0    9.0    6.0  1.700
  -117.309  35.8809  -49.0    9.0    6.0  1.710
  -117.336  35.8809  -46.0    9.0    6.0  1.710
  -117.363  35.8809  -43.0    9.0    6.0  1.700
  -117.390  35.8809  -40.0    9.0    6.0  1.710
  -117.417  35.8809  -37.0    9.0    6.0  1.740
  -117.444  35.8809  -34.0    9.0    6.0  1.690
  -117.471  35.8809  -31.0    9.0    6.0  1.670
  -117.498  35.8809  -28.0    9.0    6.0  1.700
  -117.525  35.8809  -25.0    9.0    6.0  1.720
  -117.552  35.8809  -22.0    9.0    6.0  1.740
  -117.579  35.8809  -19.0    9.0    6.0  1.770
  -117.606  35.8809  -16.0    9.0    6.0  1.750
  -117.633  35.8809  -13.0    9.0    6.0  1.670
  -117.660  35.8809  -10.0    9.0    6.0  1.670
  -117.687  35.8809   -7.0    9.0    6.0  1.710
  -117.714  35.8809   -4.0    9.0    6.0  1.760
  -117.741  35.8809   -1.0    9.0    6.0  1.730
  -117.768  35.8809    2.0    9.0    6.0  1.720
  -117.795  35.8809    5.0    9.0    6.0  1.740
  -117.822  35.8809    8.0    9.0    6.0  1.740
  -117.849  35.8809   11.0    9.0    6.0  1.730
  -117.876  35.8809   14.0    9.0    6.0  1.770
  -117.903  35.8809   17.0    9.0    6.0  1.700
  -117.930  35.8809   20.0    9.0    6.0  1.700
  -117.957  35.8809   23.0    9.0    6.0  1.710
  -117.984  35.8809   26.0    9.0    6.0  1.710
  -118.011  35.8809   29.0    9.0    6.0  1.740
  -118.038  35.8809   32.0    9.0    6.0  1.770
  -118.065  35.8809   35.0    9.0    6.0  1.740
  -118.092  35.8809   38.0    9.0    6.0  1.720
  -118.119  35.8809   41.0    9.0    6.0  1.720
  -118.146  35.8809   44.0    9.0    6.0  1.710
  -118.173  35.8809   47.0    9.0    6.0  1.700
  -118.200  35.8809   50.0    9.0    6.0  1.720
  -118.227  35.8809   53.0    9.0    6.0  1.730
  -118.254  35.8809   56.0    9.0    6.0  1.720
  -118.281  35.8809   59.0    9.0    6.0  1.720
  -118.308  35.8809   62.0    9.0    6.0  1.690
  -118.335  35.8809   65.0    9.0    6.0  1.660
  -118.362  35.8809   68.0    9.0    6.0  1.670
  -118.388  35.8809   71.0    9.0    6.0  1.700
  -117.201  35.9079  -61.0   12.0    6.0  1.730
  -117.228  35.9079  -58.0   12.0    6.0  1.710
  -117.255  35.9079  -55.0   12.0    6.0  1.700
  -117.282  35.9079  -52.0   12.0    6.0  1.700
  -117.309  35.9079  -49.0   12.0    6.0  1.700
  -117.336  35.9079  -46.0   12.0    6.0  1.700
  -117.363  35.9079  -43.0   12.0    6.0  1.710
  -117.390  35.9079  -40.0   12.0    6.0  1.720
  -117.417  35.9079  -37.0   12.0    6.0  1.720
  -117.444  35.9079  -34.0   12.0    6.0  1.710
  -117.471  35.9079  -31.0   12.0    6.0  1.720
  -117.498  35.9079  -28.0   12.0    6.0  1.700
  -117.525  35.9079  -25.0   12.0    6.0  1.680
  -117.552  35.9079  -22.0   12.0    6.0  1.680
  -117.579  35.9079  -19.0   12.0    6.0  1.730
  -117.606  35.9079  -16.0   12.0    6.0  1.710
  -117.633  35.9079  -13.0   12.0    6.0  1.650
  -117.660  35.9079  -10.0   12.0    6.0  1.710
  -117.687  35.9079   -7.0   12.0    6.0  1.740
  -117.714  35.9079   -4.0   12.0    6.0  1.710
  -117.741  35.9079   -1.0   12.0    6.0  1.730
  -117.768  35.9079    2.0   12.0    6.0  1.600
  -117.795  35.9079    5.0   12.0    6.0  1.650
  -117.822  35.9079    8.0   12.0    6.0  1.770
  -117.849  35.9079   11.0   12.0    6.0  1.740
  -117.876  35.9079   14.0   12.0    6.0  1.730
  -117.903  35.9079   17.0   12.0    6.0  1.730
  -117.930  35.9079   20.0   12.0    6.0  1.600
  -117.957  35.9079   23.0   12.0    6.0  1.700
  -117.984  35.9079   26.0   12.0    6.0  1.680
  -118.011  35.9079   29.0   12.0    6.0  1.670
  -118.038  35.9079   32.0   12.0    6.0  1.750
  -118.065  35.9079   35.0   12.0    6.0  1.780
  -118.092  35.9079   38.0   12.0    6.0  1.750
  -118.119  35.9079   41.0   12.0    6.0  1.720
  -118.146  35.9079   44.0   12.0    6.0  1.720
  -118.173  35.9079   47.0   12.0    6.0  1.740
  -118.200  35.9079   50.0   12.0    6.0  1.740
  -118.227  35.9079   53.0   12.0    6.0  1.740
  -118.254  35.9079   56.0   12.0    6.0  1.730
  -118.281  35.9079   59.0   12.0    6.0  1.710
  -118.308  35.9079   62.0   12.0    6.0  1.690
  -118.335  35.9079   65.0   12.0    6.0  1.660
  -118.362  35.9079   68.0   12.0    6.0  1.670
  -118.388  35.9079   71.0   12.0    6.0  1.700
  -117.201  35.9349  -61.0   15.0    6.0  1.660
  -117.228  35.9349  -58.0   15.0    6.0  1.700
  -117.255  35.9349  -55.0   15.0    6.0  1.690
  -117.282  35.9349  -52.0   15.0    6.0  1.690
  -117.309  35.9349  -49.0   15.0    6.0  1.690
  -117.336  35.9349  -46.0   15.0    6.0  1.710
  -117.363  35.9349  -43.0   15.0    6.0  1.740
  -117.390  35.9349  -40.0   15.0    6.0  1.740
  -117.417  35.9349  -37.0   15.0    6.0  1.740
  -117.444  35.9349  -34.0   15.0    6.0  1.700
  -117.471  35.9349  -31.0   15.0    6.0  1.690
  -117.498  35.9349  -28.0   15.0    6.0  1.690
  -117.525  35.9349  -25.0   15.0    6.0  1.720
  -117.552  35.9349  -22.0   15.0    6.0  1.750
  -117.579  35.9349  -19.0   15.0    6.0  1.750
  -117.606  35.9349  -16.0   15.0    6.0  1.700
  -117.633  35.9349  -13.0   15.0    6.0  1.650
  -117.660  35.9349  -10.0   15.0    6.0  1.680
  -117.687  35.9349   -7.0   15.0    6.0  1.730
  -117.714  35.9349   -4.0   15.0    6.0  1.670
  -117.741  35.9349   -1.0   15.0    6.0  1.740
  -117.768  35.9349    2.0   15.0    6.0  1.680
  -117.795  35.9349    5.0   15.0    6.0  1.720
  -117.822  35.9349    8.0   15.0    6.0  1.780
  -117.849  35.9349   11.0   15.0    6.0  1.710
  -117.876  35.9349   14.0   15.0    6.0  1.690
  -117.903  35.9349   17.0   15.0    6.0  1.640
  -117.930  35.9349   20.0   15.0    6.0  1.690
  -117.957  35.9349   23.0   15.0    6.0  1.660
  -117.984  35.9349   26.0   15.0    6.0  1.710
  -118.011  35.9349   29.0   15.0    6.0  1.720
  -118.038  35.9349   32.0   15.0    6.0  1.740
  -118.065  35.9349   35.0   15.0    6.0  1.760
  -118.092  35.9349   38.0   15.0    6.0  1.750
  -118.119  35.9349   41.0   15.0    6.0  1.740
  -118.146  35.9349   44.0   15.0    6.0  1.730
  -118.173  35.9349   47.0   15.0    6.0  1.720
  -118.200  35.9349   50.0   15.0    6.0  1.720
  -118.227  35.9349   53.0   15.0    6.0  1.730
  -118.254  35.9349   56.0   15.0    6.0  1.720
  -118.281  35.9349   59.0   15.0    6.0  1.700
  -118.308  35.9349   62.0   15.0    6.0  1.690
  -118.335  35.9349   65.0   15.0    6.0  1.680
  -118.362  35.9349   68.0   15.0    6.0  1.690
  -118.388  35.9349   71.0   15.0    6.0  1.710
  -117.201  35.9619  -61.0   18.0    6.0  1.690
  -117.228  35.9619  -58.0   18.0    6.0  1.690
  -117.255  35.9619  -55.0   18.0    6.0  1.680
  -117.282  35.9619  -52.0   18.0    6.0  1.680
  -117.309  35.9619  -49.0   18.0    6.0  1.690
  -117.336  35.9619  -46.0   18.0    6.0  1.720
  -117.363  35.9619  -43.0   18.0    6.0  1.770
  -117.390  35.9619  -40.0   18.0    6.0  1.750
  -117.417  35.9619  -37.0   18.0    6.0  1.740
  -117.444  35.9619  -34.0   18.0    6.0  1.710
  -117.471  35.9619  -31.0   18.0    6.0  1.720
  -117.498  35.9619  -28.0   18.0    6.0  1.730
  -117.525  35.9619  -25.0   18.0    6.0  1.750
  -117.552  35.9619  -22.0   18.0    6.0  1.690
  -117.579  35.9619  -19.0   18.0    6.0  1.700
  -117.606  35.9619  -16.0   18.0    6.0  1.660
  -117.633  35.9619  -13.0   18.0    6.0  1.660
  -117.660  35.9619  -10.0   18.0    6.0  1.700
  -117.687  35.9619   -7.0   18.0    6.0  1.730
  -117.714  35.9619   -4.0   18.0    6.0  1.650
  -117.741  35.9619   -1.0   18.0    6.0  1.680
  -117.768  35.9619    2.0   18.0    6.0  1.670
  -117.795  35.9619    5.0   18.0    6.0  1.660
  -117.822  35.9619    8.0   18.0    6.0  1.680
  -117.849  35.9619   11.0   18.0    6.0  1.700
  -117.876  35.9619   14.0   18.0    6.0  1.730
  -117.903  35.9619   17.0   18.0    6.0  1.750
  -117.930  35.9619   20.0   18.0    6.0  1.720
  -117.957  35.9619   23.0   18.0    6.0  1.700
  -117.984  35.9619   26.0   18.0    6.0  1.740
  -118.011  35.9619   29.0   18.0    6.0  1.750
  -118.038  35.9619   32.0   18.0    6.0  1.740
  -118.065  35.9619   35.0   18.0    6.0  1.760
  -118.092  35.9619   38.0   18.0    6.0  1.780
  -118.119  35.9619   41.0   18.0    6.0  1.760
  -118.146  35.9619   44.0   18.0    6.0  1.730
  -118.173  35.9619   47.0   18.0    6.0  1.700
  -118.200  35.9619   50.0   18.0    6.0  1.700
  -118.227  35.9619   53.0   18.0    6.0  1.720
  -118.254  35.9619   56.0   18.0    6.0  1.710
  -118.281  35.9619   59.0   18.0    6.0  1.680
  -118.308  35.9619   62.0   18.0    6.0  1.680
  -118.335  35.9619   65.0   18.0    6.0  1.700
  -118.362  35.9619   68.0   18.0    6.0  1.700
  -118.388  35.9619   71.0   18.0    6.0  1.710
  -117.201  35.9889  -61.0   21.0    6.0  1.700
  -117.228  35.9889  -58.0   21.0    6.0  1.690
  -117.255  35.9889  -55.0   21.0    6.0  1.680
  -117.282  35.9889  -52.0   21.0    6.0  1.690
  -117.309  35.9889  -49.0   21.0    6.0  1.690
  -117.336  35.9889  -46.0   21.0    6.0  1.700
  -117.363  35.9889  -43.0   21.0    6.0  1.720
  -117.390  35.9889  -40.0   21.0    6.0  1.710
  -117.417  35.9889  -37.0   21.0    6.0  1.710
  -117.444  35.9889  -34.0   21.0    6.0  1.690
  -117.471  35.9889  -31.0   21.0    6.0  1.700
  -117.498  35.9889  -28.0   21.0    6.0  1.750
  -117.525  35.9889  -25.0   21.0    6.0  1.710
  -117.552  35.9889  -22.0   21.0    6.0  1.710
  -117.579  35.9889  -19.0   21.0    6.0  1.690
  -117.606  35.9889  -16.0   21.0    6.0  1.730
  -117.633  35.9889  -13.0   21.0    6.0  1.710
  -117.660  35.9889  -10.0   21.0    6.0  1.800
  -117.687  35.9889   -7.0   21.0    6.0  1.780
  -117.714  35.9889   -4.0   21.0    6.0  1.660
  -117.741  35.9889   -1.0   21.0    6.0  1.630
  -117.768  35.9889    2.0   21.0    6.0  1.630
  -117.795  35.9889    5.0   21.0    6.0  1.670
  -117.822  35.9889    8.0   21.0    6.0  1.610
  -117.849  35.9889   11.0   21.0    6.0  1.690
  -117.876  35.9889   14.0   21.0    6.0  1.740
  -117.903  35.9889   17.0   21.0    6.0  1.700
  -117.930  35.9889   20.0   21.0    6.0  1.740
  -117.957  35.9889   23.0   21.0    6.0  1.750
  -117.984  35.9889   26.0   21.0    6.0  1.720
  -118.011  35.9889   29.0   21.0    6.0  1.710
  -118.038  35.9889   32.0   21.0    6.0  1.720
  -118.065  35.9889   35.0   21.0    6.0  1.730
  -118.092  35.9889   38.0   21.0    6.0  1.760
  -118.119  35.9889   41.0   21.0    6.0  1.760
  -118.146  35.9889   44.0   21.0    6.0  1.730
  -118.173  35.9889   47.0   21.0    6.0  1.690
  -118.200  35.9889   50.0   21.0    6.0  1.690
  -118.227  35.9889   53.0   21.0    6.0  1.700
  -118.254  35.9889   56.0   21.0    6.0  1.690
  -118.281  35.9889   59.0   21.0    6.0  1.670
  -118.308  35.9889   62.0   21.0    6.0  1.680
  -118.335  35.9889   65.0   21.0    6.0  1.690
  -118.362  35.9889   68.0   21.0    6.0  1.700
  -118.388  35.9889   71.0   21.0    6.0  1.720
  -117.201  36.0158  -61.0   24.0    6.0  1.720
  -117.228  36.0158  -58.0   24.0    6.0  1.710
  -117.255  36.0158  -55.0   24.0    6.0  1.700
  -117.282  36.0158  -52.0   24.0    6.0  1.690
  -117.309  36.0158  -49.0   24.0    6.0  1.690
  -117.336  36.0158  -46.0   24.0    6.0  1.680
  -117.363  36.0158  -43.0   24.0    6.0  1.660
  -117.390  36.0158  -40.0   24.0    6.0  1.670
  -117.417  36.0158  -37.0   24.0    6.0  1.700
  -117.444  36.0158  -34.0   24.0    6.0  1.680
  -117.471  36.0158  -31.0   24.0    6.0  1.630
  -117.498  36.0158  -28.0   24.0    6.0  1.650
  -117.525  36.0158  -25.0   24.0    6.0  1.690
  -117.552  36.0158  -22.0   24.0    6.0  1.660
  -117.579  36.0158  -19.0   24.0    6.0  1.690
  -117.606  36.0158  -16.0   24.0    6.0  1.730
  -117.633  36.0158  -13.0   24.0    6.0  1.710
  -117.660  36.0158  -10.0   24.0    6.0  1.780
  -117.687  36.0158   -7.0   24.0    6.0  1.710
  -117.714  36.0158   -4.0   24.0    6.0  1.680
  -117.741  36.0158   -1.0   24.0    6.0  1.690
  -117.768  36.0158    2.0   24.0    6.0  1.670
  -117.795  36.0158    5.0   24.0    6.0  1.710
  -117.822  36.0158    8.0   24.0    6.0  1.690
  -117.849  36.0158   11.0   24.0    6.0  1.700
  -117.876  36.0158   14.0   24.0    6.0  1.730
  -117.903  36.0158   17.0   24.0    6.0  1.740
  -117.930  36.0158   20.0   24.0    6.0  1.680
  -117.957  36.0158   23.0   24.0    6.0  1.730
  -117.984  36.0158   26.0   24.0    6.0  1.730
  -118.011  36.0158   29.0   24.0    6.0  1.700
  -118.038  36.0158   32.0   24.0    6.0  1.700
  -118.065  36.0158   35.0   24.0    6.0  1.710
  -118.092  36.0158   38.0   24.0    6.0  1.720
  -118.119  36.0158   41.0   24.0    6.0  1.770
  -118.146  36.0158   44.0   24.0    6.0  1.730
  -118.173  36.0158   47.0   24.0    6.0  1.690
  -118.200  36.0158   50.0   24.0    6.0  1.680
  -118.227  36.0158   53.0   24.0    6.0  1.690
  -118.254  36.0158   56.0   24.0    6.0  1.680
  -118.281  36.0158   59.0   24.0    6.0  1.660
  -118.308  36.0158   62.0   24.0    6.0  1.670
  -118.335  36.0158   65.0   24.0    6.0  1.690
  -118.362  36.0158   68.0   24.0    6.0  1.700
  -118.388  36.0158   71.0   24.0    6.0  1.720
  -117.201  36.0428  -61.0   27.0    6.0  1.730
  -117.228  36.0428  -58.0   27.0    6.0  1.720
  -117.255  36.0428  -55.0   27.0    6.0  1.710
  -117.282  36.0428  -52.0   27.0    6.0  1.700
  -117.309  36.0428  -49.0   27.0    6.0  1.690
  -117.336  36.0428  -46.0   27.0    6.0  1.670
  -117.363  36.0428  -43.0   27.0    6.0  1.660
  -117.390  36.0428  -40.0   27.0    6.0  1.670
  -117.417  36.0428  -37.0   27.0    6.0  1.710
  -117.444  36.0428  -34.0   27.0    6.0  1.740
  -117.471  36.0428  -31.0   27.0    6.0  1.750
  -117.498  36.0428  -28.0   27.0    6.0  1.750
  -117.525  36.0428  -25.0   27.0    6.0  1.700
  -117.552  36.0428  -22.0   27.0    6.0  1.660
  -117.579  36.0428  -19.0   27.0    6.0  1.650
  -117.606  36.0428  -16.0   27.0    6.0  1.680
  -117.633  36.0428  -13.0   27.0    6.0  1.730
  -117.660  36.0428  -10.0   27.0    6.0  1.720
  -117.687  36.0428   -7.0   27.0    6.0  1.640
  -117.714  36.0428   -4.0   27.0    6.0  1.660
  -117.741  36.0428   -1.0   27.0    6.0  1.720
  -117.768  36.0428    2.0   27.0    6.0  1.740
  -117.795  36.0428    5.0   27.0    6.0  1.710
  -117.822  36.0428    8.0   27.0    6.0  1.730
  -117.849  36.0428   11.0   27.0    6.0  1.780
  -117.876  36.0428   14.0   27.0    6.0  1.790
  -117.903  36.0428   17.0   27.0    6.0  1.760
  -117.930  36.0428   20.0   27.0    6.0  1.700
  -117.957  36.0428   23.0   27.0    6.0  1.690
  -117.984  36.0428   26.0   27.0    6.0  1.720
  -118.011  36.0428   29.0   27.0    6.0  1.730
  -118.038  36.0428   32.0   27.0    6.0  1.690
  -118.065  36.0428   35.0   27.0    6.0  1.650
  -118.092  36.0428   38.0   27.0    6.0  1.700
  -118.119  36.0428   41.0   27.0    6.0  1.720
  -118.146  36.0428   44.0   27.0    6.0  1.700
  -118.173  36.0428   47.0   27.0    6.0  1.660
  -118.200  36.0428   50.0   27.0    6.0  1.670
  -118.227  36.0428   53.0   27.0    6.0  1.700
  -118.254  36.0428   56.0   27.0    6.0  1.700
  -118.281  36.0428   59.0   27.0    6.0  1.700
  -118.308  36.0428   62.0   27.0    6.0  1.700
  -118.335  36.0428   65.0   27.0    6.0  1.710
  -118.362  36.0428   68.0   27.0    6.0  1.720
  -118.388  36.0428   71.0   27.0    6.0  1.710
  -117.201  36.0698  -61.0   30.0    6.0  1.740
  -117.228  36.0698  -58.0   30.0    6.0  1.730
  -117.255  36.0698  -55.0   30.0    6.0  1.720
  -117.282  36.0698  -52.0   30.0    6.0  1.700
  -117.309  36.0698  -49.0   30.0    6.0  1.680
  -117.336  36.0698  -46.0   30.0    6.0  1.670
  -117.363  36.0698  -43.0   30.0    6.0  1.660
  -117.390  36.0698  -40.0   30.0    6.0  1.670
  -117.417  36.0698  -37.0   30.0    6.0  1.710
  -117.444  36.0698  -34.0   30.0    6.0  1.730
  -117.471  36.0698  -31.0   30.0    6.0  1.740
  -117.498  36.0698  -28.0   30.0    6.0  1.700
  -117.525  36.0698  -25.0   30.0    6.0  1.640
  -117.552  36.0698  -22.0   30.0    6.0  1.640
  -117.579  36.0698  -19.0   30.0    6.0  1.680
  -117.606  36.0698  -16.0   30.0    6.0  1.670
  -117.633  36.0698  -13.0   30.0    6.0  1.670
  -117.660  36.0698  -10.0   30.0    6.0  1.710
  -117.687  36.0698   -7.0   30.0    6.0  1.670
  -117.714  36.0698   -4.0   30.0    6.0  1.670
  -117.741  36.0698   -1.0   30.0    6.0  1.770
  -117.768  36.0698    2.0   30.0    6.0  1.730
  -117.795  36.0698    5.0   30.0    6.0  1.750
  -117.822  36.0698    8.0   30.0    6.0  1.700
  -117.849  36.0698   11.0   30.0    6.0  1.700
  -117.876  36.0698   14.0   30.0    6.0  1.710
  -117.903  36.0698   17.0   30.0    6.0  1.680
  -117.930  36.0698   20.0   30.0    6.0  1.730
  -117.957  36.0698   23.0   30.0    6.0  1.730
  -117.984  36.0698   26.0   30.0    6.0  1.710
  -118.011  36.0698   29.0   30.0    6.0  1.680
  -118.038  36.0698   32.0   30.0    6.0  1.670
  -118.065  36.0698   35.0   30.0    6.0  1.640
  -118.092  36.0698   38.0   30.0    6.0  1.620
  -118.119  36.0698   41.0   30.0    6.0  1.680
  -118.146  36.0698   44.0   30.0    6.0  1.660
  -118.173  36.0698   47.0   30.0    6.0  1.630
  -118.200  36.0698   50.0   30.0    6.0  1.650
  -118.227  36.0698   53.0   30.0    6.0  1.700
  -118.254  36.0698   56.0   30.0    6.0  1.720
  -118.281  36.0698   59.0   30.0    6.0  1.730
  -118.308  36.0698   62.0   30.0    6.0  1.730
  -118.335  36.0698   65.0   30.0    6.0  1.740
  -118.362  36.0698   68.0   30.0    6.0  1.730
  -118.388  36.0698   71.0   30.0    6.0  1.710
  -117.201  36.0968  -61.0   33.0    6.0  1.740
  -117.228  36.0968  -58.0   33.0    6.0  1.730
  -117.255  36.0968  -55.0   33.0    6.0  1.710
  -117.282  36.0968  -52.0   33.0    6.0  1.690
  -117.309  36.0968  -49.0   33.0    6.0  1.670
  -117.336  36.0968  -46.0   33.0    6.0  1.670
  -117.363  36.0968  -43.0   33.0    6.0  1.670
  -117.390  36.0968  -40.0   33.0    6.0  1.690
  -117.417  36.0968  -37.0   33.0    6.0  1.710
  -117.444  36.0968  -34.0   33.0    6.0  1.720
  -117.471  36.0968  -31.0   33.0    6.0  1.730
  -117.498  36.0968  -28.0   33.0    6.0  1.710
  -117.525  36.0968  -25.0   33.0    6.0  1.700
  -117.552  36.0968  -22.0   33.0    6.0  1.690
  -117.579  36.0968  -19.0   33.0    6.0  1.690
  -117.606  36.0968  -16.0   33.0    6.0  1.700
  -117.633  36.0968  -13.0   33.0    6.0  1.750
  -117.660  36.0968  -10.0   33.0    6.0  1.820
  -117.687  36.0968   -7.0   33.0    6.0  1.710
  -117.714  36.0968   -4.0   33.0    6.0  1.700
  -117.741  36.0968   -1.0   33.0    6.0  1.710
  -117.768  36.0968    2.0   33.0    6.0  1.730
  -117.795  36.0968    5.0   33.0    6.0  1.780
  -117.822  36.0968    8.0   33.0    6.0  1.660
  -117.849  36.0968   11.0   33.0    6.0  1.720
  -117.876  36.0968   14.0   33.0    6.0  1.690
  -117.903  36.0968   17.0   33.0    6.0  1.600
  -117.930  36.0968   20.0   33.0    6.0  1.650
  -117.957  36.0968   23.0   33.0    6.0  1.680
  -117.984  36.0968   26.0   33.0    6.0  1.660
  -118.011  36.0968   29.0   33.0    6.0  1.690
  -118.038  36.0968   32.0   33.0    6.0  1.680
  -118.065  36.0968   35.0   33.0    6.0  1.670
  -118.092  36.0968   38.0   33.0    6.0  1.670
  -118.119  36.0968   41.0   33.0    6.0  1.680
  -118.146  36.0968   44.0   33.0    6.0  1.670
  -118.173  36.0968   47.0   33.0    6.0  1.660
  -118.200  36.0968   50.0   33.0    6.0  1.680
  -118.227  36.0968   53.0   33.0    6.0  1.700
  -118.254  36.0968   56.0   33.0    6.0  1.700
  -118.281  36.0968   59.0   33.0    6.0  1.710
  -118.308  36.0968   62.0   33.0    6.0  1.710
  -118.335  36.0968   65.0   33.0    6.0  1.710
  -118.362  36.0968   68.0   33.0    6.0  1.710
  -118.388  36.0968   71.0   33.0    6.0  1.680
  -117.201  36.1238  -61.0   36.0    6.0  1.750
  -117.228  36.1238  -58.0   36.0    6.0  1.740
  -117.255  36.1238  -55.0   36.0    6.0  1.710
  -117.282  36.1238  -52.0   36.0    6.0  1.690
  -117.309  36.1238  -49.0   36.0    6.0  1.660
  -117.336  36.1238  -46.0   36.0    6.0  1.670
  -117.363  36.1238  -43.0   36.0    6.0  1.690
  -117.390  36.1238  -40.0   36.0    6.0  1.710
  -117.417  36.1238  -37.0   36.0    6.0  1.720
  -117.444  36.1238  -34.0   36.0    6.0  1.720
  -117.471  36.1238  -31.0   36.0    6.0  1.700
  -117.498  36.1238  -28.0   36.0    6.0  1.720
  -117.525  36.1238  -25.0   36.0    6.0  1.740
  -117.552  36.1238  -22.0   36.0    6.0  1.720
  -117.579  36.1238  -19.0   36.0    6.0  1.700
  -117.606  36.1238  -16.0   36.0    6.0  1.690
  -117.633  36.1238  -13.0   36.0    6.0  1.680
  -117.660  36.1238  -10.0   36.0    6.0  1.710
  -117.687  36.1238   -7.0   36.0    6.0  1.700
  -117.714  36.1238   -4.0   36.0    6.0  1.710
  -117.741  36.1238   -1.0   36.0    6.0  1.770
  -117.768  36.1238    2.0   36.0    6.0  1.790
  -117.795  36.1238    5.0   36.0    6.0  1.800
  -117.822  36.1238    8.0   36.0    6.0  1.760
  -117.849  36.1238   11.0   36.0    6.0  1.730
  -117.876  36.1238   14.0   36.0    6.0  1.790
  -117.903  36.1238   17.0   36.0    6.0  1.700
  -117.930  36.1238   20.0   36.0    6.0  1.700
  -117.957  36.1238   23.0   36.0    6.0  1.730
  -117.984  36.1238   26.0   36.0    6.0  1.700
  -118.011  36.1238   29.0   36.0    6.0  1.680
  -118.038  36.1238   32.0   36.0    6.0  1.680
  -118.065  36.1238   35.0   36.0    6.0  1.700
  -118.092  36.1238   38.0   36.0    6.0  1.710
  -118.119  36.1238   41.0   36.0    6.0  1.700
  -118.146  36.1238   44.0   36.0    6.0  1.690
  -118.173  36.1238   47.0   36.0    6.0  1.690
  -118.200  36.1238   50.0   36.0    6.0  1.690
  -118.227  36.1238   53.0   36.0    6.0  1.680
  -118.254  36.1238   56.0   36.0    6.0  1.690
  -118.281  36.1238   59.0   36.0    6.0  1.700
  -118.308  36.1238   62.0   36.0    6.0  1.700
  -118.335  36.1238   65.0   36.0    6.0  1.690
  -118.362  36.1238   68.0   36.0    6.0  1.690
  -118.388  36.1238   71.0   36.0    6.0  1.700
  -117.201  36.1507  -61.0   39.0    6.0  1.760
  -117.228  36.1507  -58.0   39.0    6.0  1.740
  -117.255  36.1507  -55.0   39.0    6.0  1.710
  -117.282  36.1507  -52.0   39.0    6.0  1.690
  -117.309  36.1507  -49.0   39.0    6.0  1.660
  -117.336  36.1507  -46.0   39.0    6.0  1.660
  -117.363  36.1507  -43.0   39.0    6.0  1.680
  -117.390  36.1507  -40.0   39.0    6.0  1.690
  -117.417  36.1507  -37.0   39.0    6.0  1.700
  -117.444  36.1507  -34.0   39.0    6.0  1.700
  -117.471  36.1507  -31.0   39.0    6.0  1.700
  -117.498  36.1507  -28.0   39.0    6.0  1.710
  -117.525  36.1507  -25.0   39.0    6.0  1.710
  -117.552  36.1507  -22.0   39.0    6.0  1.720
  -117.579  36.1507  -19.0   39.0    6.0  1.690
  -117.606  36.1507  -16.0   39.0    6.0  1.700
  -117.633  36.1507  -13.0   39.0    6.0  1.700
  -117.660  36.1507  -10.0   39.0    6.0  1.720
  -117.687  36.1507   -7.0   39.0    6.0  1.730
  -117.714  36.1507   -4.0   39.0    6.0  1.710
  -117.741  36.1507   -1.0   39.0    6.0  1.710
  -117.768  36.1507    2.0   39.0    6.0  1.720
  -117.795  36.1507    5.0   39.0    6.0  1.750
  -117.822  36.1507    8.0   39.0    6.0  1.770
  -117.849  36.1507   11.0   39.0    6.0  1.710
  -117.876  36.1507   14.0   39.0    6.0  1.700
  -117.903  36.1507   17.0   39.0    6.0  1.710
  -117.930  36.1507   20.0   39.0    6.0  1.700
  -117.957  36.1507   23.0   39.0    6.0  1.690
  -117.984  36.1507   26.0   39.0    6.0  1.700
  -118.011  36.1507   29.0   39.0    6.0  1.690
  -118.038  36.1507   32.0   39.0    6.0  1.700
  -118.065  36.1507   35.0   39.0    6.0  1.710
  -118.092  36.1507   38.0   39.0    6.0  1.720
  -118.119  36.1507   41.0   39.0    6.0  1.720
  -118.146  36.1507   44.0   39.0    6.0  1.720
  -118.173  36.1507   47.0   39.0    6.0  1.720
  -118.200  36.1507   50.0   39.0    6.0  1.710
  -118.227  36.1507   53.0   39.0    6.0  1.700
  -118.254  36.1507   56.0   39.0    6.0  1.690
  -118.281  36.1507   59.0   39.0    6.0  1.690
  -118.308  36.1507   62.0   39.0    6.0  1.700
  -118.335  36.1507   65.0   39.0    6.0  1.700
  -118.362  36.1507   68.0   39.0    6.0  1.700
  -118.388  36.1507   71.0   39.0    6.0  1.700
  -117.201  36.1777  -61.0   42.0    6.0  1.770
  -117.228  36.1777  -58.0   42.0    6.0  1.750
  -117.255  36.1777  -55.0   42.0    6.0  1.710
  -117.282  36.1777  -52.0   42.0    6.0  1.690
  -117.309  36.1777  -49.0   42.0    6.0  1.660
  -117.336  36.1777  -46.0   42.0    6.0  1.660
  -117.363  36.1777  -43.0   42.0    6.0  1.670
  -117.390  36.1777  -40.0   42.0    6.0  1.680
  -117.417  36.1777  -37.0   42.0    6.0  1.680
  -117.444  36.1777  -34.0   42.0    6.0  1.690
  -117.471  36.1777  -31.0   42.0    6.0  1.690
  -117.498  36.1777  -28.0   42.0    6.0  1.690
  -117.525  36.1777  -25.0   42.0    6.0  1.690
  -117.552  36.1777  -22.0   42.0    6.0  1.700
  -117.579  36.1777  -19.0   42.0    6.0  1.710
  -117.606  36.1777  -16.0   42.0    6.0  1.720
  -117.633  36.1777  -13.0   42.0    6.0  1.710
  -117.660  36.1777  -10.0   42.0    6.0  1.720
  -117.687  36.1777   -7.0   42.0    6.0  1.730
  -117.714  36.1777   -4.0   42.0    6.0  1.700
  -117.741  36.1777   -1.0   42.0    6.0  1.680
  -117.768  36.1777    2.0   42.0    6.0  1.700
  -117.795  36.1777    5.0   42.0    6.0  1.720
  -117.822  36.1777    8.0   42.0    6.0  1.730
  -117.849  36.1777   11.0   42.0    6.0  1.710
  -117.876  36.1777   14.0   42.0    6.0  1.640
  -117.903  36.1777   17.0   42.0    6.0  1.690
  -117.930  36.1777   20.0   42.0    6.0  1.710
  -117.957  36.1777   23.0   42.0    6.0  1.680
  -117.984  36.1777   26.0   42.0    6.0  1.690
  -118.011  36.1777   29.0   42.0    6.0  1.660
  -118.038  36.1777   32.0   42.0    6.0  1.670
  -118.065  36.1777   35.0   42.0    6.0  1.700
  -118.092  36.1777   38.0   42.0    6.0  1.720
  -118.119  36.1777   41.0   42.0    6.0  1.740
  -118.146  36.1777   44.0   42.0    6.0  1.750
  -118.173  36.1777   47.0   42.0    6.0  1.740
  -118.200  36.1777   50.0   42.0    6.0  1.730
  -118.227  36.1777   53.0   42.0    6.0  1.710
  -118.254  36.1777   56.0   42.0    6.0  1.690
  -118.281  36.1777   59.0   42.0    6.0  1.680
  -118.308  36.1777   62.0   42.0    6.0  1.690
  -118.335  36.1777   65.0   42.0    6.0  1.710
  -118.362  36.1777   68.0   42.0    6.0  1.710
  -118.388  36.1777   71.0   42.0    6.0  1.700
  -117.201  36.2047  -61.0   45.0    6.0  1.760
  -117.228  36.2047  -58.0   45.0    6.0  1.740
  -117.255  36.2047  -55.0   45.0    6.0  1.700
  -117.282  36.2047  -52.0   45.0    6.0  1.680
  -117.309  36.2047  -49.0   45.0    6.0  1.660
  -117.336  36.2047  -46.0   45.0    6.0  1.670
  -117.363  36.2047  -43.0   45.0    6.0  1.680
  -117.390  36.2047  -40.0   45.0    6.0  1.690
  -117.417  36.2047  -37.0   45.0    6.0  1.690
  -117.444  36.2047  -34.0   45.0    6.0  1.690
  -117.471  36.2047  -31.0   45.0    6.0  1.690
  -117.498  36.2047  -28.0   45.0    6.0  1.690
  -117.525  36.2047  -25.0   45.0    6.0  1.710
  -117.552  36.2047  -22.0   45.0    6.0  1.720
  -117.579  36.2047  -19.0   45.0    6.0  1.730
  -117.606  36.2047  -16.0   45.0    6.0  1.720
  -117.633  36.2047  -13.0   45.0    6.0  1.710
  -117.660  36.2047  -10.0   45.0    6.0  1.720
  -117.687  36.2047   -7.0   45.0    6.0  1.750
  -117.714  36.2047   -4.0   45.0    6.0  1.740
  -117.741  36.2047   -1.0   45.0    6.0  1.700
  -117.768  36.2047    2.0   45.0    6.0  1.700
  -117.795  36.2047    5.0   45.0    6.0  1.700
  -117.822  36.2047    8.0   45.0    6.0  1.740
  -117.849  36.2047   11.0   45.0    6.0  1.710
  -117.876  36.2047   14.0   45.0    6.0  1.670
  -117.903  36.2047   17.0   45.0    6.0  1.640
  -117.930  36.2047   20.0   45.0    6.0  1.700
  -117.957  36.2047   23.0   45.0    6.0  1.710
  -117.984  36.2047   26.0   45.0    6.0  1.700
  -118.011  36.2047   29.0   45.0    6.0  1.690
  -118.038  36.2047   32.0   45.0    6.0  1.690
  -118.065  36.2047   35.0   45.0    6.0  1.700
  -118.092  36.2047   38.0   45.0    6.0  1.710
  -118.119  36.2047   41.0   45.0    6.0  1.720
  -118.146  36.2047   44.0   45.0    6.0  1.730
  -118.173  36.2047   47.0   45.0    6.0  1.740
  -118.200  36.2047   50.0   45.0    6.0  1.730
  -118.227  36.2047   53.0   45.0    6.0  1.710
  -118.254  36.2047   56.0   45.0    6.0  1.700
  -118.281  36.2047   59.0   45.0    6.0  1.690
  -118.308  36.2047   62.0   45.0    6.0  1.690
  -118.335  36.2047   65.0   45.0    6.0  1.700
  -118.362  36.2047   68.0   45.0    6.0  1.700
  -118.388  36.2047   71.0   45.0    6.0  1.700
  -117.201  36.2317  -61.0   48.0    6.0  1.750
  -117.228  36.2317  -58.0   48.0    6.0  1.730
  -117.255  36.2317  -55.0   48.0    6.0  1.690
  -117.282  36.2317  -52.0   48.0    6.0  1.680
  -117.309  36.2317  -49.0   48.0    6.0  1.670
  -117.336  36.2317  -46.0   48.0    6.0  1.670
  -117.363  36.2317  -43.0   48.0    6.0  1.690
  -117.390  36.2317  -40.0   48.0    6.0  1.700
  -117.417  36.2317  -37.0   48.0    6.0  1.700
  -117.444  36.2317  -34.0   48.0    6.0  1.700
  -117.471  36.2317  -31.0   48.0    6.0  1.700
  -117.498  36.2317  -28.0   48.0    6.0  1.710
  -117.525  36.2317  -25.0   48.0    6.0  1.710
  -117.552  36.2317  -22.0   48.0    6.0  1.730
  -117.579  36.2317  -19.0   48.0    6.0  1.740
  -117.606  36.2317  -16.0   48.0    6.0  1.740
  -117.633  36.2317  -13.0   48.0    6.0  1.700
  -117.660  36.2317  -10.0   48.0    6.0  1.720
  -117.687  36.2317   -7.0   48.0    6.0  1.780
  -117.714  36.2317   -4.0   48.0    6.0  1.770
  -117.741  36.2317   -1.0   48.0    6.0  1.720
  -117.768  36.2317    2.0   48.0    6.0  1.720
  -117.795  36.2317    5.0   48.0    6.0  1.700
  -117.822  36.2317    8.0   48.0    6.0  1.730
  -117.849  36.2317   11.0   48.0    6.0  1.700
  -117.876  36.2317   14.0   48.0    6.0  1.700
  -117.903  36.2317   17.0   48.0    6.0  1.630
  -117.930  36.2317   20.0   48.0    6.0  1.670
  -117.957  36.2317   23.0   48.0    6.0  1.720
  -117.984  36.2317   26.0   48.0    6.0  1.710
  -118.011  36.2317   29.0   48.0    6.0  1.720
  -118.038  36.2317   32.0   48.0    6.0  1.700
  -118.065  36.2317   35.0   48.0    6.0  1.690
  -118.092  36.2317   38.0   48.0    6.0  1.690
  -118.119  36.2317   41.0   48.0    6.0  1.690
  -118.146  36.2317   44.0   48.0    6.0  1.710
  -118.173  36.2317   47.0   48.0    6.0  1.730
  -118.200  36.2317   50.0   48.0    6.0  1.730
  -118.227  36.2317   53.0   48.0    6.0  1.720
  -118.254  36.2317   56.0   48.0    6.0  1.710
  -118.281  36.2317   59.0   48.0    6.0  1.690
  -118.308  36.2317   62.0   48.0    6.0  1.690
  -118.335  36.2317   65.0   48.0    6.0  1.690
  -118.362  36.2317   68.0   48.0    6.0  1.690
  -118.388  36.2317   71.0   48.0    6.0  1.690
  -117.201  36.2587  -61.0   51.0    6.0  1.740
  -117.228  36.2587  -58.0   51.0    6.0  1.720
  -117.255  36.2587  -55.0   51.0    6.0  1.700
  -117.282  36.2587  -52.0   51.0    6.0  1.690
  -117.309  36.2587  -49.0   51.0    6.0  1.690
  -117.336  36.2587  -46.0   51.0    6.0  1.690
  -117.363  36.2587  -43.0   51.0    6.0  1.700
  -117.390  36.2587  -40.0   51.0    6.0  1.700
  -117.417  36.2587  -37.0   51.0    6.0  1.690
  -117.444  36.2587  -34.0   51.0    6.0  1.710
  -117.471  36.2587  -31.0   51.0    6.0  1.720
  -117.498  36.2587  -28.0   51.0    6.0  1.720
  -117.525  36.2587  -25.0   51.0    6.0  1.720
  -117.552  36.2587  -22.0   51.0    6.0  1.720
  -117.579  36.2587  -19.0   51.0    6.0  1.730
  -117.606  36.2587  -16.0   51.0    6.0  1.730
  -117.633  36.2587  -13.0   51.0    6.0  1.710
  -117.660  36.2587  -10.0   51.0    6.0  1.730
  -117.687  36.2587   -7.0   51.0    6.0  1.770
  -117.714  36.2587   -4.0   51.0    6.0  1.780
  -117.741  36.2587   -1.0   51.0    6.0  1.760
  -117.768  36.2587    2.0   51.0    6.0  1.750
  -117.795  36.2587    5.0   51.0    6.0  1.710
  -117.822  36.2587    8.0   51.0    6.0  1.720
  -117.849  36.2587   11.0   51.0    6.0  1.700
  -117.876  36.2587   14.0   51.0    6.0  1.720
  -117.903  36.2587   17.0   51.0    6.0  1.690
  -117.930  36.2587   20.0   51.0    6.0  1.670
  -117.957  36.2587   23.0   51.0    6.0  1.700
  -117.984  36.2587   26.0   51.0    6.0  1.710
  -118.011  36.2587   29.0   51.0    6.0  1.710
  -118.038  36.2587   32.0   51.0    6.0  1.690
  -118.065  36.2587   35.0   51.0    6.0  1.680
  -118.092  36.2587   38.0   51.0    6.0  1.690
  -118.119  36.2587   41.0   51.0    6.0  1.710
  -118.146  36.2587   44.0   51.0    6.0  1.710
  -118.173  36.2587   47.0   51.0    6.0  1.710
  -118.200  36.2587   50.0   51.0    6.0  1.710
  -118.227  36.2587   53.0   51.0    6.0  1.710
  -118.254  36.2587   56.0   51.0    6.0  1.710
  -118.281  36.2587   59.0   51.0    6.0  1.710
  -118.308  36.2587   62.0   51.0    6.0  1.700
  -118.335  36.2587   65.0   51.0    6.0  1.700
  -118.362  36.2587   68.0   51.0    6.0  1.700
  -118.388  36.2587   71.0   51.0    6.0  1.690
  -117.201  36.2856  -61.0   54.0    6.0  1.730
  -117.228  36.2856  -58.0   54.0    6.0  1.720
  -117.255  36.2856  -55.0   54.0    6.0  1.710
  -117.282  36.2856  -52.0   54.0    6.0  1.710
  -117.309  36.2856  -49.0   54.0    6.0  1.710
  -117.336  36.2856  -46.0   54.0    6.0  1.710
  -117.363  36.2856  -43.0   54.0    6.0  1.710
  -117.390  36.2856  -40.0   54.0    6.0  1.710
  -117.417  36.2856  -37.0   54.0    6.0  1.700
  -117.444  36.2856  -34.0   54.0    6.0  1.700
  -117.471  36.2856  -31.0   54.0    6.0  1.720
  -117.498  36.2856  -28.0   54.0    6.0  1.730
  -117.525  36.2856  -25.0   54.0    6.0  1.730
  -117.552  36.2856  -22.0   54.0    6.0  1.720
  -117.579  36.2856  -19.0   54.0    6.0  1.710
  -117.606  36.2856  -16.0   54.0    6.0  1.710
  -117.633  36.2856  -13.0   54.0    6.0  1.720
  -117.660  36.2856  -10.0   54.0    6.0  1.730
  -117.687  36.2856   -7.0   54.0    6.0  1.760
  -117.714  36.2856   -4.0   54.0    6.0  1.800
  -117.741  36.2856   -1.0   54.0    6.0  1.800
  -117.768  36.2856    2.0   54.0    6.0  1.770
  -117.795  36.2856    5.0   54.0    6.0  1.700
  -117.822  36.2856    8.0   54.0    6.0  1.720
  -117.849  36.2856   11.0   54.0    6.0  1.710
  -117.876  36.2856   14.0   54.0    6.0  1.710
  -117.903  36.2856   17.0   54.0    6.0  1.730
  -117.930  36.2856   20.0   54.0    6.0  1.710
  -117.957  36.2856   23.0   54.0    6.0  1.690
  -117.984  36.2856   26.0   54.0    6.0  1.700
  -118.011  36.2856   29.0   54.0    6.0  1.690
  -118.038  36.2856   32.0   54.0    6.0  1.670
  -118.065  36.2856   35.0   54.0    6.0  1.670
  -118.092  36.2856   38.0   54.0    6.0  1.700
  -118.119  36.2856   41.0   54.0    6.0  1.730
  -118.146  36.2856   44.0   54.0    6.0  1.720
  -118.173  36.2856   47.0   54.0    6.0  1.680
  -118.200  36.2856   50.0   54.0    6.0  1.680
  -118.227  36.2856   53.0   54.0    6.0  1.690
  -118.254  36.2856   56.0   54.0    6.0  1.710
  -118.281  36.2856   59.0   54.0    6.0  1.720
  -118.308  36.2856   62.0   54.0    6.0  1.720
  -118.335  36.2856   65.0   54.0    6.0  1.710
  -118.362  36.2856   68.0   54.0    6.0  1.700
  -118.388  36.2856   71.0   54.0    6.0  1.700
  -117.201  36.3126  -61.0   57.0    6.0  1.730
  -117.228  36.3126  -58.0   57.0    6.0  1.730
  -117.255  36.3126  -55.0   57.0    6.0  1.720
  -117.282  36.3126  -52.0   57.0    6.0  1.720
  -117.309  36.3126  -49.0   57.0    6.0  1.720
  -117.336  36.3126  -46.0   57.0    6.0  1.720
  -117.363  36.3126  -43.0   57.0    6.0  1.720
  -117.390  36.3126  -40.0   57.0    6.0  1.710
  -117.417  36.3126  -37.0   57.0    6.0  1.700
  -117.444  36.3126  -34.0   57.0    6.0  1.700
  -117.471  36.3126  -31.0   57.0    6.0  1.720
  -117.498  36.3126  -28.0   57.0    6.0  1.730
  -117.525  36.3126  -25.0   57.0    6.0  1.720
  -117.552  36.3126  -22.0   57.0    6.0  1.720
  -117.579  36.3126  -19.0   57.0    6.0  1.710
  -117.606  36.3126  -16.0   57.0    6.0  1.720
  -117.633  36.3126  -13.0   57.0    6.0  1.730
  -117.660  36.3126  -10.0   57.0    6.0  1.740
  -117.687  36.3126   -7.0   57.0    6.0  1.760
  -117.714  36.3126   -4.0   57.0    6.0  1.790
  -117.741  36.3126   -1.0   57.0    6.0  1.790
  -117.768  36.3126    2.0   57.0    6.0  1.770
  -117.795  36.3126    5.0   57.0    6.0  1.720
  -117.822  36.3126    8.0   57.0    6.0  1.720
  -117.849  36.3126   11.0   57.0    6.0  1.700
  -117.876  36.3126   14.0   57.0    6.0  1.700
  -117.903  36.3126   17.0   57.0    6.0  1.720
  -117.930  36.3126   20.0   57.0    6.0  1.720
  -117.957  36.3126   23.0   57.0    6.0  1.700
  -117.984  36.3126   26.0   57.0    6.0  1.700
  -118.011  36.3126   29.0   57.0    6.0  1.710
  -118.038  36.3126   32.0   57.0    6.0  1.700
  -118.065  36.3126   35.0   57.0    6.0  1.690
  -118.092  36.3126   38.0   57.0    6.0  1.700
  -118.119  36.3126   41.0   57.0    6.0  1.720
  -118.146  36.3126   44.0   57.0    6.0  1.720
  -118.173  36.3126   47.0   57.0    6.0  1.690
  -118.200  36.3126   50.0   57.0    6.0  1.690
  -118.227  36.3126   53.0   57.0    6.0  1.710
  -118.254  36.3126   56.0   57.0    6.0  1.710
  -118.281  36.3126   59.0   57.0    6.0  1.720
  -118.308  36.3126   62.0   57.0    6.0  1.720
  -118.335  36.3126   65.0   57.0    6.0  1.710
  -118.362  36.3126   68.0   57.0    6.0  1.710
  -118.388  36.3126   71.0   57.0    6.0  1.710
  -117.201  36.3396  -61.0   60.0    6.0  1.740
  -117.228  36.3396  -58.0   60.0    6.0  1.740
  -117.255  36.3396  -55.0   60.0    6.0  1.730
  -117.282  36.3396  -52.0   60.0    6.0  1.730
  -117.309  36.3396  -49.0   60.0    6.0  1.730
  -117.336  36.3396  -46.0   60.0    6.0  1.720
  -117.363  36.3396  -43.0   60.0    6.0  1.720
  -117.390  36.3396  -40.0   60.0    6.0  1.710
  -117.417  36.3396  -37.0   60.0    6.0  1.700
  -117.444  36.3396  -34.0   60.0    6.0  1.710
  -117.471  36.3396  -31.0   60.0    6.0  1.720
  -117.498  36.3396  -28.0   60.0    6.0  1.720
  -117.525  36.3396  -25.0   60.0    6.0  1.720
  -117.552  36.3396  -22.0   60.0    6.0  1.720
  -117.579  36.3396  -19.0   60.0    6.0  1.720
  -117.606  36.3396  -16.0   60.0    6.0  1.720
  -117.633  36.3396  -13.0   60.0    6.0  1.730
  -117.660  36.3396  -10.0   60.0    6.0  1.750
  -117.687  36.3396   -7.0   60.0    6.0  1.760
  -117.714  36.3396   -4.0   60.0    6.0  1.780
  -117.741  36.3396   -1.0   60.0    6.0  1.790
  -117.768  36.3396    2.0   60.0    6.0  1.770
  -117.795  36.3396    5.0   60.0    6.0  1.740
  -117.822  36.3396    8.0   60.0    6.0  1.720
  -117.849  36.3396   11.0   60.0    6.0  1.680
  -117.876  36.3396   14.0   60.0    6.0  1.710
  -117.903  36.3396   17.0   60.0    6.0  1.710
  -117.930  36.3396   20.0   60.0    6.0  1.700
  -117.957  36.3396   23.0   60.0    6.0  1.710
  -117.984  36.3396   26.0   60.0    6.0  1.710
  -118.011  36.3396   29.0   60.0    6.0  1.730
  -118.038  36.3396   32.0   60.0    6.0  1.720
  -118.065  36.3396   35.0   60.0    6.0  1.700
  -118.092  36.3396   38.0   60.0    6.0  1.700
  -118.119  36.3396   41.0   60.0    6.0  1.720
  -118.146  36.3396   44.0   60.0    6.0  1.720
  -118.173  36.3396   47.0   60.0    6.0  1.710
  -118.200  36.3396   50.0   60.0    6.0  1.710
  -118.227  36.3396   53.0   60.0    6.0  1.720
  -118.254  36.3396   56.0   60.0    6.0  1.720
  -118.281  36.3396   59.0   60.0    6.0  1.720
  -118.308  36.3396   62.0   60.0    6.0  1.720
  -118.335  36.3396   65.0   60.0    6.0  1.720
  -118.362  36.3396   68.0   60.0    6.0  1.720
  -118.388  36.3396   71.0   60.0    6.0  1.710
  -117.201  36.3666  -61.0   63.0    6.0  1.740
  -117.228  36.3666  -58.0   63.0    6.0  1.730
  -117.255  36.3666  -55.0   63.0    6.0  1.730
  -117.282  36.3666  -52.0   63.0    6.0  1.730
  -117.309  36.3666  -49.0   63.0    6.0  1.720
  -117.336  36.3666  -46.0   63.0    6.0  1.720
  -117.363  36.3666  -43.0   63.0    6.0  1.700
  -117.390  36.3666  -40.0   63.0    6.0  1.700
  -117.417  36.3666  -37.0   63.0    6.0  1.690
  -117.444  36.3666  -34.0   63.0    6.0  1.700
  -117.471  36.3666  -31.0   63.0    6.0  1.700
  -117.498  36.3666  -28.0   63.0    6.0  1.710
  -117.525  36.3666  -25.0   63.0    6.0  1.720
  -117.552  36.3666  -22.0   63.0    6.0  1.730
  -117.579  36.3666  -19.0   63.0    6.0  1.730
  -117.606  36.3666  -16.0   63.0    6.0  1.740
  -117.633  36.3666  -13.0   63.0    6.0  1.740
  -117.660  36.3666  -10.0   63.0    6.0  1.750
  -117.687  36.3666   -7.0   63.0    6.0  1.780
  -117.714  36.3666   -4.0   63.0    6.0  1.770
  -117.741  36.3666   -1.0   63.0    6.0  1.770
  -117.768  36.3666    2.0   63.0    6.0  1.740
  -117.795  36.3666    5.0   63.0    6.0  1.730
  -117.822  36.3666    8.0   63.0    6.0  1.720
  -117.849  36.3666   11.0   63.0    6.0  1.710
  -117.876  36.3666   14.0   63.0    6.0  1.730
  -117.903  36.3666   17.0   63.0    6.0  1.750
  -117.930  36.3666   20.0   63.0    6.0  1.740
  -117.957  36.3666   23.0   63.0    6.0  1.720
  -117.984  36.3666   26.0   63.0    6.0  1.710
  -118.011  36.3666   29.0   63.0    6.0  1.710
  -118.038  36.3666   32.0   63.0    6.0  1.710
  -118.065  36.3666   35.0   63.0    6.0  1.700
  -118.092  36.3666   38.0   63.0    6.0  1.720
  -118.119  36.3666   41.0   63.0    6.0  1.750
  -118.146  36.3666   44.0   63.0    6.0  1.740
  -118.173  36.3666   47.0   63.0    6.0  1.720
  -118.200  36.3666   50.0   63.0    6.0  1.720
  -118.227  36.3666   53.0   63.0    6.0  1.720
  -118.254  36.3666   56.0   63.0    6.0  1.720
  -118.281  36.3666   59.0   63.0    6.0  1.720
  -118.308  36.3666   62.0   63.0    6.0  1.720
  -118.335  36.3666   65.0   63.0    6.0  1.720
  -118.362  36.3666   68.0   63.0    6.0  1.720
  -118.388  36.3666   71.0   63.0    6.0  1.720
  -117.201  36.3936  -61.0   66.0    6.0  1.740
  -117.228  36.3936  -58.0   66.0    6.0  1.730
  -117.255  36.3936  -55.0   66.0    6.0  1.730
  -117.282  36.3936  -52.0   66.0    6.0  1.730
  -117.309  36.3936  -49.0   66.0    6.0  1.720
  -117.336  36.3936  -46.0   66.0    6.0  1.710
  -117.363  36.3936  -43.0   66.0    6.0  1.690
  -117.390  36.3936  -40.0   66.0    6.0  1.680
  -117.417  36.3936  -37.0   66.0    6.0  1.700
  -117.444  36.3936  -34.0   66.0    6.0  1.690
  -117.471  36.3936  -31.0   66.0    6.0  1.680
  -117.498  36.3936  -28.0   66.0    6.0  1.710
  -117.525  36.3936  -25.0   66.0    6.0  1.730
  -117.552  36.3936  -22.0   66.0    6.0  1.740
  -117.579  36.3936  -19.0   66.0    6.0  1.750
  -117.606  36.3936  -16.0   66.0    6.0  1.750
  -117.633  36.3936  -13.0   66.0    6.0  1.740
  -117.660  36.3936  -10.0   66.0    6.0  1.750
  -117.687  36.3936   -7.0   66.0    6.0  1.790
  -117.714  36.3936   -4.0   66.0    6.0  1.800
  -117.741  36.3936   -1.0   66.0    6.0  1.750
  -117.768  36.3936    2.0   66.0    6.0  1.720
  -117.795  36.3936    5.0   66.0    6.0  1.730
  -117.822  36.3936    8.0   66.0    6.0  1.720
  -117.849  36.3936   11.0   66.0    6.0  1.750
  -117.876  36.3936   14.0   66.0    6.0  1.760
  -117.903  36.3936   17.0   66.0    6.0  1.800
  -117.930  36.3936   20.0   66.0    6.0  1.780
  -117.957  36.3936   23.0   66.0    6.0  1.740
  -117.984  36.3936   26.0   66.0    6.0  1.710
  -118.011  36.3936   29.0   66.0    6.0  1.700
  -118.038  36.3936   32.0   66.0    6.0  1.690
  -118.065  36.3936   35.0   66.0    6.0  1.700
  -118.092  36.3936   38.0   66.0    6.0  1.730
  -118.119  36.3936   41.0   66.0    6.0  1.770
  -118.146  36.3936   44.0   66.0    6.0  1.770
  -118.173  36.3936   47.0   66.0    6.0  1.740
  -118.200  36.3936   50.0   66.0    6.0  1.730
  -118.227  36.3936   53.0   66.0    6.0  1.730
  -118.254  36.3936   56.0   66.0    6.0  1.720
  -118.281  36.3936   59.0   66.0    6.0  1.720
  -118.308  36.3936   62.0   66.0    6.0  1.720
  -118.335  36.3936   65.0   66.0    6.0  1.720
  -118.362  36.3936   68.0   66.0    6.0  1.720
  -118.388  36.3936   71.0   66.0    6.0  1.730
  -117.201  35.5032  -61.0  -33.0    9.0  1.670
  -117.228  35.5032  -58.0  -33.0    9.0  1.670
  -117.255  35.5032  -55.0  -33.0    9.0  1.690
  -117.282  35.5032  -52.0  -33.0    9.0  1.700
  -117.309  35.5032  -49.0  -33.0    9.0  1.720
  -117.336  35.5032  -46.0  -33.0    9.0  1.720
  -117.363  35.5032  -43.0  -33.0    9.0  1.720
  -117.390  35.5032  -40.0  -33.0    9.0  1.720
  -117.417  35.5032  -37.0  -33.0    9.0  1.720
  -117.444  35.5032  -34.0  -33.0    9.0  1.720
  -117.471  35.5032  -31.0  -33.0    9.0  1.710
  -117.498  35.5032  -28.0  -33.0    9.0  1.710
  -117.525  35.5032  -25.0  -33.0    9.0  1.710
  -117.552  35.5032  -22.0  -33.0    9.0  1.710
  -117.579  35.5032  -19.0  -33.0    9.0  1.730
  -117.606  35.5032  -16.0  -33.0    9.0  1.710
  -117.633  35.5032  -13.0  -33.0    9.0  1.650
  -117.660  35.5032  -10.0  -33.0    9.0  1.690
  -117.687  35.5032   -7.0  -33.0    9.0  1.710
  -117.714  35.5032   -4.0  -33.0    9.0  1.680
  -117.741  35.5032   -1.0  -33.0    9.0  1.660
  -117.768  35.5032    2.0  -33.0    9.0  1.720
  -117.795  35.5032    5.0  -33.0    9.0  1.680
  -117.822  35.5032    8.0  -33.0    9.0  1.710
  -117.849  35.5032   11.0  -33.0    9.0  1.710
  -117.876  35.5032   14.0  -33.0    9.0  1.700
  -117.903  35.5032   17.0  -33.0    9.0  1.700
  -117.930  35.5032   20.0  -33.0    9.0  1.710
  -117.957  35.5032   23.0  -33.0    9.0  1.690
  -117.984  35.5032   26.0  -33.0    9.0  1.680
  -118.011  35.5032   29.0  -33.0    9.0  1.690
  -118.038  35.5032   32.0  -33.0    9.0  1.690
  -118.065  35.5032   35.0  -33.0    9.0  1.700
  -118.092  35.5032   38.0  -33.0    9.0  1.710
  -118.119  35.5032   41.0  -33.0    9.0  1.730
  -118.146  35.5032   44.0  -33.0    9.0  1.740
  -118.173  35.5032   47.0  -33.0    9.0  1.730
  -118.200  35.5032   50.0  -33.0    9.0  1.700
  -118.227  35.5032   53.0  -33.0    9.0  1.670
  -118.254  35.5032   56.0  -33.0    9.0  1.680
  -118.281  35.5032   59.0  -33.0    9.0  1.690
  -118.308  35.5032   62.0  -33.0    9.0  1.690
  -118.335  35.5032   65.0  -33.0    9.0  1.680
  -118.362  35.5032   68.0  -33.0    9.0  1.690
  -118.388  35.5032   71.0  -33.0    9.0  1.700
  -117.201  35.5302  -61.0  -30.0    9.0  1.650
  -117.228  35.5302  -58.0  -30.0    9.0  1.660
  -117.255  35.5302  -55.0  -30.0    9.0  1.670
  -117.282  35.5302  -52.0  -30.0    9.0  1.690
  -117.309  35.5302  -49.0  -30.0    9.0  1.710
  -117.336  35.5302  -46.0  -30.0    9.0  1.710
  -117.363  35.5302  -43.0  -30.0    9.0  1.700
  -117.390  35.5302  -40.0  -30.0    9.0  1.700
  -117.417  35.5302  -37.0  -30.0    9.0  1.700
  -117.444  35.5302  -34.0  -30.0    9.0  1.710
  -117.471  35.5302  -31.0  -30.0    9.0  1.720
  -117.498  35.5302  -28.0  -30.0    9.0  1.720
  -117.525  35.5302  -25.0  -30.0    9.0  1.730
  -117.552  35.5302  -22.0  -30.0    9.0  1.720
  -117.579  35.5302  -19.0  -30.0    9.0  1.720
  -117.606  35.5302  -16.0  -30.0    9.0  1.710
  -117.633  35.5302  -13.0  -30.0    9.0  1.700
  -117.660  35.5302  -10.0  -30.0    9.0  1.690
  -117.687  35.5302   -7.0  -30.0    9.0  1.720
  -117.714  35.5302   -4.0  -30.0    9.0  1.710
  -117.741  35.5302   -1.0  -30.0    9.0  1.740
  -117.768  35.5302    2.0  -30.0    9.0  1.720
  -117.795  35.5302    5.0  -30.0    9.0  1.690
  -117.822  35.5302    8.0  -30.0    9.0  1.690
  -117.849  35.5302   11.0  -30.0    9.0  1.700
  -117.876  35.5302   14.0  -30.0    9.0  1.700
  -117.903  35.5302   17.0  -30.0    9.0  1.690
  -117.930  35.5302   20.0  -30.0    9.0  1.690
  -117.957  35.5302   23.0  -30.0    9.0  1.670
  -117.984  35.5302   26.0  -30.0    9.0  1.680
  -118.011  35.5302   29.0  -30.0    9.0  1.690
  -118.038  35.5302   32.0  -30.0    9.0  1.710
  -118.065  35.5302   35.0  -30.0    9.0  1.730
  -118.092  35.5302   38.0  -30.0    9.0  1.710
  -118.119  35.5302   41.0  -30.0    9.0  1.700
  -118.146  35.5302   44.0  -30.0    9.0  1.690
  -118.173  35.5302   47.0  -30.0    9.0  1.700
  -118.200  35.5302   50.0  -30.0    9.0  1.700
  -118.227  35.5302   53.0  -30.0    9.0  1.700
  -118.254  35.5302   56.0  -30.0    9.0  1.680
  -118.281  35.5302   59.0  -30.0    9.0  1.660
  -118.308  35.5302   62.0  -30.0    9.0  1.660
  -118.335  35.5302   65.0  -30.0    9.0  1.670
  -118.362  35.5302   68.0  -30.0    9.0  1.690
  -118.388  35.5302   71.0  -30.0    9.0  1.700
  -117.201  35.5572  -61.0  -27.0    9.0  1.690
  -117.228  35.5572  -58.0  -27.0    9.0  1.700
  -117.255  35.5572  -55.0  -27.0    9.0  1.710
  -117.282  35.5572  -52.0  -27.0    9.0  1.720
  -117.309  35.5572  -49.0  -27.0    9.0  1.730
  -117.336  35.5572  -46.0  -27.0    9.0  1.730
  -117.363  35.5572  -43.0  -27.0    9.0  1.720
  -117.390  35.5572  -40.0  -27.0    9.0  1.720
  -117.417  35.5572  -37.0  -27.0    9.0  1.720
  -117.444  35.5572  -34.0  -27.0    9.0  1.710
  -117.471  35.5572  -31.0  -27.0    9.0  1.750
  -117.498  35.5572  -28.0  -27.0    9.0  1.730
  -117.525  35.5572  -25.0  -27.0    9.0  1.720
  -117.552  35.5572  -22.0  -27.0    9.0  1.720
  -117.579  35.5572  -19.0  -27.0    9.0  1.730
  -117.606  35.5572  -16.0  -27.0    9.0  1.720
  -117.633  35.5572  -13.0  -27.0    9.0  1.700
  -117.660  35.5572  -10.0  -27.0    9.0  1.660
  -117.687  35.5572   -7.0  -27.0    9.0  1.710
  -117.714  35.5572   -4.0  -27.0    9.0  1.720
  -117.741  35.5572   -1.0  -27.0    9.0  1.760
  -117.768  35.5572    2.0  -27.0    9.0  1.710
  -117.795  35.5572    5.0  -27.0    9.0  1.690
  -117.822  35.5572    8.0  -27.0    9.0  1.700
  -117.849  35.5572   11.0  -27.0    9.0  1.690
  -117.876  35.5572   14.0  -27.0    9.0  1.710
  -117.903  35.5572   17.0  -27.0    9.0  1.700
  -117.930  35.5572   20.0  -27.0    9.0  1.690
  -117.957  35.5572   23.0  -27.0    9.0  1.690
  -117.984  35.5572   26.0  -27.0    9.0  1.700
  -118.011  35.5572   29.0  -27.0    9.0  1.720
  -118.038  35.5572   32.0  -27.0    9.0  1.720
  -118.065  35.5572   35.0  -27.0    9.0  1.720
  -118.092  35.5572   38.0  -27.0    9.0  1.730
  -118.119  35.5572   41.0  -27.0    9.0  1.710
  -118.146  35.5572   44.0  -27.0    9.0  1.710
  -118.173  35.5572   47.0  -27.0    9.0  1.720
  -118.200  35.5572   50.0  -27.0    9.0  1.720
  -118.227  35.5572   53.0  -27.0    9.0  1.700
  -118.254  35.5572   56.0  -27.0    9.0  1.700
  -118.281  35.5572   59.0  -27.0    9.0  1.690
  -118.308  35.5572   62.0  -27.0    9.0  1.700
  -118.335  35.5572   65.0  -27.0    9.0  1.710
  -118.362  35.5572   68.0  -27.0    9.0  1.710
  -118.388  35.5572   71.0  -27.0    9.0  1.710
  -117.201  35.5842  -61.0  -24.0    9.0  1.730
  -117.228  35.5842  -58.0  -24.0    9.0  1.740
  -117.255  35.5842  -55.0  -24.0    9.0  1.750
  -117.282  35.5842  -52.0  -24.0    9.0  1.750
  -117.309  35.5842  -49.0  -24.0    9.0  1.750
  -117.336  35.5842  -46.0  -24.0    9.0  1.750
  -117.363  35.5842  -43.0  -24.0    9.0  1.750
  -117.390  35.5842  -40.0  -24.0    9.0  1.740
  -117.417  35.5842  -37.0  -24.0    9.0  1.740
  -117.444  35.5842  -34.0  -24.0    9.0  1.730
  -117.471  35.5842  -31.0  -24.0    9.0  1.750
  -117.498  35.5842  -28.0  -24.0    9.0  1.750
  -117.525  35.5842  -25.0  -24.0    9.0  1.720
  -117.552  35.5842  -22.0  -24.0    9.0  1.720
  -117.579  35.5842  -19.0  -24.0    9.0  1.730
  -117.606  35.5842  -16.0  -24.0    9.0  1.730
  -117.633  35.5842  -13.0  -24.0    9.0  1.680
  -117.660  35.5842  -10.0  -24.0    9.0  1.650
  -117.687  35.5842   -7.0  -24.0    9.0  1.700
  -117.714  35.5842   -4.0  -24.0    9.0  1.730
  -117.741  35.5842   -1.0  -24.0    9.0  1.770
  -117.768  35.5842    2.0  -24.0    9.0  1.710
  -117.795  35.5842    5.0  -24.0    9.0  1.710
  -117.822  35.5842    8.0  -24.0    9.0  1.700
  -117.849  35.5842   11.0  -24.0    9.0  1.700
  -117.876  35.5842   14.0  -24.0    9.0  1.710
  -117.903  35.5842   17.0  -24.0    9.0  1.710
  -117.930  35.5842   20.0  -24.0    9.0  1.700
  -117.957  35.5842   23.0  -24.0    9.0  1.710
  -117.984  35.5842   26.0  -24.0    9.0  1.720
  -118.011  35.5842   29.0  -24.0    9.0  1.740
  -118.038  35.5842   32.0  -24.0    9.0  1.730
  -118.065  35.5842   35.0  -24.0    9.0  1.730
  -118.092  35.5842   38.0  -24.0    9.0  1.730
  -118.119  35.5842   41.0  -24.0    9.0  1.730
  -118.146  35.5842   44.0  -24.0    9.0  1.730
  -118.173  35.5842   47.0  -24.0    9.0  1.730
  -118.200  35.5842   50.0  -24.0    9.0  1.730
  -118.227  35.5842   53.0  -24.0    9.0  1.710
  -118.254  35.5842   56.0  -24.0    9.0  1.710
  -118.281  35.5842   59.0  -24.0    9.0  1.720
  -118.308  35.5842   62.0  -24.0    9.0  1.740
  -118.335  35.5842   65.0  -24.0    9.0  1.750
  -118.362  35.5842   68.0  -24.0    9.0  1.730
  -118.388  35.5842   71.0  -24.0    9.0  1.710
  -117.201  35.6111  -61.0  -21.0    9.0  1.740
  -117.228  35.6111  -58.0  -21.0    9.0  1.740
  -117.255  35.6111  -55.0  -21.0    9.0  1.750
  -117.282  35.6111  -52.0  -21.0    9.0  1.750
  -117.309  35.6111  -49.0  -21.0    9.0  1.750
  -117.336  35.6111  -46.0  -21.0    9.0  1.750
  -117.363  35.6111  -43.0  -21.0    9.0  1.740
  -117.390  35.6111  -40.0  -21.0    9.0  1.740
  -117.417  35.6111  -37.0  -21.0    9.0  1.750
  -117.444  35.6111  -34.0  -21.0    9.0  1.750
  -117.471  35.6111  -31.0  -21.0    9.0  1.750
  -117.498  35.6111  -28.0  -21.0    9.0  1.760
  -117.525  35.6111  -25.0  -21.0    9.0  1.740
  -117.552  35.6111  -22.0  -21.0    9.0  1.740
  -117.579  35.6111  -19.0  -21.0    9.0  1.720
  -117.606  35.6111  -16.0  -21.0    9.0  1.740
  -117.633  35.6111  -13.0  -21.0    9.0  1.650
  -117.660  35.6111  -10.0  -21.0    9.0  1.640
  -117.687  35.6111   -7.0  -21.0    9.0  1.710
  -117.714  35.6111   -4.0  -21.0    9.0  1.710
  -117.741  35.6111   -1.0  -21.0    9.0  1.760
  -117.768  35.6111    2.0  -21.0    9.0  1.710
  -117.795  35.6111    5.0  -21.0    9.0  1.730
  -117.822  35.6111    8.0  -21.0    9.0  1.720
  -117.849  35.6111   11.0  -21.0    9.0  1.740
  -117.876  35.6111   14.0  -21.0    9.0  1.710
  -117.903  35.6111   17.0  -21.0    9.0  1.700
  -117.930  35.6111   20.0  -21.0    9.0  1.700
  -117.957  35.6111   23.0  -21.0    9.0  1.710
  -117.984  35.6111   26.0  -21.0    9.0  1.710
  -118.011  35.6111   29.0  -21.0    9.0  1.720
  -118.038  35.6111   32.0  -21.0    9.0  1.720
  -118.065  35.6111   35.0  -21.0    9.0  1.720
  -118.092  35.6111   38.0  -21.0    9.0  1.710
  -118.119  35.6111   41.0  -21.0    9.0  1.710
  -118.146  35.6111   44.0  -21.0    9.0  1.720
  -118.173  35.6111   47.0  -21.0    9.0  1.730
  -118.200  35.6111   50.0  -21.0    9.0  1.710
  -118.227  35.6111   53.0  -21.0    9.0  1.690
  -118.254  35.6111   56.0  -21.0    9.0  1.700
  -118.281  35.6111   59.0  -21.0    9.0  1.730
  -118.308  35.6111   62.0  -21.0    9.0  1.730
  -118.335  35.6111   65.0  -21.0    9.0  1.710
  -118.362  35.6111   68.0  -21.0    9.0  1.700
  -118.388  35.6111   71.0  -21.0    9.0  1.700
  -117.201  35.6381  -61.0  -18.0    9.0  1.740
  -117.228  35.6381  -58.0  -18.0    9.0  1.750
  -117.255  35.6381  -55.0  -18.0    9.0  1.740
  -117.282  35.6381  -52.0  -18.0    9.0  1.740
  -117.309  35.6381  -49.0  -18.0    9.0  1.750
  -117.336  35.6381  -46.0  -18.0    9.0  1.750
  -117.363  35.6381  -43.0  -18.0    9.0  1.740
  -117.390  35.6381  -40.0  -18.0    9.0  1.740
  -117.417  35.6381  -37.0  -18.0    9.0  1.750
  -117.444  35.6381  -34.0  -18.0    9.0  1.770
  -117.471  35.6381  -31.0  -18.0    9.0  1.770
  -117.498  35.6381  -28.0  -18.0    9.0  1.760
  -117.525  35.6381  -25.0  -18.0    9.0  1.750
  -117.552  35.6381  -22.0  -18.0    9.0  1.740
  -117.579  35.6381  -19.0  -18.0    9.0  1.760
  -117.606  35.6381  -16.0  -18.0    9.0  1.710
  -117.633  35.6381  -13.0  -18.0    9.0  1.650
  -117.660  35.6381  -10.0  -18.0    9.0  1.650
  -117.687  35.6381   -7.0  -18.0    9.0  1.710
  -117.714  35.6381   -4.0  -18.0    9.0  1.670
  -117.741  35.6381   -1.0  -18.0    9.0  1.700
  -117.768  35.6381    2.0  -18.0    9.0  1.700
  -117.795  35.6381    5.0  -18.0    9.0  1.740
  -117.822  35.6381    8.0  -18.0    9.0  1.750
  -117.849  35.6381   11.0  -18.0    9.0  1.730
  -117.876  35.6381   14.0  -18.0    9.0  1.720
  -117.903  35.6381   17.0  -18.0    9.0  1.710
  -117.930  35.6381   20.0  -18.0    9.0  1.700
  -117.957  35.6381   23.0  -18.0    9.0  1.720
  -117.984  35.6381   26.0  -18.0    9.0  1.710
  -118.011  35.6381   29.0  -18.0    9.0  1.700
  -118.038  35.6381   32.0  -18.0    9.0  1.710
  -118.065  35.6381   35.0  -18.0    9.0  1.700
  -118.092  35.6381   38.0  -18.0    9.0  1.710
  -118.119  35.6381   41.0  -18.0    9.0  1.720
  -118.146  35.6381   44.0  -18.0    9.0  1.720
  -118.173  35.6381   47.0  -18.0    9.0  1.730
  -118.200  35.6381   50.0  -18.0    9.0  1.700
  -118.227  35.6381   53.0  -18.0    9.0  1.660
  -118.254  35.6381   56.0  -18.0    9.0  1.680
  -118.281  35.6381   59.0  -18.0    9.0  1.730
  -118.308  35.6381   62.0  -18.0    9.0  1.720
  -118.335  35.6381   65.0  -18.0    9.0  1.670
  -118.362  35.6381   68.0  -18.0    9.0  1.670
  -118.388  35.6381   71.0  -18.0    9.0  1.690
  -117.201  35.6651  -61.0  -15.0    9.0  1.720
  -117.228  35.6651  -58.0  -15.0    9.0  1.730
  -117.255  35.6651  -55.0  -15.0    9.0  1.740
  -117.282  35.6651  -52.0  -15.0    9.0  1.740
  -117.309  35.6651  -49.0  -15.0    9.0  1.740
  -117.336  35.6651  -46.0  -15.0    9.0  1.740
  -117.363  35.6651  -43.0  -15.0    9.0  1.730
  -117.390  35.6651  -40.0  -15.0    9.0  1.740
  -117.417  35.6651  -37.0  -15.0    9.0  1.760
  -117.444  35.6651  -34.0  -15.0    9.0  1.770
  -117.471  35.6651  -31.0  -15.0    9.0  1.780
  -117.498  35.6651  -28.0  -15.0    9.0  1.750
  -117.525  35.6651  -25.0  -15.0    9.0  1.760
  -117.552  35.6651  -22.0  -15.0    9.0  1.750
  -117.579  35.6651  -19.0  -15.0    9.0  1.750
  -117.606  35.6651  -16.0  -15.0    9.0  1.710
  -117.633  35.6651  -13.0  -15.0    9.0  1.690
  -117.660  35.6651  -10.0  -15.0    9.0  1.680
  -117.687  35.6651   -7.0  -15.0    9.0  1.710
  -117.714  35.6651   -4.0  -15.0    9.0  1.650
  -117.741  35.6651   -1.0  -15.0    9.0  1.680
  -117.768  35.6651    2.0  -15.0    9.0  1.700
  -117.795  35.6651    5.0  -15.0    9.0  1.710
  -117.822  35.6651    8.0  -15.0    9.0  1.710
  -117.849  35.6651   11.0  -15.0    9.0  1.730
  -117.876  35.6651   14.0  -15.0    9.0  1.720
  -117.903  35.6651   17.0  -15.0    9.0  1.720
  -117.930  35.6651   20.0  -15.0    9.0  1.690
  -117.957  35.6651   23.0  -15.0    9.0  1.710
  -117.984  35.6651   26.0  -15.0    9.0  1.720
  -118.011  35.6651   29.0  -15.0    9.0  1.740
  -118.038  35.6651   32.0  -15.0    9.0  1.730
  -118.065  35.6651   35.0  -15.0    9.0  1.720
  -118.092  35.6651   38.0  -15.0    9.0  1.710
  -118.119  35.6651   41.0  -15.0    9.0  1.700
  -118.146  35.6651   44.0  -15.0    9.0  1.710
  -118.173  35.6651   47.0  -15.0    9.0  1.720
  -118.200  35.6651   50.0  -15.0    9.0  1.710
  -118.227  35.6651   53.0  -15.0    9.0  1.710
  -118.254  35.6651   56.0  -15.0    9.0  1.710
  -118.281  35.6651   59.0  -15.0    9.0  1.730
  -118.308  35.6651   62.0  -15.0    9.0  1.710
  -118.335  35.6651   65.0  -15.0    9.0  1.690
  -118.362  35.6651   68.0  -15.0    9.0  1.690
  -118.388  35.6651   71.0  -15.0    9.0  1.710
  -117.201  35.6921  -61.0  -12.0    9.0  1.700
  -117.228  35.6921  -58.0  -12.0    9.0  1.710
  -117.255  35.6921  -55.0  -12.0    9.0  1.730
  -117.282  35.6921  -52.0  -12.0    9.0  1.740
  -117.309  35.6921  -49.0  -12.0    9.0  1.730
  -117.336  35.6921  -46.0  -12.0    9.0  1.730
  -117.363  35.6921  -43.0  -12.0    9.0  1.730
  -117.390  35.6921  -40.0  -12.0    9.0  1.740
  -117.417  35.6921  -37.0  -12.0    9.0  1.770
  -117.444  35.6921  -34.0  -12.0    9.0  1.780
  -117.471  35.6921  -31.0  -12.0    9.0  1.790
  -117.498  35.6921  -28.0  -12.0    9.0  1.770
  -117.525  35.6921  -25.0  -12.0    9.0  1.750
  -117.552  35.6921  -22.0  -12.0    9.0  1.750
  -117.579  35.6921  -19.0  -12.0    9.0  1.700
  -117.606  35.6921  -16.0  -12.0    9.0  1.640
  -117.633  35.6921  -13.0  -12.0    9.0  1.760
  -117.660  35.6921  -10.0  -12.0    9.0  1.670
  -117.687  35.6921   -7.0  -12.0    9.0  1.650
  -117.714  35.6921   -4.0  -12.0    9.0  1.600
  -117.741  35.6921   -1.0  -12.0    9.0  1.670
  -117.768  35.6921    2.0  -12.0    9.0  1.700
  -117.795  35.6921    5.0  -12.0    9.0  1.750
  -117.822  35.6921    8.0  -12.0    9.0  1.720
  -117.849  35.6921   11.0  -12.0    9.0  1.720
  -117.876  35.6921   14.0  -12.0    9.0  1.700
  -117.903  35.6921   17.0  -12.0    9.0  1.670
  -117.930  35.6921   20.0  -12.0    9.0  1.690
  -117.957  35.6921   23.0  -12.0    9.0  1.680
  -117.984  35.6921   26.0  -12.0    9.0  1.710
  -118.011  35.6921   29.0  -12.0    9.0  1.730
  -118.038  35.6921   32.0  -12.0    9.0  1.720
  -118.065  35.6921   35.0  -12.0    9.0  1.710
  -118.092  35.6921   38.0  -12.0    9.0  1.690
  -118.119  35.6921   41.0  -12.0    9.0  1.670
  -118.146  35.6921   44.0  -12.0    9.0  1.690
  -118.173  35.6921   47.0  -12.0    9.0  1.730
  -118.200  35.6921   50.0  -12.0    9.0  1.750
  -118.227  35.6921   53.0  -12.0    9.0  1.740
  -118.254  35.6921   56.0  -12.0    9.0  1.730
  -118.281  35.6921   59.0  -12.0    9.0  1.720
  -118.308  35.6921   62.0  -12.0    9.0  1.710
  -118.335  35.6921   65.0  -12.0    9.0  1.700
  -118.362  35.6921   68.0  -12.0    9.0  1.710
  -118.388  35.6921   71.0  -12.0    9.0  1.720
  -117.201  35.7191  -61.0   -9.0    9.0  1.700
  -117.228  35.7191  -58.0   -9.0    9.0  1.710
  -117.255  35.7191  -55.0   -9.0    9.0  1.720
  -117.282  35.7191  -52.0   -9.0    9.0  1.730
  -117.309  35.7191  -49.0   -9.0    9.0  1.730
  -117.336  35.7191  -46.0   -9.0    9.0  1.730
  -117.363  35.7191  -43.0   -9.0    9.0  1.730
  -117.390  35.7191  -40.0   -9.0    9.0  1.740
  -117.417  35.7191  -37.0   -9.0    9.0  1.750
  -117.444  35.7191  -34.0   -9.0    9.0  1.760
  -117.471  35.7191  -31.0   -9.0    9.0  1.770
  -117.498  35.7191  -28.0   -9.0    9.0  1.780
  -117.525  35.7191  -25.0   -9.0    9.0  1.790
  -117.552  35.7191  -22.0   -9.0    9.0  1.760
  -117.579  35.7191  -19.0   -9.0    9.0  1.730
  -117.606  35.7191  -16.0   -9.0    9.0  1.700
  -117.633  35.7191  -13.0   -9.0    9.0  1.740
  -117.660  35.7191  -10.0   -9.0    9.0  1.740
  -117.687  35.7191   -7.0   -9.0    9.0  1.720
  -117.714  35.7191   -4.0   -9.0    9.0  1.680
  -117.741  35.7191   -1.0   -9.0    9.0  1.710
  -117.768  35.7191    2.0   -9.0    9.0  1.760
  -117.795  35.7191    5.0   -9.0    9.0  1.720
  -117.822  35.7191    8.0   -9.0    9.0  1.720
  -117.849  35.7191   11.0   -9.0    9.0  1.710
  -117.876  35.7191   14.0   -9.0    9.0  1.730
  -117.903  35.7191   17.0   -9.0    9.0  1.700
  -117.930  35.7191   20.0   -9.0    9.0  1.690
  -117.957  35.7191   23.0   -9.0    9.0  1.700
  -117.984  35.7191   26.0   -9.0    9.0  1.710
  -118.011  35.7191   29.0   -9.0    9.0  1.710
  -118.038  35.7191   32.0   -9.0    9.0  1.710
  -118.065  35.7191   35.0   -9.0    9.0  1.700
  -118.092  35.7191   38.0   -9.0    9.0  1.700
  -118.119  35.7191   41.0   -9.0    9.0  1.680
  -118.146  35.7191   44.0   -9.0    9.0  1.680
  -118.173  35.7191   47.0   -9.0    9.0  1.710
  -118.200  35.7191   50.0   -9.0    9.0  1.720
  -118.227  35.7191   53.0   -9.0    9.0  1.730
  -118.254  35.7191   56.0   -9.0    9.0  1.730
  -118.281  35.7191   59.0   -9.0    9.0  1.730
  -118.308  35.7191   62.0   -9.0    9.0  1.720
  -118.335  35.7191   65.0   -9.0    9.0  1.710
  -118.362  35.7191   68.0   -9.0    9.0  1.720
  -118.388  35.7191   71.0   -9.0    9.0  1.730
  -117.201  35.7460  -61.0   -6.0    9.0  1.700
  -117.228  35.7460  -58.0   -6.0    9.0  1.700
  -117.255  35.7460  -55.0   -6.0    9.0  1.710
  -117.282  35.7460  -52.0   -6.0    9.0  1.720
  -117.309  35.7460  -49.0   -6.0    9.0  1.730
  -117.336  35.7460  -46.0   -6.0    9.0  1.730
  -117.363  35.7460  -43.0   -6.0    9.0  1.730
  -117.390  35.7460  -40.0   -6.0    9.0  1.730
  -117.417  35.7460  -37.0   -6.0    9.0  1.730
  -117.444  35.7460  -34.0   -6.0    9.0  1.740
  -117.471  35.7460  -31.0   -6.0    9.0  1.750
  -117.498  35.7460  -28.0   -6.0    9.0  1.790
  -117.525  35.7460  -25.0   -6.0    9.0  1.810
  -117.552  35.7460  -22.0   -6.0    9.0  1.790
  -117.579  35.7460  -19.0   -6.0    9.0  1.730
  -117.606  35.7460  -16.0   -6.0    9.0  1.600
  -117.633  35.7460  -13.0   -6.0    9.0  1.650
  -117.660  35.7460  -10.0   -6.0    9.0  1.680
  -117.687  35.7460   -7.0   -6.0    9.0  1.790
  -117.714  35.7460   -4.0   -6.0    9.0  1.740
  -117.741  35.7460   -1.0   -6.0    9.0  1.710
  -117.768  35.7460    2.0   -6.0    9.0  1.710
  -117.795  35.7460    5.0   -6.0    9.0  1.700
  -117.822  35.7460    8.0   -6.0    9.0  1.720
  -117.849  35.7460   11.0   -6.0    9.0  1.720
  -117.876  35.7460   14.0   -6.0    9.0  1.690
  -117.903  35.7460   17.0   -6.0    9.0  1.660
  -117.930  35.7460   20.0   -6.0    9.0  1.680
  -117.957  35.7460   23.0   -6.0    9.0  1.730
  -117.984  35.7460   26.0   -6.0    9.0  1.670
  -118.011  35.7460   29.0   -6.0    9.0  1.700
  -118.038  35.7460   32.0   -6.0    9.0  1.680
  -118.065  35.7460   35.0   -6.0    9.0  1.690
  -118.092  35.7460   38.0   -6.0    9.0  1.690
  -118.119  35.7460   41.0   -6.0    9.0  1.680
  -118.146  35.7460   44.0   -6.0    9.0  1.690
  -118.173  35.7460   47.0   -6.0    9.0  1.700
  -118.200  35.7460   50.0   -6.0    9.0  1.700
  -118.227  35.7460   53.0   -6.0    9.0  1.710
  -118.254  35.7460   56.0   -6.0    9.0  1.720
  -118.281  35.7460   59.0   -6.0    9.0  1.740
  -118.308  35.7460   62.0   -6.0    9.0  1.730
  -118.335  35.7460   65.0   -6.0    9.0  1.720
  -118.362  35.7460   68.0   -6.0    9.0  1.730
  -118.388  35.7460   71.0   -6.0    9.0  1.740
  -117.201  35.7730  -61.0   -3.0    9.0  1.700
  -117.228  35.7730  -58.0   -3.0    9.0  1.690
  -117.255  35.7730  -55.0   -3.0    9.0  1.700
  -117.282  35.7730  -52.0   -3.0    9.0  1.710
  -117.309  35.7730  -49.0   -3.0    9.0  1.720
  -117.336  35.7730  -46.0   -3.0    9.0  1.720
  -117.363  35.7730  -43.0   -3.0    9.0  1.720
  -117.390  35.7730  -40.0   -3.0    9.0  1.720
  -117.417  35.7730  -37.0   -3.0    9.0  1.720
  -117.444  35.7730  -34.0   -3.0    9.0  1.730
  -117.471  35.7730  -31.0   -3.0    9.0  1.750
  -117.498  35.7730  -28.0   -3.0    9.0  1.770
  -117.525  35.7730  -25.0   -3.0    9.0  1.760
  -117.552  35.7730  -22.0   -3.0    9.0  1.770
  -117.579  35.7730  -19.0   -3.0    9.0  1.770
  -117.606  35.7730  -16.0   -3.0    9.0  1.700
  -117.633  35.7730  -13.0   -3.0    9.0  1.770
  -117.660  35.7730  -10.0   -3.0    9.0  1.720
  -117.687  35.7730   -7.0   -3.0    9.0  1.710
  -117.714  35.7730   -4.0   -3.0    9.0  1.780
  -117.741  35.7730   -1.0   -3.0    9.0  1.730
  -117.768  35.7730    2.0   -3.0    9.0  1.700
  -117.795  35.7730    5.0   -3.0    9.0  1.680
  -117.822  35.7730    8.0   -3.0    9.0  1.690
  -117.849  35.7730   11.0   -3.0    9.0  1.700
  -117.876  35.7730   14.0   -3.0    9.0  1.630
  -117.903  35.7730   17.0   -3.0    9.0  1.620
  -117.930  35.7730   20.0   -3.0    9.0  1.660
  -117.957  35.7730   23.0   -3.0    9.0  1.680
  -117.984  35.7730   26.0   -3.0    9.0  1.720
  -118.011  35.7730   29.0   -3.0    9.0  1.720
  -118.038  35.7730   32.0   -3.0    9.0  1.710
  -118.065  35.7730   35.0   -3.0    9.0  1.730
  -118.092  35.7730   38.0   -3.0    9.0  1.720
  -118.119  35.7730   41.0   -3.0    9.0  1.720
  -118.146  35.7730   44.0   -3.0    9.0  1.730
  -118.173  35.7730   47.0   -3.0    9.0  1.720
  -118.200  35.7730   50.0   -3.0    9.0  1.720
  -118.227  35.7730   53.0   -3.0    9.0  1.730
  -118.254  35.7730   56.0   -3.0    9.0  1.730
  -118.281  35.7730   59.0   -3.0    9.0  1.730
  -118.308  35.7730   62.0   -3.0    9.0  1.730
  -118.335  35.7730   65.0   -3.0    9.0  1.720
  -118.362  35.7730   68.0   -3.0    9.0  1.730
  -118.388  35.7730   71.0   -3.0    9.0  1.750
  -117.201  35.8000  -61.0    0.0    9.0  1.690
  -117.228  35.8000  -58.0    0.0    9.0  1.690
  -117.255  35.8000  -55.0    0.0    9.0  1.680
  -117.282  35.8000  -52.0    0.0    9.0  1.690
  -117.309  35.8000  -49.0    0.0    9.0  1.710
  -117.336  35.8000  -46.0    0.0    9.0  1.710
  -117.363  35.8000  -43.0    0.0    9.0  1.700
  -117.390  35.8000  -40.0    0.0    9.0  1.710
  -117.417  35.8000  -37.0    0.0    9.0  1.720
  -117.444  35.8000  -34.0    0.0    9.0  1.730
  -117.471  35.8000  -31.0    0.0    9.0  1.740
  -117.498  35.8000  -28.0    0.0    9.0  1.710
  -117.525  35.8000  -25.0    0.0    9.0  1.730
  -117.552  35.8000  -22.0    0.0    9.0  1.740
  -117.579  35.8000  -19.0    0.0    9.0  1.810
  -117.606  35.8000  -16.0    0.0    9.0  1.790
  -117.633  35.8000  -13.0    0.0    9.0  1.780
  -117.660  35.8000  -10.0    0.0    9.0  1.760
  -117.687  35.8000   -7.0    0.0    9.0  1.760
  -117.714  35.8000   -4.0    0.0    9.0  1.720
  -117.741  35.8000   -1.0    0.0    9.0  1.780
  -117.768  35.8000    2.0    0.0    9.0  1.730
  -117.795  35.8000    5.0    0.0    9.0  1.680
  -117.822  35.8000    8.0    0.0    9.0  1.680
  -117.849  35.8000   11.0    0.0    9.0  1.680
  -117.876  35.8000   14.0    0.0    9.0  1.640
  -117.903  35.8000   17.0    0.0    9.0  1.640
  -117.930  35.8000   20.0    0.0    9.0  1.690
  -117.957  35.8000   23.0    0.0    9.0  1.670
  -117.984  35.8000   26.0    0.0    9.0  1.740
  -118.011  35.8000   29.0    0.0    9.0  1.750
  -118.038  35.8000   32.0    0.0    9.0  1.730
  -118.065  35.8000   35.0    0.0    9.0  1.730
  -118.092  35.8000   38.0    0.0    9.0  1.740
  -118.119  35.8000   41.0    0.0    9.0  1.750
  -118.146  35.8000   44.0    0.0    9.0  1.750
  -118.173  35.8000   47.0    0.0    9.0  1.750
  -118.200  35.8000   50.0    0.0    9.0  1.750
  -118.227  35.8000   53.0    0.0    9.0  1.740
  -118.254  35.8000   56.0    0.0    9.0  1.730
  -118.281  35.8000   59.0    0.0    9.0  1.720
  -118.308  35.8000   62.0    0.0    9.0  1.720
  -118.335  35.8000   65.0    0.0    9.0  1.720
  -118.362  35.8000   68.0    0.0    9.0  1.740
  -118.388  35.8000   71.0    0.0    9.0  1.750
  -117.201  35.8270  -61.0    3.0    9.0  1.690
  -117.228  35.8270  -58.0    3.0    9.0  1.690
  -117.255  35.8270  -55.0    3.0    9.0  1.680
  -117.282  35.8270  -52.0    3.0    9.0  1.690
  -117.309  35.8270  -49.0    3.0    9.0  1.700
  -117.336  35.8270  -46.0    3.0    9.0  1.690
  -117.363  35.8270  -43.0    3.0    9.0  1.690
  -117.390  35.8270  -40.0    3.0    9.0  1.700
  -117.417  35.8270  -37.0    3.0    9.0  1.730
  -117.444  35.8270  -34.0    3.0    9.0  1.730
  -117.471  35.8270  -31.0    3.0    9.0  1.730
  -117.498  35.8270  -28.0    3.0    9.0  1.750
  -117.525  35.8270  -25.0    3.0    9.0  1.780
  -117.552  35.8270  -22.0    3.0    9.0  1.760
  -117.579  35.8270  -19.0    3.0    9.0  1.730
  -117.606  35.8270  -16.0    3.0    9.0  1.780
  -117.633  35.8270  -13.0    3.0    9.0  1.740
  -117.660  35.8270  -10.0    3.0    9.0  1.660
  -117.687  35.8270   -7.0    3.0    9.0  1.720
  -117.714  35.8270   -4.0    3.0    9.0  1.700
  -117.741  35.8270   -1.0    3.0    9.0  1.740
  -117.768  35.8270    2.0    3.0    9.0  1.750
  -117.795  35.8270    5.0    3.0    9.0  1.710
  -117.822  35.8270    8.0    3.0    9.0  1.680
  -117.849  35.8270   11.0    3.0    9.0  1.680
  -117.876  35.8270   14.0    3.0    9.0  1.670
  -117.903  35.8270   17.0    3.0    9.0  1.670
  -117.930  35.8270   20.0    3.0    9.0  1.680
  -117.957  35.8270   23.0    3.0    9.0  1.710
  -117.984  35.8270   26.0    3.0    9.0  1.700
  -118.011  35.8270   29.0    3.0    9.0  1.720
  -118.038  35.8270   32.0    3.0    9.0  1.710
  -118.065  35.8270   35.0    3.0    9.0  1.710
  -118.092  35.8270   38.0    3.0    9.0  1.730
  -118.119  35.8270   41.0    3.0    9.0  1.740
  -118.146  35.8270   44.0    3.0    9.0  1.750
  -118.173  35.8270   47.0    3.0    9.0  1.750
  -118.200  35.8270   50.0    3.0    9.0  1.740
  -118.227  35.8270   53.0    3.0    9.0  1.730
  -118.254  35.8270   56.0    3.0    9.0  1.730
  -118.281  35.8270   59.0    3.0    9.0  1.730
  -118.308  35.8270   62.0    3.0    9.0  1.730
  -118.335  35.8270   65.0    3.0    9.0  1.740
  -118.362  35.8270   68.0    3.0    9.0  1.740
  -118.388  35.8270   71.0    3.0    9.0  1.740
  -117.201  35.8540  -61.0    6.0    9.0  1.690
  -117.228  35.8540  -58.0    6.0    9.0  1.690
  -117.255  35.8540  -55.0    6.0    9.0  1.680
  -117.282  35.8540  -52.0    6.0    9.0  1.680
  -117.309  35.8540  -49.0    6.0    9.0  1.680
  -117.336  35.8540  -46.0    6.0    9.0  1.680
  -117.363  35.8540  -43.0    6.0    9.0  1.680
  -117.390  35.8540  -40.0    6.0    9.0  1.690
  -117.417  35.8540  -37.0    6.0    9.0  1.720
  -117.444  35.8540  -34.0    6.0    9.0  1.740
  -117.471  35.8540  -31.0    6.0    9.0  1.730
  -117.498  35.8540  -28.0    6.0    9.0  1.760
  -117.525  35.8540  -25.0    6.0    9.0  1.780
  -117.552  35.8540  -22.0    6.0    9.0  1.740
  -117.579  35.8540  -19.0    6.0    9.0  1.680
  -117.606  35.8540  -16.0    6.0    9.0  1.720
  -117.633  35.8540  -13.0    6.0    9.0  1.740
  -117.660  35.8540  -10.0    6.0    9.0  1.690
  -117.687  35.8540   -7.0    6.0    9.0  1.660
  -117.714  35.8540   -4.0    6.0    9.0  1.750
  -117.741  35.8540   -1.0    6.0    9.0  1.660
  -117.768  35.8540    2.0    6.0    9.0  1.770
  -117.795  35.8540    5.0    6.0    9.0  1.700
  -117.822  35.8540    8.0    6.0    9.0  1.670
  -117.849  35.8540   11.0    6.0    9.0  1.690
  -117.876  35.8540   14.0    6.0    9.0  1.680
  -117.903  35.8540   17.0    6.0    9.0  1.680
  -117.930  35.8540   20.0    6.0    9.0  1.690
  -117.957  35.8540   23.0    6.0    9.0  1.690
  -117.984  35.8540   26.0    6.0    9.0  1.720
  -118.011  35.8540   29.0    6.0    9.0  1.700
  -118.038  35.8540   32.0    6.0    9.0  1.690
  -118.065  35.8540   35.0    6.0    9.0  1.700
  -118.092  35.8540   38.0    6.0    9.0  1.720
  -118.119  35.8540   41.0    6.0    9.0  1.750
  -118.146  35.8540   44.0    6.0    9.0  1.750
  -118.173  35.8540   47.0    6.0    9.0  1.740
  -118.200  35.8540   50.0    6.0    9.0  1.740
  -118.227  35.8540   53.0    6.0    9.0  1.720
  -118.254  35.8540   56.0    6.0    9.0  1.730
  -118.281  35.8540   59.0    6.0    9.0  1.750
  -118.308  35.8540   62.0    6.0    9.0  1.750
  -118.335  35.8540   65.0    6.0    9.0  1.750
  -118.362  35.8540   68.0    6.0    9.0  1.740
  -118.388  35.8540   71.0    6.0    9.0  1.740
  -117.201  35.8809  -61.0    9.0    9.0  1.700
  -117.228  35.8809  -58.0    9.0    9.0  1.700
  -117.255  35.8809  -55.0    9.0    9.0  1.690
  -117.282  35.8809  -52.0    9.0    9.0  1.690
  -117.309  35.8809  -49.0    9.0    9.0  1.690
  -117.336  35.8809  -46.0    9.0    9.0  1.690
  -117.363  35.8809  -43.0    9.0    9.0  1.680
  -117.390  35.8809  -40.0    9.0    9.0  1.700
  -117.417  35.8809  -37.0    9.0    9.0  1.740
  -117.444  35.8809  -34.0    9.0    9.0  1.730
  -117.471  35.8809  -31.0    9.0    9.0  1.730
  -117.498  35.8809  -28.0    9.0    9.0  1.740
  -117.525  35.8809  -25.0    9.0    9.0  1.750
  -117.552  35.8809  -22.0    9.0    9.0  1.700
  -117.579  35.8809  -19.0    9.0    9.0  1.710
  -117.606  35.8809  -16.0    9.0    9.0  1.750
  -117.633  35.8809  -13.0    9.0    9.0  1.760
  -117.660  35.8809  -10.0    9.0    9.0  1.720
  -117.687  35.8809   -7.0    9.0    9.0  1.680
  -117.714  35.8809   -4.0    9.0    9.0  1.680
  -117.741  35.8809   -1.0    9.0    9.0  1.640
  -117.768  35.8809    2.0    9.0    9.0  1.690
  -117.795  35.8809    5.0    9.0    9.0  1.650
  -117.822  35.8809    8.0    9.0    9.0  1.670
  -117.849  35.8809   11.0    9.0    9.0  1.690
  -117.876  35.8809   14.0    9.0    9.0  1.690
  -117.903  35.8809   17.0    9.0    9.0  1.670
  -117.930  35.8809   20.0    9.0    9.0  1.680
  -117.957  35.8809   23.0    9.0    9.0  1.680
  -117.984  35.8809   26.0    9.0    9.0  1.740
  -118.011  35.8809   29.0    9.0    9.0  1.710
  -118.038  35.8809   32.0    9.0    9.0  1.720
  -118.065  35.8809   35.0    9.0    9.0  1.730
  -118.092  35.8809   38.0    9.0    9.0  1.740
  -118.119  35.8809   41.0    9.0    9.0  1.730
  -118.146  35.8809   44.0    9.0    9.0  1.730
  -118.173  35.8809   47.0    9.0    9.0  1.730
  -118.200  35.8809   50.0    9.0    9.0  1.730
  -118.227  35.8809   53.0    9.0    9.0  1.720
  -118.254  35.8809   56.0    9.0    9.0  1.730
  -118.281  35.8809   59.0    9.0    9.0  1.750
  -118.308  35.8809   62.0    9.0    9.0  1.740
  -118.335  35.8809   65.0    9.0    9.0  1.720
  -118.362  35.8809   68.0    9.0    9.0  1.720
  -118.388  35.8809   71.0    9.0    9.0  1.710
  -117.201  35.9079  -61.0   12.0    9.0  1.710
  -117.228  35.9079  -58.0   12.0    9.0  1.700
  -117.255  35.9079  -55.0   12.0    9.0  1.700
  -117.282  35.9079  -52.0   12.0    9.0  1.690
  -117.309  35.9079  -49.0   12.0    9.0  1.690
  -117.336  35.9079  -46.0   12.0    9.0  1.690
  -117.363  35.9079  -43.0   12.0    9.0  1.690
  -117.390  35.9079  -40.0   12.0    9.0  1.710
  -117.417  35.9079  -37.0   12.0    9.0  1.750
  -117.444  35.9079  -34.0   12.0    9.0  1.760
  -117.471  35.9079  -31.0   12.0    9.0  1.760
  -117.498  35.9079  -28.0   12.0    9.0  1.770
  -117.525  35.9079  -25.0   12.0    9.0  1.780
  -117.552  35.9079  -22.0   12.0    9.0  1.740
  -117.579  35.9079  -19.0   12.0    9.0  1.730
  -117.606  35.9079  -16.0   12.0    9.0  1.720
  -117.633  35.9079  -13.0   12.0    9.0  1.700
  -117.660  35.9079  -10.0   12.0    9.0  1.700
  -117.687  35.9079   -7.0   12.0    9.0  1.660
  -117.714  35.9079   -4.0   12.0    9.0  1.650
  -117.741  35.9079   -1.0   12.0    9.0  1.630
  -117.768  35.9079    2.0   12.0    9.0  1.660
  -117.795  35.9079    5.0   12.0    9.0  1.630
  -117.822  35.9079    8.0   12.0    9.0  1.610
  -117.849  35.9079   11.0   12.0    9.0  1.660
  -117.876  35.9079   14.0   12.0    9.0  1.700
  -117.903  35.9079   17.0   12.0    9.0  1.690
  -117.930  35.9079   20.0   12.0    9.0  1.670
  -117.957  35.9079   23.0   12.0    9.0  1.700
  -117.984  35.9079   26.0   12.0    9.0  1.740
  -118.011  35.9079   29.0   12.0    9.0  1.730
  -118.038  35.9079   32.0   12.0    9.0  1.740
  -118.065  35.9079   35.0   12.0    9.0  1.750
  -118.092  35.9079   38.0   12.0    9.0  1.740
  -118.119  35.9079   41.0   12.0    9.0  1.720
  -118.146  35.9079   44.0   12.0    9.0  1.720
  -118.173  35.9079   47.0   12.0    9.0  1.720
  -118.200  35.9079   50.0   12.0    9.0  1.720
  -118.227  35.9079   53.0   12.0    9.0  1.720
  -118.254  35.9079   56.0   12.0    9.0  1.730
  -118.281  35.9079   59.0   12.0    9.0  1.740
  -118.308  35.9079   62.0   12.0    9.0  1.730
  -118.335  35.9079   65.0   12.0    9.0  1.700
  -118.362  35.9079   68.0   12.0    9.0  1.690
  -118.388  35.9079   71.0   12.0    9.0  1.690
  -117.201  35.9349  -61.0   15.0    9.0  1.710
  -117.228  35.9349  -58.0   15.0    9.0  1.710
  -117.255  35.9349  -55.0   15.0    9.0  1.700
  -117.282  35.9349  -52.0   15.0    9.0  1.700
  -117.309  35.9349  -49.0   15.0    9.0  1.690
  -117.336  35.9349  -46.0   15.0    9.0  1.700
  -117.363  35.9349  -43.0   15.0    9.0  1.710
  -117.390  35.9349  -40.0   15.0    9.0  1.720
  -117.417  35.9349  -37.0   15.0    9.0  1.740
  -117.444  35.9349  -34.0   15.0    9.0  1.730
  -117.471  35.9349  -31.0   15.0    9.0  1.700
  -117.498  35.9349  -28.0   15.0    9.0  1.710
  -117.525  35.9349  -25.0   15.0    9.0  1.710
  -117.552  35.9349  -22.0   15.0    9.0  1.720
  -117.579  35.9349  -19.0   15.0    9.0  1.720
  -117.606  35.9349  -16.0   15.0    9.0  1.680
  -117.633  35.9349  -13.0   15.0    9.0  1.680
  -117.660  35.9349  -10.0   15.0    9.0  1.710
  -117.687  35.9349   -7.0   15.0    9.0  1.670
  -117.714  35.9349   -4.0   15.0    9.0  1.620
  -117.741  35.9349   -1.0   15.0    9.0  1.640
  -117.768  35.9349    2.0   15.0    9.0  1.690
  -117.795  35.9349    5.0   15.0    9.0  1.660
  -117.822  35.9349    8.0   15.0    9.0  1.680
  -117.849  35.9349   11.0   15.0    9.0  1.660
  -117.876  35.9349   14.0   15.0    9.0  1.680
  -117.903  35.9349   17.0   15.0    9.0  1.700
  -117.930  35.9349   20.0   15.0    9.0  1.650
  -117.957  35.9349   23.0   15.0    9.0  1.700
  -117.984  35.9349   26.0   15.0    9.0  1.730
  -118.011  35.9349   29.0   15.0    9.0  1.710
  -118.038  35.9349   32.0   15.0    9.0  1.750
  -118.065  35.9349   35.0   15.0    9.0  1.770
  -118.092  35.9349   38.0   15.0    9.0  1.740
  -118.119  35.9349   41.0   15.0    9.0  1.730
  -118.146  35.9349   44.0   15.0    9.0  1.720
  -118.173  35.9349   47.0   15.0    9.0  1.710
  -118.200  35.9349   50.0   15.0    9.0  1.710
  -118.227  35.9349   53.0   15.0    9.0  1.710
  -118.254  35.9349   56.0   15.0    9.0  1.710
  -118.281  35.9349   59.0   15.0    9.0  1.720
  -118.308  35.9349   62.0   15.0    9.0  1.710
  -118.335  35.9349   65.0   15.0    9.0  1.710
  -118.362  35.9349   68.0   15.0    9.0  1.700
  -118.388  35.9349   71.0   15.0    9.0  1.700
  -117.201  35.9619  -61.0   18.0    9.0  1.710
  -117.228  35.9619  -58.0   18.0    9.0  1.710
  -117.255  35.9619  -55.0   18.0    9.0  1.710
  -117.282  35.9619  -52.0   18.0    9.0  1.700
  -117.309  35.9619  -49.0   18.0    9.0  1.690
  -117.336  35.9619  -46.0   18.0    9.0  1.710
  -117.363  35.9619  -43.0   18.0    9.0  1.730
  -117.390  35.9619  -40.0   18.0    9.0  1.730
  -117.417  35.9619  -37.0   18.0    9.0  1.730
  -117.444  35.9619  -34.0   18.0    9.0  1.730
  -117.471  35.9619  -31.0   18.0    9.0  1.690
  -117.498  35.9619  -28.0   18.0    9.0  1.680
  -117.525  35.9619  -25.0   18.0    9.0  1.690
  -117.552  35.9619  -22.0   18.0    9.0  1.680
  -117.579  35.9619  -19.0   18.0    9.0  1.660
  -117.606  35.9619  -16.0   18.0    9.0  1.670
  -117.633  35.9619  -13.0   18.0    9.0  1.670
  -117.660  35.9619  -10.0   18.0    9.0  1.700
  -117.687  35.9619   -7.0   18.0    9.0  1.700
  -117.714  35.9619   -4.0   18.0    9.0  1.680
  -117.741  35.9619   -1.0   18.0    9.0  1.630
  -117.768  35.9619    2.0   18.0    9.0  1.680
  -117.795  35.9619    5.0   18.0    9.0  1.630
  -117.822  35.9619    8.0   18.0    9.0  1.660
  -117.849  35.9619   11.0   18.0    9.0  1.620
  -117.876  35.9619   14.0   18.0    9.0  1.650
  -117.903  35.9619   17.0   18.0    9.0  1.740
  -117.930  35.9619   20.0   18.0    9.0  1.690
  -117.957  35.9619   23.0   18.0    9.0  1.670
  -117.984  35.9619   26.0   18.0    9.0  1.690
  -118.011  35.9619   29.0   18.0    9.0  1.700
  -118.038  35.9619   32.0   18.0    9.0  1.760
  -118.065  35.9619   35.0   18.0    9.0  1.760
  -118.092  35.9619   38.0   18.0    9.0  1.760
  -118.119  35.9619   41.0   18.0    9.0  1.740
  -118.146  35.9619   44.0   18.0    9.0  1.720
  -118.173  35.9619   47.0   18.0    9.0  1.710
  -118.200  35.9619   50.0   18.0    9.0  1.700
  -118.227  35.9619   53.0   18.0    9.0  1.690
  -118.254  35.9619   56.0   18.0    9.0  1.690
  -118.281  35.9619   59.0   18.0    9.0  1.690
  -118.308  35.9619   62.0   18.0    9.0  1.700
  -118.335  35.9619   65.0   18.0    9.0  1.710
  -118.362  35.9619   68.0   18.0    9.0  1.710
  -118.388  35.9619   71.0   18.0    9.0  1.710
  -117.201  35.9889  -61.0   21.0    9.0  1.720
  -117.228  35.9889  -58.0   21.0    9.0  1.710
  -117.255  35.9889  -55.0   21.0    9.0  1.700
  -117.282  35.9889  -52.0   21.0    9.0  1.690
  -117.309  35.9889  -49.0   21.0    9.0  1.690
  -117.336  35.9889  -46.0   21.0    9.0  1.700
  -117.363  35.9889  -43.0   21.0    9.0  1.710
  -117.390  35.9889  -40.0   21.0    9.0  1.710
  -117.417  35.9889  -37.0   21.0    9.0  1.700
  -117.444  35.9889  -34.0   21.0    9.0  1.690
  -117.471  35.9889  -31.0   21.0    9.0  1.690
  -117.498  35.9889  -28.0   21.0    9.0  1.690
  -117.525  35.9889  -25.0   21.0    9.0  1.710
  -117.552  35.9889  -22.0   21.0    9.0  1.720
  -117.579  35.9889  -19.0   21.0    9.0  1.710
  -117.606  35.9889  -16.0   21.0    9.0  1.700
  -117.633  35.9889  -13.0   21.0    9.0  1.700
  -117.660  35.9889  -10.0   21.0    9.0  1.720
  -117.687  35.9889   -7.0   21.0    9.0  1.720
  -117.714  35.9889   -4.0   21.0    9.0  1.710
  -117.741  35.9889   -1.0   21.0    9.0  1.680
  -117.768  35.9889    2.0   21.0    9.0  1.690
  -117.795  35.9889    5.0   21.0    9.0  1.670
  -117.822  35.9889    8.0   21.0    9.0  1.640
  -117.849  35.9889   11.0   21.0    9.0  1.670
  -117.876  35.9889   14.0   21.0    9.0  1.690
  -117.903  35.9889   17.0   21.0    9.0  1.700
  -117.930  35.9889   20.0   21.0    9.0  1.700
  -117.957  35.9889   23.0   21.0    9.0  1.680
  -117.984  35.9889   26.0   21.0    9.0  1.660
  -118.011  35.9889   29.0   21.0    9.0  1.680
  -118.038  35.9889   32.0   21.0    9.0  1.720
  -118.065  35.9889   35.0   21.0    9.0  1.740
  -118.092  35.9889   38.0   21.0    9.0  1.740
  -118.119  35.9889   41.0   21.0    9.0  1.730
  -118.146  35.9889   44.0   21.0    9.0  1.720
  -118.173  35.9889   47.0   21.0    9.0  1.710
  -118.200  35.9889   50.0   21.0    9.0  1.710
  -118.227  35.9889   53.0   21.0    9.0  1.700
  -118.254  35.9889   56.0   21.0    9.0  1.710
  -118.281  35.9889   59.0   21.0    9.0  1.710
  -118.308  35.9889   62.0   21.0    9.0  1.710
  -118.335  35.9889   65.0   21.0    9.0  1.720
  -118.362  35.9889   68.0   21.0    9.0  1.720
  -118.388  35.9889   71.0   21.0    9.0  1.720
  -117.201  36.0158  -61.0   24.0    9.0  1.720
  -117.228  36.0158  -58.0   24.0    9.0  1.710
  -117.255  36.0158  -55.0   24.0    9.0  1.690
  -117.282  36.0158  -52.0   24.0    9.0  1.680
  -117.309  36.0158  -49.0   24.0    9.0  1.680
  -117.336  36.0158  -46.0   24.0    9.0  1.690
  -117.363  36.0158  -43.0   24.0    9.0  1.700
  -117.390  36.0158  -40.0   24.0    9.0  1.690
  -117.417  36.0158  -37.0   24.0    9.0  1.680
  -117.444  36.0158  -34.0   24.0    9.0  1.680
  -117.471  36.0158  -31.0   24.0    9.0  1.670
  -117.498  36.0158  -28.0   24.0    9.0  1.690
  -117.525  36.0158  -25.0   24.0    9.0  1.710
  -117.552  36.0158  -22.0   24.0    9.0  1.720
  -117.579  36.0158  -19.0   24.0    9.0  1.730
  -117.606  36.0158  -16.0   24.0    9.0  1.730
  -117.633  36.0158  -13.0   24.0    9.0  1.730
  -117.660  36.0158  -10.0   24.0    9.0  1.730
  -117.687  36.0158   -7.0   24.0    9.0  1.730
  -117.714  36.0158   -4.0   24.0    9.0  1.730
  -117.741  36.0158   -1.0   24.0    9.0  1.720
  -117.768  36.0158    2.0   24.0    9.0  1.730
  -117.795  36.0158    5.0   24.0    9.0  1.680
  -117.822  36.0158    8.0   24.0    9.0  1.640
  -117.849  36.0158   11.0   24.0    9.0  1.630
  -117.876  36.0158   14.0   24.0    9.0  1.630
  -117.903  36.0158   17.0   24.0    9.0  1.640
  -117.930  36.0158   20.0   24.0    9.0  1.650
  -117.957  36.0158   23.0   24.0    9.0  1.670
  -117.984  36.0158   26.0   24.0    9.0  1.630
  -118.011  36.0158   29.0   24.0    9.0  1.620
  -118.038  36.0158   32.0   24.0    9.0  1.670
  -118.065  36.0158   35.0   24.0    9.0  1.730
  -118.092  36.0158   38.0   24.0    9.0  1.730
  -118.119  36.0158   41.0   24.0    9.0  1.720
  -118.146  36.0158   44.0   24.0    9.0  1.710
  -118.173  36.0158   47.0   24.0    9.0  1.710
  -118.200  36.0158   50.0   24.0    9.0  1.710
  -118.227  36.0158   53.0   24.0    9.0  1.720
  -118.254  36.0158   56.0   24.0    9.0  1.730
  -118.281  36.0158   59.0   24.0    9.0  1.730
  -118.308  36.0158   62.0   24.0    9.0  1.730
  -118.335  36.0158   65.0   24.0    9.0  1.730
  -118.362  36.0158   68.0   24.0    9.0  1.730
  -118.388  36.0158   71.0   24.0    9.0  1.730
  -117.201  36.0428  -61.0   27.0    9.0  1.720
  -117.228  36.0428  -58.0   27.0    9.0  1.700
  -117.255  36.0428  -55.0   27.0    9.0  1.690
  -117.282  36.0428  -52.0   27.0    9.0  1.680
  -117.309  36.0428  -49.0   27.0    9.0  1.680
  -117.336  36.0428  -46.0   27.0    9.0  1.680
  -117.363  36.0428  -43.0   27.0    9.0  1.690
  -117.390  36.0428  -40.0   27.0    9.0  1.690
  -117.417  36.0428  -37.0   27.0    9.0  1.690
  -117.444  36.0428  -34.0   27.0    9.0  1.690
  -117.471  36.0428  -31.0   27.0    9.0  1.700
  -117.498  36.0428  -28.0   27.0    9.0  1.700
  -117.525  36.0428  -25.0   27.0    9.0  1.710
  -117.552  36.0428  -22.0   27.0    9.0  1.710
  -117.579  36.0428  -19.0   27.0    9.0  1.720
  -117.606  36.0428  -16.0   27.0    9.0  1.730
  -117.633  36.0428  -13.0   27.0    9.0  1.730
  -117.660  36.0428  -10.0   27.0    9.0  1.730
  -117.687  36.0428   -7.0   27.0    9.0  1.720
  -117.714  36.0428   -4.0   27.0    9.0  1.710
  -117.741  36.0428   -1.0   27.0    9.0  1.700
  -117.768  36.0428    2.0   27.0    9.0  1.730
  -117.795  36.0428    5.0   27.0    9.0  1.730
  -117.822  36.0428    8.0   27.0    9.0  1.670
  -117.849  36.0428   11.0   27.0    9.0  1.640
  -117.876  36.0428   14.0   27.0    9.0  1.670
  -117.903  36.0428   17.0   27.0    9.0  1.680
  -117.930  36.0428   20.0   27.0    9.0  1.690
  -117.957  36.0428   23.0   27.0    9.0  1.670
  -117.984  36.0428   26.0   27.0    9.0  1.690
  -118.011  36.0428   29.0   27.0    9.0  1.690
  -118.038  36.0428   32.0   27.0    9.0  1.680
  -118.065  36.0428   35.0   27.0    9.0  1.710
  -118.092  36.0428   38.0   27.0    9.0  1.720
  -118.119  36.0428   41.0   27.0    9.0  1.730
  -118.146  36.0428   44.0   27.0    9.0  1.720
  -118.173  36.0428   47.0   27.0    9.0  1.710
  -118.200  36.0428   50.0   27.0    9.0  1.720
  -118.227  36.0428   53.0   27.0    9.0  1.720
  -118.254  36.0428   56.0   27.0    9.0  1.730
  -118.281  36.0428   59.0   27.0    9.0  1.730
  -118.308  36.0428   62.0   27.0    9.0  1.730
  -118.335  36.0428   65.0   27.0    9.0  1.730
  -118.362  36.0428   68.0   27.0    9.0  1.730
  -118.388  36.0428   71.0   27.0    9.0  1.730
  -117.201  36.0698  -61.0   30.0    9.0  1.720
  -117.228  36.0698  -58.0   30.0    9.0  1.700
  -117.255  36.0698  -55.0   30.0    9.0  1.680
  -117.282  36.0698  -52.0   30.0    9.0  1.670
  -117.309  36.0698  -49.0   30.0    9.0  1.670
  -117.336  36.0698  -46.0   30.0    9.0  1.680
  -117.363  36.0698  -43.0   30.0    9.0  1.680
  -117.390  36.0698  -40.0   30.0    9.0  1.690
  -117.417  36.0698  -37.0   30.0    9.0  1.690
  -117.444  36.0698  -34.0   30.0    9.0  1.700
  -117.471  36.0698  -31.0   30.0    9.0  1.710
  -117.498  36.0698  -28.0   30.0    9.0  1.710
  -117.525  36.0698  -25.0   30.0    9.0  1.700
  -117.552  36.0698  -22.0   30.0    9.0  1.710
  -117.579  36.0698  -19.0   30.0    9.0  1.710
  -117.606  36.0698  -16.0   30.0    9.0  1.720
  -117.633  36.0698  -13.0   30.0    9.0  1.720
  -117.660  36.0698  -10.0   30.0    9.0  1.710
  -117.687  36.0698   -7.0   30.0    9.0  1.710
  -117.714  36.0698   -4.0   30.0    9.0  1.710
  -117.741  36.0698   -1.0   30.0    9.0  1.680
  -117.768  36.0698    2.0   30.0    9.0  1.690
  -117.795  36.0698    5.0   30.0    9.0  1.730
  -117.822  36.0698    8.0   30.0    9.0  1.730
  -117.849  36.0698   11.0   30.0    9.0  1.690
  -117.876  36.0698   14.0   30.0    9.0  1.720
  -117.903  36.0698   17.0   30.0    9.0  1.700
  -117.930  36.0698   20.0   30.0    9.0  1.730
  -117.957  36.0698   23.0   30.0    9.0  1.710
  -117.984  36.0698   26.0   30.0    9.0  1.700
  -118.011  36.0698   29.0   30.0    9.0  1.710
  -118.038  36.0698   32.0   30.0    9.0  1.700
  -118.065  36.0698   35.0   30.0    9.0  1.700
  -118.092  36.0698   38.0   30.0    9.0  1.710
  -118.119  36.0698   41.0   30.0    9.0  1.740
  -118.146  36.0698   44.0   30.0    9.0  1.730
  -118.173  36.0698   47.0   30.0    9.0  1.720
  -118.200  36.0698   50.0   30.0    9.0  1.720
  -118.227  36.0698   53.0   30.0    9.0  1.730
  -118.254  36.0698   56.0   30.0    9.0  1.730
  -118.281  36.0698   59.0   30.0    9.0  1.720
  -118.308  36.0698   62.0   30.0    9.0  1.720
  -118.335  36.0698   65.0   30.0    9.0  1.720
  -118.362  36.0698   68.0   30.0    9.0  1.730
  -118.388  36.0698   71.0   30.0    9.0  1.730
  -117.201  36.0968  -61.0   33.0    9.0  1.720
  -117.228  36.0968  -58.0   33.0    9.0  1.710
  -117.255  36.0968  -55.0   33.0    9.0  1.690
  -117.282  36.0968  -52.0   33.0    9.0  1.690
  -117.309  36.0968  -49.0   33.0    9.0  1.690
  -117.336  36.0968  -46.0   33.0    9.0  1.700
  -117.363  36.0968  -43.0   33.0    9.0  1.700
  -117.390  36.0968  -40.0   33.0    9.0  1.710
  -117.417  36.0968  -37.0   33.0    9.0  1.720
  -117.444  36.0968  -34.0   33.0    9.0  1.720
  -117.471  36.0968  -31.0   33.0    9.0  1.720
  -117.498  36.0968  -28.0   33.0    9.0  1.720
  -117.525  36.0968  -25.0   33.0    9.0  1.710
  -117.552  36.0968  -22.0   33.0    9.0  1.710
  -117.579  36.0968  -19.0   33.0    9.0  1.710
  -117.606  36.0968  -16.0   33.0    9.0  1.720
  -117.633  36.0968  -13.0   33.0    9.0  1.710
  -117.660  36.0968  -10.0   33.0    9.0  1.720
  -117.687  36.0968   -7.0   33.0    9.0  1.720
  -117.714  36.0968   -4.0   33.0    9.0  1.710
  -117.741  36.0968   -1.0   33.0    9.0  1.710
  -117.768  36.0968    2.0   33.0    9.0  1.710
  -117.795  36.0968    5.0   33.0    9.0  1.690
  -117.822  36.0968    8.0   33.0    9.0  1.660
  -117.849  36.0968   11.0   33.0    9.0  1.700
  -117.876  36.0968   14.0   33.0    9.0  1.710
  -117.903  36.0968   17.0   33.0    9.0  1.670
  -117.930  36.0968   20.0   33.0    9.0  1.690
  -117.957  36.0968   23.0   33.0    9.0  1.700
  -117.984  36.0968   26.0   33.0    9.0  1.700
  -118.011  36.0968   29.0   33.0    9.0  1.690
  -118.038  36.0968   32.0   33.0    9.0  1.690
  -118.065  36.0968   35.0   33.0    9.0  1.690
  -118.092  36.0968   38.0   33.0    9.0  1.710
  -118.119  36.0968   41.0   33.0    9.0  1.740
  -118.146  36.0968   44.0   33.0    9.0  1.740
  -118.173  36.0968   47.0   33.0    9.0  1.720
  -118.200  36.0968   50.0   33.0    9.0  1.710
  -118.227  36.0968   53.0   33.0    9.0  1.720
  -118.254  36.0968   56.0   33.0    9.0  1.720
  -118.281  36.0968   59.0   33.0    9.0  1.720
  -118.308  36.0968   62.0   33.0    9.0  1.720
  -118.335  36.0968   65.0   33.0    9.0  1.720
  -118.362  36.0968   68.0   33.0    9.0  1.720
  -118.388  36.0968   71.0   33.0    9.0  1.720
  -117.201  36.1238  -61.0   36.0    9.0  1.720
  -117.228  36.1238  -58.0   36.0    9.0  1.710
  -117.255  36.1238  -55.0   36.0    9.0  1.700
  -117.282  36.1238  -52.0   36.0    9.0  1.710
  -117.309  36.1238  -49.0   36.0    9.0  1.710
  -117.336  36.1238  -46.0   36.0    9.0  1.720
  -117.363  36.1238  -43.0   36.0    9.0  1.730
  -117.390  36.1238  -40.0   36.0    9.0  1.730
  -117.417  36.1238  -37.0   36.0    9.0  1.740
  -117.444  36.1238  -34.0   36.0    9.0  1.740
  -117.471  36.1238  -31.0   36.0    9.0  1.730
  -117.498  36.1238  -28.0   36.0    9.0  1.730
  -117.525  36.1238  -25.0   36.0    9.0  1.720
  -117.552  36.1238  -22.0   36.0    9.0  1.720
  -117.579  36.1238  -19.0   36.0    9.0  1.710
  -117.606  36.1238  -16.0   36.0    9.0  1.710
  -117.633  36.1238  -13.0   36.0    9.0  1.720
  -117.660  36.1238  -10.0   36.0    9.0  1.720
  -117.687  36.1238   -7.0   36.0    9.0  1.720
  -117.714  36.1238   -4.0   36.0    9.0  1.710
  -117.741  36.1238   -1.0   36.0    9.0  1.700
  -117.768  36.1238    2.0   36.0    9.0  1.710
  -117.795  36.1238    5.0   36.0    9.0  1.680
  -117.822  36.1238    8.0   36.0    9.0  1.660
  -117.849  36.1238   11.0   36.0    9.0  1.720
  -117.876  36.1238   14.0   36.0    9.0  1.690
  -117.903  36.1238   17.0   36.0    9.0  1.630
  -117.930  36.1238   20.0   36.0    9.0  1.660
  -117.957  36.1238   23.0   36.0    9.0  1.680
  -117.984  36.1238   26.0   36.0    9.0  1.690
  -118.011  36.1238   29.0   36.0    9.0  1.670
  -118.038  36.1238   32.0   36.0    9.0  1.680
  -118.065  36.1238   35.0   36.0    9.0  1.690
  -118.092  36.1238   38.0   36.0    9.0  1.710
  -118.119  36.1238   41.0   36.0    9.0  1.740
  -118.146  36.1238   44.0   36.0    9.0  1.740
  -118.173  36.1238   47.0   36.0    9.0  1.720
  -118.200  36.1238   50.0   36.0    9.0  1.710
  -118.227  36.1238   53.0   36.0    9.0  1.720
  -118.254  36.1238   56.0   36.0    9.0  1.720
  -118.281  36.1238   59.0   36.0    9.0  1.710
  -118.308  36.1238   62.0   36.0    9.0  1.710
  -118.335  36.1238   65.0   36.0    9.0  1.710
  -118.362  36.1238   68.0   36.0    9.0  1.710
  -118.388  36.1238   71.0   36.0    9.0  1.710
  -117.201  36.1507  -61.0   39.0    9.0  1.730
  -117.228  36.1507  -58.0   39.0    9.0  1.730
  -117.255  36.1507  -55.0   39.0    9.0  1.720
  -117.282  36.1507  -52.0   39.0    9.0  1.720
  -117.309  36.1507  -49.0   39.0    9.0  1.720
  -117.336  36.1507  -46.0   39.0    9.0  1.720
  -117.363  36.1507  -43.0   39.0    9.0  1.720
  -117.390  36.1507  -40.0   39.0    9.0  1.720
  -117.417  36.1507  -37.0   39.0    9.0  1.730
  -117.444  36.1507  -34.0   39.0    9.0  1.730
  -117.471  36.1507  -31.0   39.0    9.0  1.720
  -117.498  36.1507  -28.0   39.0    9.0  1.720
  -117.525  36.1507  -25.0   39.0    9.0  1.710
  -117.552  36.1507  -22.0   39.0    9.0  1.710
  -117.579  36.1507  -19.0   39.0    9.0  1.710
  -117.606  36.1507  -16.0   39.0    9.0  1.710
  -117.633  36.1507  -13.0   39.0    9.0  1.710
  -117.660  36.1507  -10.0   39.0    9.0  1.710
  -117.687  36.1507   -7.0   39.0    9.0  1.720
  -117.714  36.1507   -4.0   39.0    9.0  1.710
  -117.741  36.1507   -1.0   39.0    9.0  1.700
  -117.768  36.1507    2.0   39.0    9.0  1.700
  -117.795  36.1507    5.0   39.0    9.0  1.700
  -117.822  36.1507    8.0   39.0    9.0  1.730
  -117.849  36.1507   11.0   39.0    9.0  1.740
  -117.876  36.1507   14.0   39.0    9.0  1.710
  -117.903  36.1507   17.0   39.0    9.0  1.660
  -117.930  36.1507   20.0   39.0    9.0  1.670
  -117.957  36.1507   23.0   39.0    9.0  1.680
  -117.984  36.1507   26.0   39.0    9.0  1.690
  -118.011  36.1507   29.0   39.0    9.0  1.690
  -118.038  36.1507   32.0   39.0    9.0  1.680
  -118.065  36.1507   35.0   39.0    9.0  1.670
  -118.092  36.1507   38.0   39.0    9.0  1.690
  -118.119  36.1507   41.0   39.0    9.0  1.720
  -118.146  36.1507   44.0   39.0    9.0  1.720
  -118.173  36.1507   47.0   39.0    9.0  1.710
  -118.200  36.1507   50.0   39.0    9.0  1.710
  -118.227  36.1507   53.0   39.0    9.0  1.710
  -118.254  36.1507   56.0   39.0    9.0  1.710
  -118.281  36.1507   59.0   39.0    9.0  1.700
  -118.308  36.1507   62.0   39.0    9.0  1.700
  -118.335  36.1507   65.0   39.0    9.0  1.710
  -118.362  36.1507   68.0   39.0    9.0  1.710
  -118.388  36.1507   71.0   39.0    9.0  1.720
  -117.201  36.1777  -61.0   42.0    9.0  1.740
  -117.228  36.1777  -58.0   42.0    9.0  1.740
  -117.255  36.1777  -55.0   42.0    9.0  1.740
  -117.282  36.1777  -52.0   42.0    9.0  1.730
  -117.309  36.1777  -49.0   42.0    9.0  1.730
  -117.336  36.1777  -46.0   42.0    9.0  1.720
  -117.363  36.1777  -43.0   42.0    9.0  1.710
  -117.390  36.1777  -40.0   42.0    9.0  1.710
  -117.417  36.1777  -37.0   42.0    9.0  1.720
  -117.444  36.1777  -34.0   42.0    9.0  1.720
  -117.471  36.1777  -31.0   42.0    9.0  1.720
  -117.498  36.1777  -28.0   42.0    9.0  1.710
  -117.525  36.1777  -25.0   42.0    9.0  1.710
  -117.552  36.1777  -22.0   42.0    9.0  1.710
  -117.579  36.1777  -19.0   42.0    9.0  1.710
  -117.606  36.1777  -16.0   42.0    9.0  1.710
  -117.633  36.1777  -13.0   42.0    9.0  1.700
  -117.660  36.1777  -10.0   42.0    9.0  1.700
  -117.687  36.1777   -7.0   42.0    9.0  1.710
  -117.714  36.1777   -4.0   42.0    9.0  1.710
  -117.741  36.1777   -1.0   42.0    9.0  1.700
  -117.768  36.1777    2.0   42.0    9.0  1.710
  -117.795  36.1777    5.0   42.0    9.0  1.730
  -117.822  36.1777    8.0   42.0    9.0  1.730
  -117.849  36.1777   11.0   42.0    9.0  1.770
  -117.876  36.1777   14.0   42.0    9.0  1.720
  -117.903  36.1777   17.0   42.0    9.0  1.670
  -117.930  36.1777   20.0   42.0    9.0  1.680
  -117.957  36.1777   23.0   42.0    9.0  1.680
  -117.984  36.1777   26.0   42.0    9.0  1.690
  -118.011  36.1777   29.0   42.0    9.0  1.700
  -118.038  36.1777   32.0   42.0    9.0  1.680
  -118.065  36.1777   35.0   42.0    9.0  1.650
  -118.092  36.1777   38.0   42.0    9.0  1.660
  -118.119  36.1777   41.0   42.0    9.0  1.700
  -118.146  36.1777   44.0   42.0    9.0  1.700
  -118.173  36.1777   47.0   42.0    9.0  1.700
  -118.200  36.1777   50.0   42.0    9.0  1.700
  -118.227  36.1777   53.0   42.0    9.0  1.710
  -118.254  36.1777   56.0   42.0    9.0  1.700
  -118.281  36.1777   59.0   42.0    9.0  1.690
  -118.308  36.1777   62.0   42.0    9.0  1.700
  -118.335  36.1777   65.0   42.0    9.0  1.710
  -118.362  36.1777   68.0   42.0    9.0  1.720
  -118.388  36.1777   71.0   42.0    9.0  1.730
  -117.201  36.2047  -61.0   45.0    9.0  1.750
  -117.228  36.2047  -58.0   45.0    9.0  1.750
  -117.255  36.2047  -55.0   45.0    9.0  1.730
  -117.282  36.2047  -52.0   45.0    9.0  1.720
  -117.309  36.2047  -49.0   45.0    9.0  1.710
  -117.336  36.2047  -46.0   45.0    9.0  1.710
  -117.363  36.2047  -43.0   45.0    9.0  1.710
  -117.390  36.2047  -40.0   45.0    9.0  1.710
  -117.417  36.2047  -37.0   45.0    9.0  1.710
  -117.444  36.2047  -34.0   45.0    9.0  1.710
  -117.471  36.2047  -31.0   45.0    9.0  1.710
  -117.498  36.2047  -28.0   45.0    9.0  1.710
  -117.525  36.2047  -25.0   45.0    9.0  1.710
  -117.552  36.2047  -22.0   45.0    9.0  1.720
  -117.579  36.2047  -19.0   45.0    9.0  1.720
  -117.606  36.2047  -16.0   45.0    9.0  1.710
  -117.633  36.2047  -13.0   45.0    9.0  1.690
  -117.660  36.2047  -10.0   45.0    9.0  1.690
  -117.687  36.2047   -7.0   45.0    9.0  1.700
  -117.714  36.2047   -4.0   45.0    9.0  1.710
  -117.741  36.2047   -1.0   45.0    9.0  1.710
  -117.768  36.2047    2.0   45.0    9.0  1.720
  -117.795  36.2047    5.0   45.0    9.0  1.730
  -117.822  36.2047    8.0   45.0    9.0  1.730
  -117.849  36.2047   11.0   45.0    9.0  1.750
  -117.876  36.2047   14.0   45.0    9.0  1.730
  -117.903  36.2047   17.0   45.0    9.0  1.700
  -117.930  36.2047   20.0   45.0    9.0  1.680
  -117.957  36.2047   23.0   45.0    9.0  1.690
  -117.984  36.2047   26.0   45.0    9.0  1.700
  -118.011  36.2047   29.0   45.0    9.0  1.700
  -118.038  36.2047   32.0   45.0    9.0  1.690
  -118.065  36.2047   35.0   45.0    9.0  1.670
  -118.092  36.2047   38.0   45.0    9.0  1.680
  -118.119  36.2047   41.0   45.0    9.0  1.710
  -118.146  36.2047   44.0   45.0    9.0  1.710
  -118.173  36.2047   47.0   45.0    9.0  1.710
  -118.200  36.2047   50.0   45.0    9.0  1.710
  -118.227  36.2047   53.0   45.0    9.0  1.710
  -118.254  36.2047   56.0   45.0    9.0  1.710
  -118.281  36.2047   59.0   45.0    9.0  1.690
  -118.308  36.2047   62.0   45.0    9.0  1.690
  -118.335  36.2047   65.0   45.0    9.0  1.700
  -118.362  36.2047   68.0   45.0    9.0  1.710
  -118.388  36.2047   71.0   45.0    9.0  1.720
  -117.201  36.2317  -61.0   48.0    9.0  1.760
  -117.228  36.2317  -58.0   48.0    9.0  1.750
  -117.255  36.2317  -55.0   48.0    9.0  1.730
  -117.282  36.2317  -52.0   48.0    9.0  1.710
  -117.309  36.2317  -49.0   48.0    9.0  1.700
  -117.336  36.2317  -46.0   48.0    9.0  1.690
  -117.363  36.2317  -43.0   48.0    9.0  1.700
  -117.390  36.2317  -40.0   48.0    9.0  1.710
  -117.417  36.2317  -37.0   48.0    9.0  1.710
  -117.444  36.2317  -34.0   48.0    9.0  1.710
  -117.471  36.2317  -31.0   48.0    9.0  1.710
  -117.498  36.2317  -28.0   48.0    9.0  1.710
  -117.525  36.2317  -25.0   48.0    9.0  1.720
  -117.552  36.2317  -22.0   48.0    9.0  1.720
  -117.579  36.2317  -19.0   48.0    9.0  1.730
  -117.606  36.2317  -16.0   48.0    9.0  1.710
  -117.633  36.2317  -13.0   48.0    9.0  1.670
  -117.660  36.2317  -10.0   48.0    9.0  1.670
  -117.687  36.2317   -7.0   48.0    9.0  1.690
  -117.714  36.2317   -4.0   48.0    9.0  1.710
  -117.741  36.2317   -1.0   48.0    9.0  1.730
  -117.768  36.2317    2.0   48.0    9.0  1.730
  -117.795  36.2317    5.0   48.0    9.0  1.730
  -117.822  36.2317    8.0   48.0    9.0  1.720
  -117.849  36.2317   11.0   48.0    9.0  1.730
  -117.876  36.2317   14.0   48.0    9.0  1.710
  -117.903  36.2317   17.0   48.0    9.0  1.720
  -117.930  36.2317   20.0   48.0    9.0  1.700
  -117.957  36.2317   23.0   48.0    9.0  1.700
  -117.984  36.2317   26.0   48.0    9.0  1.700
  -118.011  36.2317   29.0   48.0    9.0  1.710
  -118.038  36.2317   32.0   48.0    9.0  1.700
  -118.065  36.2317   35.0   48.0    9.0  1.700
  -118.092  36.2317   38.0   48.0    9.0  1.710
  -118.119  36.2317   41.0   48.0    9.0  1.720
  -118.146  36.2317   44.0   48.0    9.0  1.720
  -118.173  36.2317   47.0   48.0    9.0  1.720
  -118.200  36.2317   50.0   48.0    9.0  1.720
  -118.227  36.2317   53.0   48.0    9.0  1.720
  -118.254  36.2317   56.0   48.0    9.0  1.710
  -118.281  36.2317   59.0   48.0    9.0  1.700
  -118.308  36.2317   62.0   48.0    9.0  1.690
  -118.335  36.2317   65.0   48.0    9.0  1.690
  -118.362  36.2317   68.0   48.0    9.0  1.700
  -118.388  36.2317   71.0   48.0    9.0  1.720
  -117.201  36.2587  -61.0   51.0    9.0  1.750
  -117.228  36.2587  -58.0   51.0    9.0  1.730
  -117.255  36.2587  -55.0   51.0    9.0  1.720
  -117.282  36.2587  -52.0   51.0    9.0  1.710
  -117.309  36.2587  -49.0   51.0    9.0  1.700
  -117.336  36.2587  -46.0   51.0    9.0  1.710
  -117.363  36.2587  -43.0   51.0    9.0  1.710
  -117.390  36.2587  -40.0   51.0    9.0  1.710
  -117.417  36.2587  -37.0   51.0    9.0  1.710
  -117.444  36.2587  -34.0   51.0    9.0  1.710
  -117.471  36.2587  -31.0   51.0    9.0  1.720
  -117.498  36.2587  -28.0   51.0    9.0  1.720
  -117.525  36.2587  -25.0   51.0    9.0  1.720
  -117.552  36.2587  -22.0   51.0    9.0  1.720
  -117.579  36.2587  -19.0   51.0    9.0  1.720
  -117.606  36.2587  -16.0   51.0    9.0  1.710
  -117.633  36.2587  -13.0   51.0    9.0  1.690
  -117.660  36.2587  -10.0   51.0    9.0  1.680
  -117.687  36.2587   -7.0   51.0    9.0  1.680
  -117.714  36.2587   -4.0   51.0    9.0  1.700
  -117.741  36.2587   -1.0   51.0    9.0  1.730
  -117.768  36.2587    2.0   51.0    9.0  1.730
  -117.795  36.2587    5.0   51.0    9.0  1.730
  -117.822  36.2587    8.0   51.0    9.0  1.720
  -117.849  36.2587   11.0   51.0    9.0  1.710
  -117.876  36.2587   14.0   51.0    9.0  1.700
  -117.903  36.2587   17.0   51.0    9.0  1.690
  -117.930  36.2587   20.0   51.0    9.0  1.700
  -117.957  36.2587   23.0   51.0    9.0  1.720
  -117.984  36.2587   26.0   51.0    9.0  1.720
  -118.011  36.2587   29.0   51.0    9.0  1.710
  -118.038  36.2587   32.0   51.0    9.0  1.710
  -118.065  36.2587   35.0   51.0    9.0  1.700
  -118.092  36.2587   38.0   51.0    9.0  1.710
  -118.119  36.2587   41.0   51.0    9.0  1.730
  -118.146  36.2587   44.0   51.0    9.0  1.730
  -118.173  36.2587   47.0   51.0    9.0  1.720
  -118.200  36.2587   50.0   51.0    9.0  1.720
  -118.227  36.2587   53.0   51.0    9.0  1.710
  -118.254  36.2587   56.0   51.0    9.0  1.710
  -118.281  36.2587   59.0   51.0    9.0  1.710
  -118.308  36.2587   62.0   51.0    9.0  1.710
  -118.335  36.2587   65.0   51.0    9.0  1.700
  -118.362  36.2587   68.0   51.0    9.0  1.710
  -118.388  36.2587   71.0   51.0    9.0  1.720
  -117.201  36.2856  -61.0   54.0    9.0  1.730
  -117.228  36.2856  -58.0   54.0    9.0  1.720
  -117.255  36.2856  -55.0   54.0    9.0  1.700
  -117.282  36.2856  -52.0   54.0    9.0  1.700
  -117.309  36.2856  -49.0   54.0    9.0  1.710
  -117.336  36.2856  -46.0   54.0    9.0  1.720
  -117.363  36.2856  -43.0   54.0    9.0  1.720
  -117.390  36.2856  -40.0   54.0    9.0  1.720
  -117.417  36.2856  -37.0   54.0    9.0  1.720
  -117.444  36.2856  -34.0   54.0    9.0  1.720
  -117.471  36.2856  -31.0   54.0    9.0  1.720
  -117.498  36.2856  -28.0   54.0    9.0  1.720
  -117.525  36.2856  -25.0   54.0    9.0  1.720
  -117.552  36.2856  -22.0   54.0    9.0  1.720
  -117.579  36.2856  -19.0   54.0    9.0  1.710
  -117.606  36.2856  -16.0   54.0    9.0  1.710
  -117.633  36.2856  -13.0   54.0    9.0  1.710
  -117.660  36.2856  -10.0   54.0    9.0  1.700
  -117.687  36.2856   -7.0   54.0    9.0  1.680
  -117.714  36.2856   -4.0   54.0    9.0  1.700
  -117.741  36.2856   -1.0   54.0    9.0  1.730
  -117.768  36.2856    2.0   54.0    9.0  1.740
  -117.795  36.2856    5.0   54.0    9.0  1.730
  -117.822  36.2856    8.0   54.0    9.0  1.710
  -117.849  36.2856   11.0   54.0    9.0  1.700
  -117.876  36.2856   14.0   54.0    9.0  1.690
  -117.903  36.2856   17.0   54.0    9.0  1.680
  -117.930  36.2856   20.0   54.0    9.0  1.700
  -117.957  36.2856   23.0   54.0    9.0  1.730
  -117.984  36.2856   26.0   54.0    9.0  1.730
  -118.011  36.2856   29.0   54.0    9.0  1.710
  -118.038  36.2856   32.0   54.0    9.0  1.710
  -118.065  36.2856   35.0   54.0    9.0  1.710
  -118.092  36.2856   38.0   54.0    9.0  1.720
  -118.119  36.2856   41.0   54.0    9.0  1.730
  -118.146  36.2856   44.0   54.0    9.0  1.730
  -118.173  36.2856   47.0   54.0    9.0  1.720
  -118.200  36.2856   50.0   54.0    9.0  1.710
  -118.227  36.2856   53.0   54.0    9.0  1.710
  -118.254  36.2856   56.0   54.0    9.0  1.720
  -118.281  36.2856   59.0   54.0    9.0  1.730
  -118.308  36.2856   62.0   54.0    9.0  1.730
  -118.335  36.2856   65.0   54.0    9.0  1.720
  -118.362  36.2856   68.0   54.0    9.0  1.710
  -118.388  36.2856   71.0   54.0    9.0  1.720
  -117.201  36.3126  -61.0   57.0    9.0  1.730
  -117.228  36.3126  -58.0   57.0    9.0  1.730
  -117.255  36.3126  -55.0   57.0    9.0  1.710
  -117.282  36.3126  -52.0   57.0    9.0  1.710
  -117.309  36.3126  -49.0   57.0    9.0  1.720
  -117.336  36.3126  -46.0   57.0    9.0  1.720
  -117.363  36.3126  -43.0   57.0    9.0  1.720
  -117.390  36.3126  -40.0   57.0    9.0  1.720
  -117.417  36.3126  -37.0   57.0    9.0  1.720
  -117.444  36.3126  -34.0   57.0    9.0  1.720
  -117.471  36.3126  -31.0   57.0    9.0  1.720
  -117.498  36.3126  -28.0   57.0    9.0  1.720
  -117.525  36.3126  -25.0   57.0    9.0  1.710
  -117.552  36.3126  -22.0   57.0    9.0  1.710
  -117.579  36.3126  -19.0   57.0    9.0  1.700
  -117.606  36.3126  -16.0   57.0    9.0  1.710
  -117.633  36.3126  -13.0   57.0    9.0  1.720
  -117.660  36.3126  -10.0   57.0    9.0  1.710
  -117.687  36.3126   -7.0   57.0    9.0  1.700
  -117.714  36.3126   -4.0   57.0    9.0  1.710
  -117.741  36.3126   -1.0   57.0    9.0  1.720
  -117.768  36.3126    2.0   57.0    9.0  1.730
  -117.795  36.3126    5.0   57.0    9.0  1.730
  -117.822  36.3126    8.0   57.0    9.0  1.720
  -117.849  36.3126   11.0   57.0    9.0  1.690
  -117.876  36.3126   14.0   57.0    9.0  1.680
  -117.903  36.3126   17.0   57.0    9.0  1.690
  -117.930  36.3126   20.0   57.0    9.0  1.700
  -117.957  36.3126   23.0   57.0    9.0  1.710
  -117.984  36.3126   26.0   57.0    9.0  1.710
  -118.011  36.3126   29.0   57.0    9.0  1.700
  -118.038  36.3126   32.0   57.0    9.0  1.700
  -118.065  36.3126   35.0   57.0    9.0  1.700
  -118.092  36.3126   38.0   57.0    9.0  1.710
  -118.119  36.3126   41.0   57.0    9.0  1.730
  -118.146  36.3126   44.0   57.0    9.0  1.730
  -118.173  36.3126   47.0   57.0    9.0  1.720
  -118.200  36.3126   50.0   57.0    9.0  1.720
  -118.227  36.3126   53.0   57.0    9.0  1.710
  -118.254  36.3126   56.0   57.0    9.0  1.720
  -118.281  36.3126   59.0   57.0    9.0  1.730
  -118.308  36.3126   62.0   57.0    9.0  1.730
  -118.335  36.3126   65.0   57.0    9.0  1.720
  -118.362  36.3126   68.0   57.0    9.0  1.720
  -118.388  36.3126   71.0   57.0    9.0  1.720
  -117.201  36.3396  -61.0   60.0    9.0  1.740
  -117.228  36.3396  -58.0   60.0    9.0  1.730
  -117.255  36.3396  -55.0   60.0    9.0  1.730
  -117.282  36.3396  -52.0   60.0    9.0  1.720
  -117.309  36.3396  -49.0   60.0    9.0  1.720
  -117.336  36.3396  -46.0   60.0    9.0  1.720
  -117.363  36.3396  -43.0   60.0    9.0  1.720
  -117.390  36.3396  -40.0   60.0    9.0  1.720
  -117.417  36.3396  -37.0   60.0    9.0  1.720
  -117.444  36.3396  -34.0   60.0    9.0  1.720
  -117.471  36.3396  -31.0   60.0    9.0  1.720
  -117.498  36.3396  -28.0   60.0    9.0  1.710
  -117.525  36.3396  -25.0   60.0    9.0  1.710
  -117.552  36.3396  -22.0   60.0    9.0  1.700
  -117.579  36.3396  -19.0   60.0    9.0  1.700
  -117.606  36.3396  -16.0   60.0    9.0  1.710
  -117.633  36.3396  -13.0   60.0    9.0  1.730
  -117.660  36.3396  -10.0   60.0    9.0  1.730
  -117.687  36.3396   -7.0   60.0    9.0  1.720
  -117.714  36.3396   -4.0   60.0    9.0  1.720
  -117.741  36.3396   -1.0   60.0    9.0  1.710
  -117.768  36.3396    2.0   60.0    9.0  1.720
  -117.795  36.3396    5.0   60.0    9.0  1.740
  -117.822  36.3396    8.0   60.0    9.0  1.720
  -117.849  36.3396   11.0   60.0    9.0  1.690
  -117.876  36.3396   14.0   60.0    9.0  1.680
  -117.903  36.3396   17.0   60.0    9.0  1.690
  -117.930  36.3396   20.0   60.0    9.0  1.690
  -117.957  36.3396   23.0   60.0    9.0  1.690
  -117.984  36.3396   26.0   60.0    9.0  1.690
  -118.011  36.3396   29.0   60.0    9.0  1.680
  -118.038  36.3396   32.0   60.0    9.0  1.690
  -118.065  36.3396   35.0   60.0    9.0  1.700
  -118.092  36.3396   38.0   60.0    9.0  1.710
  -118.119  36.3396   41.0   60.0    9.0  1.730
  -118.146  36.3396   44.0   60.0    9.0  1.730
  -118.173  36.3396   47.0   60.0    9.0  1.720
  -118.200  36.3396   50.0   60.0    9.0  1.720
  -118.227  36.3396   53.0   60.0    9.0  1.720
  -118.254  36.3396   56.0   60.0    9.0  1.720
  -118.281  36.3396   59.0   60.0    9.0  1.720
  -118.308  36.3396   62.0   60.0    9.0  1.720
  -118.335  36.3396   65.0   60.0    9.0  1.720
  -118.362  36.3396   68.0   60.0    9.0  1.720
  -118.388  36.3396   71.0   60.0    9.0  1.720
  -117.201  36.3666  -61.0   63.0    9.0  1.740
  -117.228  36.3666  -58.0   63.0    9.0  1.740
  -117.255  36.3666  -55.0   63.0    9.0  1.730
  -117.282  36.3666  -52.0   63.0    9.0  1.730
  -117.309  36.3666  -49.0   63.0    9.0  1.720
  -117.336  36.3666  -46.0   63.0    9.0  1.720
  -117.363  36.3666  -43.0   63.0    9.0  1.720
  -117.390  36.3666  -40.0   63.0    9.0  1.720
  -117.417  36.3666  -37.0   63.0    9.0  1.720
  -117.444  36.3666  -34.0   63.0    9.0  1.720
  -117.471  36.3666  -31.0   63.0    9.0  1.720
  -117.498  36.3666  -28.0   63.0    9.0  1.710
  -117.525  36.3666  -25.0   63.0    9.0  1.710
  -117.552  36.3666  -22.0   63.0    9.0  1.710
  -117.579  36.3666  -19.0   63.0    9.0  1.710
  -117.606  36.3666  -16.0   63.0    9.0  1.710
  -117.633  36.3666  -13.0   63.0    9.0  1.720
  -117.660  36.3666  -10.0   63.0    9.0  1.730
  -117.687  36.3666   -7.0   63.0    9.0  1.720
  -117.714  36.3666   -4.0   63.0    9.0  1.720
  -117.741  36.3666   -1.0   63.0    9.0  1.710
  -117.768  36.3666    2.0   63.0    9.0  1.720
  -117.795  36.3666    5.0   63.0    9.0  1.750
  -117.822  36.3666    8.0   63.0    9.0  1.740
  -117.849  36.3666   11.0   63.0    9.0  1.720
  -117.876  36.3666   14.0   63.0    9.0  1.710
  -117.903  36.3666   17.0   63.0    9.0  1.710
  -117.930  36.3666   20.0   63.0    9.0  1.700
  -117.957  36.3666   23.0   63.0    9.0  1.680
  -117.984  36.3666   26.0   63.0    9.0  1.680
  -118.011  36.3666   29.0   63.0    9.0  1.700
  -118.038  36.3666   32.0   63.0    9.0  1.700
  -118.065  36.3666   35.0   63.0    9.0  1.700
  -118.092  36.3666   38.0   63.0    9.0  1.710
  -118.119  36.3666   41.0   63.0    9.0  1.720
  -118.146  36.3666   44.0   63.0    9.0  1.730
  -118.173  36.3666   47.0   63.0    9.0  1.730
  -118.200  36.3666   50.0   63.0    9.0  1.730
  -118.227  36.3666   53.0   63.0    9.0  1.720
  -118.254  36.3666   56.0   63.0    9.0  1.720
  -118.281  36.3666   59.0   63.0    9.0  1.720
  -118.308  36.3666   62.0   63.0    9.0  1.720
  -118.335  36.3666   65.0   63.0    9.0  1.720
  -118.362  36.3666   68.0   63.0    9.0  1.720
  -118.388  36.3666   71.0   63.0    9.0  1.730
  -117.201  36.3936  -61.0   66.0    9.0  1.750
  -117.228  36.3936  -58.0   66.0    9.0  1.740
  -117.255  36.3936  -55.0   66.0    9.0  1.730
  -117.282  36.3936  -52.0   66.0    9.0  1.730
  -117.309  36.3936  -49.0   66.0    9.0  1.730
  -117.336  36.3936  -46.0   66.0    9.0  1.730
  -117.363  36.3936  -43.0   66.0    9.0  1.730
  -117.390  36.3936  -40.0   66.0    9.0  1.720
  -117.417  36.3936  -37.0   66.0    9.0  1.720
  -117.444  36.3936  -34.0   66.0    9.0  1.720
  -117.471  36.3936  -31.0   66.0    9.0  1.720
  -117.498  36.3936  -28.0   66.0    9.0  1.720
  -117.525  36.3936  -25.0   66.0    9.0  1.720
  -117.552  36.3936  -22.0   66.0    9.0  1.720
  -117.579  36.3936  -19.0   66.0    9.0  1.710
  -117.606  36.3936  -16.0   66.0    9.0  1.720
  -117.633  36.3936  -13.0   66.0    9.0  1.720
  -117.660  36.3936  -10.0   66.0    9.0  1.720
  -117.687  36.3936   -7.0   66.0    9.0  1.730
  -117.714  36.3936   -4.0   66.0    9.0  1.720
  -117.741  36.3936   -1.0   66.0    9.0  1.710
  -117.768  36.3936    2.0   66.0    9.0  1.720
  -117.795  36.3936    5.0   66.0    9.0  1.750
  -117.822  36.3936    8.0   66.0    9.0  1.760
  -117.849  36.3936   11.0   66.0    9.0  1.750
  -117.876  36.3936   14.0   66.0    9.0  1.740
  -117.903  36.3936   17.0   66.0    9.0  1.730
  -117.930  36.3936   20.0   66.0    9.0  1.700
  -117.957  36.3936   23.0   66.0    9.0  1.660
  -117.984  36.3936   26.0   66.0    9.0  1.680
  -118.011  36.3936   29.0   66.0    9.0  1.720
  -118.038  36.3936   32.0   66.0    9.0  1.720
  -118.065  36.3936   35.0   66.0    9.0  1.700
  -118.092  36.3936   38.0   66.0    9.0  1.700
  -118.119  36.3936   41.0   66.0    9.0  1.720
  -118.146  36.3936   44.0   66.0    9.0  1.730
  -118.173  36.3936   47.0   66.0    9.0  1.730
  -118.200  36.3936   50.0   66.0    9.0  1.730
  -118.227  36.3936   53.0   66.0    9.0  1.730
  -118.254  36.3936   56.0   66.0    9.0  1.730
  -118.281  36.3936   59.0   66.0    9.0  1.720
  -118.308  36.3936   62.0   66.0    9.0  1.710
  -118.335  36.3936   65.0   66.0    9.0  1.710
  -118.362  36.3936   68.0   66.0    9.0  1.720
  -118.388  36.3936   71.0   66.0    9.0  1.730
  -117.201  35.5032  -61.0  -33.0   12.0  1.730
  -117.228  35.5032  -58.0  -33.0   12.0  1.730
  -117.255  35.5032  -55.0  -33.0   12.0  1.730
  -117.282  35.5032  -52.0  -33.0   12.0  1.730
  -117.309  35.5032  -49.0  -33.0   12.0  1.730
  -117.336  35.5032  -46.0  -33.0   12.0  1.720
  -117.363  35.5032  -43.0  -33.0   12.0  1.720
  -117.390  35.5032  -40.0  -33.0   12.0  1.720
  -117.417  35.5032  -37.0  -33.0   12.0  1.720
  -117.444  35.5032  -34.0  -33.0   12.0  1.720
  -117.471  35.5032  -31.0  -33.0   12.0  1.720
  -117.498  35.5032  -28.0  -33.0   12.0  1.720
  -117.525  35.5032  -25.0  -33.0   12.0  1.720
  -117.552  35.5032  -22.0  -33.0   12.0  1.720
  -117.579  35.5032  -19.0  -33.0   12.0  1.720
  -117.606  35.5032  -16.0  -33.0   12.0  1.720
  -117.633  35.5032  -13.0  -33.0   12.0  1.710
  -117.660  35.5032  -10.0  -33.0   12.0  1.710
  -117.687  35.5032   -7.0  -33.0   12.0  1.710
  -117.714  35.5032   -4.0  -33.0   12.0  1.720
  -117.741  35.5032   -1.0  -33.0   12.0  1.720
  -117.768  35.5032    2.0  -33.0   12.0  1.720
  -117.795  35.5032    5.0  -33.0   12.0  1.730
  -117.822  35.5032    8.0  -33.0   12.0  1.730
  -117.849  35.5032   11.0  -33.0   12.0  1.730
  -117.876  35.5032   14.0  -33.0   12.0  1.730
  -117.903  35.5032   17.0  -33.0   12.0  1.730
  -117.930  35.5032   20.0  -33.0   12.0  1.720
  -117.957  35.5032   23.0  -33.0   12.0  1.720
  -117.984  35.5032   26.0  -33.0   12.0  1.710
  -118.011  35.5032   29.0  -33.0   12.0  1.710
  -118.038  35.5032   32.0  -33.0   12.0  1.710
  -118.065  35.5032   35.0  -33.0   12.0  1.720
  -118.092  35.5032   38.0  -33.0   12.0  1.720
  -118.119  35.5032   41.0  -33.0   12.0  1.710
  -118.146  35.5032   44.0  -33.0   12.0  1.710
  -118.173  35.5032   47.0  -33.0   12.0  1.710
  -118.200  35.5032   50.0  -33.0   12.0  1.700
  -118.227  35.5032   53.0  -33.0   12.0  1.700
  -118.254  35.5032   56.0  -33.0   12.0  1.700
  -118.281  35.5032   59.0  -33.0   12.0  1.700
  -118.308  35.5032   62.0  -33.0   12.0  1.700
  -118.335  35.5032   65.0  -33.0   12.0  1.700
  -118.362  35.5032   68.0  -33.0   12.0  1.710
  -118.388  35.5032   71.0  -33.0   12.0  1.710
  -117.201  35.5302  -61.0  -30.0   12.0  1.730
  -117.228  35.5302  -58.0  -30.0   12.0  1.730
  -117.255  35.5302  -55.0  -30.0   12.0  1.730
  -117.282  35.5302  -52.0  -30.0   12.0  1.730
  -117.309  35.5302  -49.0  -30.0   12.0  1.730
  -117.336  35.5302  -46.0  -30.0   12.0  1.730
  -117.363  35.5302  -43.0  -30.0   12.0  1.720
  -117.390  35.5302  -40.0  -30.0   12.0  1.720
  -117.417  35.5302  -37.0  -30.0   12.0  1.720
  -117.444  35.5302  -34.0  -30.0   12.0  1.720
  -117.471  35.5302  -31.0  -30.0   12.0  1.720
  -117.498  35.5302  -28.0  -30.0   12.0  1.720
  -117.525  35.5302  -25.0  -30.0   12.0  1.720
  -117.552  35.5302  -22.0  -30.0   12.0  1.710
  -117.579  35.5302  -19.0  -30.0   12.0  1.710
  -117.606  35.5302  -16.0  -30.0   12.0  1.710
  -117.633  35.5302  -13.0  -30.0   12.0  1.710
  -117.660  35.5302  -10.0  -30.0   12.0  1.710
  -117.687  35.5302   -7.0  -30.0   12.0  1.720
  -117.714  35.5302   -4.0  -30.0   12.0  1.720
  -117.741  35.5302   -1.0  -30.0   12.0  1.720
  -117.768  35.5302    2.0  -30.0   12.0  1.730
  -117.795  35.5302    5.0  -30.0   12.0  1.730
  -117.822  35.5302    8.0  -30.0   12.0  1.730
  -117.849  35.5302   11.0  -30.0   12.0  1.730
  -117.876  35.5302   14.0  -30.0   12.0  1.730
  -117.903  35.5302   17.0  -30.0   12.0  1.730
  -117.930  35.5302   20.0  -30.0   12.0  1.720
  -117.957  35.5302   23.0  -30.0   12.0  1.710
  -117.984  35.5302   26.0  -30.0   12.0  1.700
  -118.011  35.5302   29.0  -30.0   12.0  1.690
  -118.038  35.5302   32.0  -30.0   12.0  1.700
  -118.065  35.5302   35.0  -30.0   12.0  1.710
  -118.092  35.5302   38.0  -30.0   12.0  1.710
  -118.119  35.5302   41.0  -30.0   12.0  1.700
  -118.146  35.5302   44.0  -30.0   12.0  1.690
  -118.173  35.5302   47.0  -30.0   12.0  1.700
  -118.200  35.5302   50.0  -30.0   12.0  1.700
  -118.227  35.5302   53.0  -30.0   12.0  1.700
  -118.254  35.5302   56.0  -30.0   12.0  1.690
  -118.281  35.5302   59.0  -30.0   12.0  1.680
  -118.308  35.5302   62.0  -30.0   12.0  1.690
  -118.335  35.5302   65.0  -30.0   12.0  1.690
  -118.362  35.5302   68.0  -30.0   12.0  1.700
  -118.388  35.5302   71.0  -30.0   12.0  1.710
  -117.201  35.5572  -61.0  -27.0   12.0  1.730
  -117.228  35.5572  -58.0  -27.0   12.0  1.740
  -117.255  35.5572  -55.0  -27.0   12.0  1.730
  -117.282  35.5572  -52.0  -27.0   12.0  1.730
  -117.309  35.5572  -49.0  -27.0   12.0  1.730
  -117.336  35.5572  -46.0  -27.0   12.0  1.730
  -117.363  35.5572  -43.0  -27.0   12.0  1.730
  -117.390  35.5572  -40.0  -27.0   12.0  1.730
  -117.417  35.5572  -37.0  -27.0   12.0  1.730
  -117.444  35.5572  -34.0  -27.0   12.0  1.720
  -117.471  35.5572  -31.0  -27.0   12.0  1.710
  -117.498  35.5572  -28.0  -27.0   12.0  1.710
  -117.525  35.5572  -25.0  -27.0   12.0  1.710
  -117.552  35.5572  -22.0  -27.0   12.0  1.710
  -117.579  35.5572  -19.0  -27.0   12.0  1.710
  -117.606  35.5572  -16.0  -27.0   12.0  1.710
  -117.633  35.5572  -13.0  -27.0   12.0  1.710
  -117.660  35.5572  -10.0  -27.0   12.0  1.710
  -117.687  35.5572   -7.0  -27.0   12.0  1.710
  -117.714  35.5572   -4.0  -27.0   12.0  1.720
  -117.741  35.5572   -1.0  -27.0   12.0  1.730
  -117.768  35.5572    2.0  -27.0   12.0  1.730
  -117.795  35.5572    5.0  -27.0   12.0  1.730
  -117.822  35.5572    8.0  -27.0   12.0  1.730
  -117.849  35.5572   11.0  -27.0   12.0  1.730
  -117.876  35.5572   14.0  -27.0   12.0  1.720
  -117.903  35.5572   17.0  -27.0   12.0  1.720
  -117.930  35.5572   20.0  -27.0   12.0  1.720
  -117.957  35.5572   23.0  -27.0   12.0  1.720
  -117.984  35.5572   26.0  -27.0   12.0  1.720
  -118.011  35.5572   29.0  -27.0   12.0  1.710
  -118.038  35.5572   32.0  -27.0   12.0  1.710
  -118.065  35.5572   35.0  -27.0   12.0  1.710
  -118.092  35.5572   38.0  -27.0   12.0  1.710
  -118.119  35.5572   41.0  -27.0   12.0  1.700
  -118.146  35.5572   44.0  -27.0   12.0  1.700
  -118.173  35.5572   47.0  -27.0   12.0  1.700
  -118.200  35.5572   50.0  -27.0   12.0  1.710
  -118.227  35.5572   53.0  -27.0   12.0  1.710
  -118.254  35.5572   56.0  -27.0   12.0  1.710
  -118.281  35.5572   59.0  -27.0   12.0  1.700
  -118.308  35.5572   62.0  -27.0   12.0  1.700
  -118.335  35.5572   65.0  -27.0   12.0  1.710
  -118.362  35.5572   68.0  -27.0   12.0  1.710
  -118.388  35.5572   71.0  -27.0   12.0  1.700
  -117.201  35.5842  -61.0  -24.0   12.0  1.740
  -117.228  35.5842  -58.0  -24.0   12.0  1.740
  -117.255  35.5842  -55.0  -24.0   12.0  1.740
  -117.282  35.5842  -52.0  -24.0   12.0  1.730
  -117.309  35.5842  -49.0  -24.0   12.0  1.730
  -117.336  35.5842  -46.0  -24.0   12.0  1.730
  -117.363  35.5842  -43.0  -24.0   12.0  1.730
  -117.390  35.5842  -40.0  -24.0   12.0  1.730
  -117.417  35.5842  -37.0  -24.0   12.0  1.730
  -117.444  35.5842  -34.0  -24.0   12.0  1.720
  -117.471  35.5842  -31.0  -24.0   12.0  1.710
  -117.498  35.5842  -28.0  -24.0   12.0  1.710
  -117.525  35.5842  -25.0  -24.0   12.0  1.710
  -117.552  35.5842  -22.0  -24.0   12.0  1.710
  -117.579  35.5842  -19.0  -24.0   12.0  1.700
  -117.606  35.5842  -16.0  -24.0   12.0  1.710
  -117.633  35.5842  -13.0  -24.0   12.0  1.710
  -117.660  35.5842  -10.0  -24.0   12.0  1.710
  -117.687  35.5842   -7.0  -24.0   12.0  1.700
  -117.714  35.5842   -4.0  -24.0   12.0  1.710
  -117.741  35.5842   -1.0  -24.0   12.0  1.730
  -117.768  35.5842    2.0  -24.0   12.0  1.730
  -117.795  35.5842    5.0  -24.0   12.0  1.740
  -117.822  35.5842    8.0  -24.0   12.0  1.730
  -117.849  35.5842   11.0  -24.0   12.0  1.730
  -117.876  35.5842   14.0  -24.0   12.0  1.720
  -117.903  35.5842   17.0  -24.0   12.0  1.720
  -117.930  35.5842   20.0  -24.0   12.0  1.720
  -117.957  35.5842   23.0  -24.0   12.0  1.720
  -117.984  35.5842   26.0  -24.0   12.0  1.730
  -118.011  35.5842   29.0  -24.0   12.0  1.730
  -118.038  35.5842   32.0  -24.0   12.0  1.720
  -118.065  35.5842   35.0  -24.0   12.0  1.710
  -118.092  35.5842   38.0  -24.0   12.0  1.710
  -118.119  35.5842   41.0  -24.0   12.0  1.710
  -118.146  35.5842   44.0  -24.0   12.0  1.710
  -118.173  35.5842   47.0  -24.0   12.0  1.710
  -118.200  35.5842   50.0  -24.0   12.0  1.720
  -118.227  35.5842   53.0  -24.0   12.0  1.720
  -118.254  35.5842   56.0  -24.0   12.0  1.720
  -118.281  35.5842   59.0  -24.0   12.0  1.720
  -118.308  35.5842   62.0  -24.0   12.0  1.720
  -118.335  35.5842   65.0  -24.0   12.0  1.730
  -118.362  35.5842   68.0  -24.0   12.0  1.720
  -118.388  35.5842   71.0  -24.0   12.0  1.700
  -117.201  35.6111  -61.0  -21.0   12.0  1.730
  -117.228  35.6111  -58.0  -21.0   12.0  1.730
  -117.255  35.6111  -55.0  -21.0   12.0  1.730
  -117.282  35.6111  -52.0  -21.0   12.0  1.730
  -117.309  35.6111  -49.0  -21.0   12.0  1.730
  -117.336  35.6111  -46.0  -21.0   12.0  1.730
  -117.363  35.6111  -43.0  -21.0   12.0  1.730
  -117.390  35.6111  -40.0  -21.0   12.0  1.730
  -117.417  35.6111  -37.0  -21.0   12.0  1.730
  -117.444  35.6111  -34.0  -21.0   12.0  1.730
  -117.471  35.6111  -31.0  -21.0   12.0  1.710
  -117.498  35.6111  -28.0  -21.0   12.0  1.710
  -117.525  35.6111  -25.0  -21.0   12.0  1.710
  -117.552  35.6111  -22.0  -21.0   12.0  1.710
  -117.579  35.6111  -19.0  -21.0   12.0  1.700
  -117.606  35.6111  -16.0  -21.0   12.0  1.710
  -117.633  35.6111  -13.0  -21.0   12.0  1.710
  -117.660  35.6111  -10.0  -21.0   12.0  1.710
  -117.687  35.6111   -7.0  -21.0   12.0  1.700
  -117.714  35.6111   -4.0  -21.0   12.0  1.700
  -117.741  35.6111   -1.0  -21.0   12.0  1.720
  -117.768  35.6111    2.0  -21.0   12.0  1.720
  -117.795  35.6111    5.0  -21.0   12.0  1.730
  -117.822  35.6111    8.0  -21.0   12.0  1.730
  -117.849  35.6111   11.0  -21.0   12.0  1.730
  -117.876  35.6111   14.0  -21.0   12.0  1.720
  -117.903  35.6111   17.0  -21.0   12.0  1.720
  -117.930  35.6111   20.0  -21.0   12.0  1.720
  -117.957  35.6111   23.0  -21.0   12.0  1.730
  -117.984  35.6111   26.0  -21.0   12.0  1.730
  -118.011  35.6111   29.0  -21.0   12.0  1.730
  -118.038  35.6111   32.0  -21.0   12.0  1.720
  -118.065  35.6111   35.0  -21.0   12.0  1.710
  -118.092  35.6111   38.0  -21.0   12.0  1.710
  -118.119  35.6111   41.0  -21.0   12.0  1.720
  -118.146  35.6111   44.0  -21.0   12.0  1.720
  -118.173  35.6111   47.0  -21.0   12.0  1.720
  -118.200  35.6111   50.0  -21.0   12.0  1.720
  -118.227  35.6111   53.0  -21.0   12.0  1.720
  -118.254  35.6111   56.0  -21.0   12.0  1.730
  -118.281  35.6111   59.0  -21.0   12.0  1.730
  -118.308  35.6111   62.0  -21.0   12.0  1.730
  -118.335  35.6111   65.0  -21.0   12.0  1.730
  -118.362  35.6111   68.0  -21.0   12.0  1.720
  -118.388  35.6111   71.0  -21.0   12.0  1.700
  -117.201  35.6381  -61.0  -18.0   12.0  1.720
  -117.228  35.6381  -58.0  -18.0   12.0  1.730
  -117.255  35.6381  -55.0  -18.0   12.0  1.730
  -117.282  35.6381  -52.0  -18.0   12.0  1.730
  -117.309  35.6381  -49.0  -18.0   12.0  1.730
  -117.336  35.6381  -46.0  -18.0   12.0  1.730
  -117.363  35.6381  -43.0  -18.0   12.0  1.730
  -117.390  35.6381  -40.0  -18.0   12.0  1.730
  -117.417  35.6381  -37.0  -18.0   12.0  1.740
  -117.444  35.6381  -34.0  -18.0   12.0  1.730
  -117.471  35.6381  -31.0  -18.0   12.0  1.720
  -117.498  35.6381  -28.0  -18.0   12.0  1.710
  -117.525  35.6381  -25.0  -18.0   12.0  1.710
  -117.552  35.6381  -22.0  -18.0   12.0  1.710
  -117.579  35.6381  -19.0  -18.0   12.0  1.700
  -117.606  35.6381  -16.0  -18.0   12.0  1.710
  -117.633  35.6381  -13.0  -18.0   12.0  1.710
  -117.660  35.6381  -10.0  -18.0   12.0  1.710
  -117.687  35.6381   -7.0  -18.0   12.0  1.700
  -117.714  35.6381   -4.0  -18.0   12.0  1.700
  -117.741  35.6381   -1.0  -18.0   12.0  1.710
  -117.768  35.6381    2.0  -18.0   12.0  1.720
  -117.795  35.6381    5.0  -18.0   12.0  1.720
  -117.822  35.6381    8.0  -18.0   12.0  1.720
  -117.849  35.6381   11.0  -18.0   12.0  1.730
  -117.876  35.6381   14.0  -18.0   12.0  1.730
  -117.903  35.6381   17.0  -18.0   12.0  1.720
  -117.930  35.6381   20.0  -18.0   12.0  1.730
  -117.957  35.6381   23.0  -18.0   12.0  1.730
  -117.984  35.6381   26.0  -18.0   12.0  1.730
  -118.011  35.6381   29.0  -18.0   12.0  1.730
  -118.038  35.6381   32.0  -18.0   12.0  1.730
  -118.065  35.6381   35.0  -18.0   12.0  1.710
  -118.092  35.6381   38.0  -18.0   12.0  1.720
  -118.119  35.6381   41.0  -18.0   12.0  1.730
  -118.146  35.6381   44.0  -18.0   12.0  1.730
  -118.173  35.6381   47.0  -18.0   12.0  1.730
  -118.200  35.6381   50.0  -18.0   12.0  1.730
  -118.227  35.6381   53.0  -18.0   12.0  1.720
  -118.254  35.6381   56.0  -18.0   12.0  1.730
  -118.281  35.6381   59.0  -18.0   12.0  1.740
  -118.308  35.6381   62.0  -18.0   12.0  1.740
  -118.335  35.6381   65.0  -18.0   12.0  1.730
  -118.362  35.6381   68.0  -18.0   12.0  1.720
  -118.388  35.6381   71.0  -18.0   12.0  1.700
  -117.201  35.6651  -61.0  -15.0   12.0  1.710
  -117.228  35.6651  -58.0  -15.0   12.0  1.720
  -117.255  35.6651  -55.0  -15.0   12.0  1.720
  -117.282  35.6651  -52.0  -15.0   12.0  1.720
  -117.309  35.6651  -49.0  -15.0   12.0  1.720
  -117.336  35.6651  -46.0  -15.0   12.0  1.720
  -117.363  35.6651  -43.0  -15.0   12.0  1.720
  -117.390  35.6651  -40.0  -15.0   12.0  1.730
  -117.417  35.6651  -37.0  -15.0   12.0  1.740
  -117.444  35.6651  -34.0  -15.0   12.0  1.740
  -117.471  35.6651  -31.0  -15.0   12.0  1.740
  -117.498  35.6651  -28.0  -15.0   12.0  1.730
  -117.525  35.6651  -25.0  -15.0   12.0  1.720
  -117.552  35.6651  -22.0  -15.0   12.0  1.710
  -117.579  35.6651  -19.0  -15.0   12.0  1.700
  -117.606  35.6651  -16.0  -15.0   12.0  1.710
  -117.633  35.6651  -13.0  -15.0   12.0  1.710
  -117.660  35.6651  -10.0  -15.0   12.0  1.710
  -117.687  35.6651   -7.0  -15.0   12.0  1.700
  -117.714  35.6651   -4.0  -15.0   12.0  1.710
  -117.741  35.6651   -1.0  -15.0   12.0  1.720
  -117.768  35.6651    2.0  -15.0   12.0  1.720
  -117.795  35.6651    5.0  -15.0   12.0  1.720
  -117.822  35.6651    8.0  -15.0   12.0  1.710
  -117.849  35.6651   11.0  -15.0   12.0  1.710
  -117.876  35.6651   14.0  -15.0   12.0  1.710
  -117.903  35.6651   17.0  -15.0   12.0  1.720
  -117.930  35.6651   20.0  -15.0   12.0  1.730
  -117.957  35.6651   23.0  -15.0   12.0  1.720
  -117.984  35.6651   26.0  -15.0   12.0  1.730
  -118.011  35.6651   29.0  -15.0   12.0  1.740
  -118.038  35.6651   32.0  -15.0   12.0  1.720
  -118.065  35.6651   35.0  -15.0   12.0  1.710
  -118.092  35.6651   38.0  -15.0   12.0  1.710
  -118.119  35.6651   41.0  -15.0   12.0  1.720
  -118.146  35.6651   44.0  -15.0   12.0  1.730
  -118.173  35.6651   47.0  -15.0   12.0  1.730
  -118.200  35.6651   50.0  -15.0   12.0  1.730
  -118.227  35.6651   53.0  -15.0   12.0  1.720
  -118.254  35.6651   56.0  -15.0   12.0  1.720
  -118.281  35.6651   59.0  -15.0   12.0  1.720
  -118.308  35.6651   62.0  -15.0   12.0  1.730
  -118.335  35.6651   65.0  -15.0   12.0  1.730
  -118.362  35.6651   68.0  -15.0   12.0  1.720
  -118.388  35.6651   71.0  -15.0   12.0  1.710
  -117.201  35.6921  -61.0  -12.0   12.0  1.710
  -117.228  35.6921  -58.0  -12.0   12.0  1.710
  -117.255  35.6921  -55.0  -12.0   12.0  1.710
  -117.282  35.6921  -52.0  -12.0   12.0  1.710
  -117.309  35.6921  -49.0  -12.0   12.0  1.720
  -117.336  35.6921  -46.0  -12.0   12.0  1.720
  -117.363  35.6921  -43.0  -12.0   12.0  1.720
  -117.390  35.6921  -40.0  -12.0   12.0  1.730
  -117.417  35.6921  -37.0  -12.0   12.0  1.740
  -117.444  35.6921  -34.0  -12.0   12.0  1.750
  -117.471  35.6921  -31.0  -12.0   12.0  1.760
  -117.498  35.6921  -28.0  -12.0   12.0  1.760
  -117.525  35.6921  -25.0  -12.0   12.0  1.740
  -117.552  35.6921  -22.0  -12.0   12.0  1.720
  -117.579  35.6921  -19.0  -12.0   12.0  1.700
  -117.606  35.6921  -16.0  -12.0   12.0  1.690
  -117.633  35.6921  -13.0  -12.0   12.0  1.720
  -117.660  35.6921  -10.0  -12.0   12.0  1.710
  -117.687  35.6921   -7.0  -12.0   12.0  1.710
  -117.714  35.6921   -4.0  -12.0   12.0  1.720
  -117.741  35.6921   -1.0  -12.0   12.0  1.720
  -117.768  35.6921    2.0  -12.0   12.0  1.730
  -117.795  35.6921    5.0  -12.0   12.0  1.740
  -117.822  35.6921    8.0  -12.0   12.0  1.740
  -117.849  35.6921   11.0  -12.0   12.0  1.720
  -117.876  35.6921   14.0  -12.0   12.0  1.700
  -117.903  35.6921   17.0  -12.0   12.0  1.690
  -117.930  35.6921   20.0  -12.0   12.0  1.710
  -117.957  35.6921   23.0  -12.0   12.0  1.720
  -117.984  35.6921   26.0  -12.0   12.0  1.730
  -118.011  35.6921   29.0  -12.0   12.0  1.730
  -118.038  35.6921   32.0  -12.0   12.0  1.710
  -118.065  35.6921   35.0  -12.0   12.0  1.710
  -118.092  35.6921   38.0  -12.0   12.0  1.710
  -118.119  35.6921   41.0  -12.0   12.0  1.720
  -118.146  35.6921   44.0  -12.0   12.0  1.720
  -118.173  35.6921   47.0  -12.0   12.0  1.730
  -118.200  35.6921   50.0  -12.0   12.0  1.730
  -118.227  35.6921   53.0  -12.0   12.0  1.730
  -118.254  35.6921   56.0  -12.0   12.0  1.720
  -118.281  35.6921   59.0  -12.0   12.0  1.700
  -118.308  35.6921   62.0  -12.0   12.0  1.710
  -118.335  35.6921   65.0  -12.0   12.0  1.730
  -118.362  35.6921   68.0  -12.0   12.0  1.730
  -118.388  35.6921   71.0  -12.0   12.0  1.720
  -117.201  35.7191  -61.0   -9.0   12.0  1.720
  -117.228  35.7191  -58.0   -9.0   12.0  1.720
  -117.255  35.7191  -55.0   -9.0   12.0  1.720
  -117.282  35.7191  -52.0   -9.0   12.0  1.720
  -117.309  35.7191  -49.0   -9.0   12.0  1.720
  -117.336  35.7191  -46.0   -9.0   12.0  1.720
  -117.363  35.7191  -43.0   -9.0   12.0  1.720
  -117.390  35.7191  -40.0   -9.0   12.0  1.730
  -117.417  35.7191  -37.0   -9.0   12.0  1.730
  -117.444  35.7191  -34.0   -9.0   12.0  1.740
  -117.471  35.7191  -31.0   -9.0   12.0  1.750
  -117.498  35.7191  -28.0   -9.0   12.0  1.750
  -117.525  35.7191  -25.0   -9.0   12.0  1.760
  -117.552  35.7191  -22.0   -9.0   12.0  1.730
  -117.579  35.7191  -19.0   -9.0   12.0  1.720
  -117.606  35.7191  -16.0   -9.0   12.0  1.700
  -117.633  35.7191  -13.0   -9.0   12.0  1.730
  -117.660  35.7191  -10.0   -9.0   12.0  1.710
  -117.687  35.7191   -7.0   -9.0   12.0  1.720
  -117.714  35.7191   -4.0   -9.0   12.0  1.730
  -117.741  35.7191   -1.0   -9.0   12.0  1.720
  -117.768  35.7191    2.0   -9.0   12.0  1.720
  -117.795  35.7191    5.0   -9.0   12.0  1.720
  -117.822  35.7191    8.0   -9.0   12.0  1.720
  -117.849  35.7191   11.0   -9.0   12.0  1.730
  -117.876  35.7191   14.0   -9.0   12.0  1.720
  -117.903  35.7191   17.0   -9.0   12.0  1.680
  -117.930  35.7191   20.0   -9.0   12.0  1.690
  -117.957  35.7191   23.0   -9.0   12.0  1.710
  -117.984  35.7191   26.0   -9.0   12.0  1.720
  -118.011  35.7191   29.0   -9.0   12.0  1.720
  -118.038  35.7191   32.0   -9.0   12.0  1.710
  -118.065  35.7191   35.0   -9.0   12.0  1.720
  -118.092  35.7191   38.0   -9.0   12.0  1.730
  -118.119  35.7191   41.0   -9.0   12.0  1.730
  -118.146  35.7191   44.0   -9.0   12.0  1.730
  -118.173  35.7191   47.0   -9.0   12.0  1.730
  -118.200  35.7191   50.0   -9.0   12.0  1.730
  -118.227  35.7191   53.0   -9.0   12.0  1.730
  -118.254  35.7191   56.0   -9.0   12.0  1.720
  -118.281  35.7191   59.0   -9.0   12.0  1.710
  -118.308  35.7191   62.0   -9.0   12.0  1.720
  -118.335  35.7191   65.0   -9.0   12.0  1.730
  -118.362  35.7191   68.0   -9.0   12.0  1.730
  -118.388  35.7191   71.0   -9.0   12.0  1.720
  -117.201  35.7460  -61.0   -6.0   12.0  1.730
  -117.228  35.7460  -58.0   -6.0   12.0  1.730
  -117.255  35.7460  -55.0   -6.0   12.0  1.720
  -117.282  35.7460  -52.0   -6.0   12.0  1.720
  -117.309  35.7460  -49.0   -6.0   12.0  1.720
  -117.336  35.7460  -46.0   -6.0   12.0  1.720
  -117.363  35.7460  -43.0   -6.0   12.0  1.720
  -117.390  35.7460  -40.0   -6.0   12.0  1.730
  -117.417  35.7460  -37.0   -6.0   12.0  1.720
  -117.444  35.7460  -34.0   -6.0   12.0  1.730
  -117.471  35.7460  -31.0   -6.0   12.0  1.740
  -117.498  35.7460  -28.0   -6.0   12.0  1.750
  -117.525  35.7460  -25.0   -6.0   12.0  1.770
  -117.552  35.7460  -22.0   -6.0   12.0  1.760
  -117.579  35.7460  -19.0   -6.0   12.0  1.750
  -117.606  35.7460  -16.0   -6.0   12.0  1.710
  -117.633  35.7460  -13.0   -6.0   12.0  1.680
  -117.660  35.7460  -10.0   -6.0   12.0  1.690
  -117.687  35.7460   -7.0   -6.0   12.0  1.720
  -117.714  35.7460   -4.0   -6.0   12.0  1.710
  -117.741  35.7460   -1.0   -6.0   12.0  1.700
  -117.768  35.7460    2.0   -6.0   12.0  1.710
  -117.795  35.7460    5.0   -6.0   12.0  1.710
  -117.822  35.7460    8.0   -6.0   12.0  1.720
  -117.849  35.7460   11.0   -6.0   12.0  1.720
  -117.876  35.7460   14.0   -6.0   12.0  1.710
  -117.903  35.7460   17.0   -6.0   12.0  1.700
  -117.930  35.7460   20.0   -6.0   12.0  1.660
  -117.957  35.7460   23.0   -6.0   12.0  1.730
  -117.984  35.7460   26.0   -6.0   12.0  1.730
  -118.011  35.7460   29.0   -6.0   12.0  1.720
  -118.038  35.7460   32.0   -6.0   12.0  1.720
  -118.065  35.7460   35.0   -6.0   12.0  1.730
  -118.092  35.7460   38.0   -6.0   12.0  1.740
  -118.119  35.7460   41.0   -6.0   12.0  1.750
  -118.146  35.7460   44.0   -6.0   12.0  1.740
  -118.173  35.7460   47.0   -6.0   12.0  1.720
  -118.200  35.7460   50.0   -6.0   12.0  1.720
  -118.227  35.7460   53.0   -6.0   12.0  1.730
  -118.254  35.7460   56.0   -6.0   12.0  1.730
  -118.281  35.7460   59.0   -6.0   12.0  1.720
  -118.308  35.7460   62.0   -6.0   12.0  1.730
  -118.335  35.7460   65.0   -6.0   12.0  1.740
  -118.362  35.7460   68.0   -6.0   12.0  1.740
  -118.388  35.7460   71.0   -6.0   12.0  1.720
  -117.201  35.7730  -61.0   -3.0   12.0  1.720
  -117.228  35.7730  -58.0   -3.0   12.0  1.720
  -117.255  35.7730  -55.0   -3.0   12.0  1.720
  -117.282  35.7730  -52.0   -3.0   12.0  1.720
  -117.309  35.7730  -49.0   -3.0   12.0  1.720
  -117.336  35.7730  -46.0   -3.0   12.0  1.720
  -117.363  35.7730  -43.0   -3.0   12.0  1.720
  -117.390  35.7730  -40.0   -3.0   12.0  1.720
  -117.417  35.7730  -37.0   -3.0   12.0  1.720
  -117.444  35.7730  -34.0   -3.0   12.0  1.730
  -117.471  35.7730  -31.0   -3.0   12.0  1.730
  -117.498  35.7730  -28.0   -3.0   12.0  1.740
  -117.525  35.7730  -25.0   -3.0   12.0  1.760
  -117.552  35.7730  -22.0   -3.0   12.0  1.760
  -117.579  35.7730  -19.0   -3.0   12.0  1.750
  -117.606  35.7730  -16.0   -3.0   12.0  1.740
  -117.633  35.7730  -13.0   -3.0   12.0  1.720
  -117.660  35.7730  -10.0   -3.0   12.0  1.720
  -117.687  35.7730   -7.0   -3.0   12.0  1.710
  -117.714  35.7730   -4.0   -3.0   12.0  1.720
  -117.741  35.7730   -1.0   -3.0   12.0  1.700
  -117.768  35.7730    2.0   -3.0   12.0  1.710
  -117.795  35.7730    5.0   -3.0   12.0  1.720
  -117.822  35.7730    8.0   -3.0   12.0  1.720
  -117.849  35.7730   11.0   -3.0   12.0  1.720
  -117.876  35.7730   14.0   -3.0   12.0  1.710
  -117.903  35.7730   17.0   -3.0   12.0  1.720
  -117.930  35.7730   20.0   -3.0   12.0  1.750
  -117.957  35.7730   23.0   -3.0   12.0  1.760
  -117.984  35.7730   26.0   -3.0   12.0  1.730
  -118.011  35.7730   29.0   -3.0   12.0  1.710
  -118.038  35.7730   32.0   -3.0   12.0  1.710
  -118.065  35.7730   35.0   -3.0   12.0  1.730
  -118.092  35.7730   38.0   -3.0   12.0  1.730
  -118.119  35.7730   41.0   -3.0   12.0  1.730
  -118.146  35.7730   44.0   -3.0   12.0  1.730
  -118.173  35.7730   47.0   -3.0   12.0  1.730
  -118.200  35.7730   50.0   -3.0   12.0  1.730
  -118.227  35.7730   53.0   -3.0   12.0  1.730
  -118.254  35.7730   56.0   -3.0   12.0  1.730
  -118.281  35.7730   59.0   -3.0   12.0  1.720
  -118.308  35.7730   62.0   -3.0   12.0  1.720
  -118.335  35.7730   65.0   -3.0   12.0  1.730
  -118.362  35.7730   68.0   -3.0   12.0  1.720
  -118.388  35.7730   71.0   -3.0   12.0  1.700
  -117.201  35.8000  -61.0    0.0   12.0  1.710
  -117.228  35.8000  -58.0    0.0   12.0  1.710
  -117.255  35.8000  -55.0    0.0   12.0  1.710
  -117.282  35.8000  -52.0    0.0   12.0  1.710
  -117.309  35.8000  -49.0    0.0   12.0  1.710
  -117.336  35.8000  -46.0    0.0   12.0  1.720
  -117.363  35.8000  -43.0    0.0   12.0  1.720
  -117.390  35.8000  -40.0    0.0   12.0  1.720
  -117.417  35.8000  -37.0    0.0   12.0  1.730
  -117.444  35.8000  -34.0    0.0   12.0  1.730
  -117.471  35.8000  -31.0    0.0   12.0  1.730
  -117.498  35.8000  -28.0    0.0   12.0  1.730
  -117.525  35.8000  -25.0    0.0   12.0  1.740
  -117.552  35.8000  -22.0    0.0   12.0  1.750
  -117.579  35.8000  -19.0    0.0   12.0  1.750
  -117.606  35.8000  -16.0    0.0   12.0  1.750
  -117.633  35.8000  -13.0    0.0   12.0  1.740
  -117.660  35.8000  -10.0    0.0   12.0  1.730
  -117.687  35.8000   -7.0    0.0   12.0  1.740
  -117.714  35.8000   -4.0    0.0   12.0  1.730
  -117.741  35.8000   -1.0    0.0   12.0  1.710
  -117.768  35.8000    2.0    0.0   12.0  1.710
  -117.795  35.8000    5.0    0.0   12.0  1.710
  -117.822  35.8000    8.0    0.0   12.0  1.720
  -117.849  35.8000   11.0    0.0   12.0  1.730
  -117.876  35.8000   14.0    0.0   12.0  1.730
  -117.903  35.8000   17.0    0.0   12.0  1.730
  -117.930  35.8000   20.0    0.0   12.0  1.770
  -117.957  35.8000   23.0    0.0   12.0  1.740
  -117.984  35.8000   26.0    0.0   12.0  1.740
  -118.011  35.8000   29.0    0.0   12.0  1.720
  -118.038  35.8000   32.0    0.0   12.0  1.720
  -118.065  35.8000   35.0    0.0   12.0  1.720
  -118.092  35.8000   38.0    0.0   12.0  1.720
  -118.119  35.8000   41.0    0.0   12.0  1.720
  -118.146  35.8000   44.0    0.0   12.0  1.720
  -118.173  35.8000   47.0    0.0   12.0  1.730
  -118.200  35.8000   50.0    0.0   12.0  1.730
  -118.227  35.8000   53.0    0.0   12.0  1.730
  -118.254  35.8000   56.0    0.0   12.0  1.730
  -118.281  35.8000   59.0    0.0   12.0  1.720
  -118.308  35.8000   62.0    0.0   12.0  1.720
  -118.335  35.8000   65.0    0.0   12.0  1.710
  -118.362  35.8000   68.0    0.0   12.0  1.700
  -118.388  35.8000   71.0    0.0   12.0  1.690
  -117.201  35.8270  -61.0    3.0   12.0  1.720
  -117.228  35.8270  -58.0    3.0   12.0  1.720
  -117.255  35.8270  -55.0    3.0   12.0  1.720
  -117.282  35.8270  -52.0    3.0   12.0  1.720
  -117.309  35.8270  -49.0    3.0   12.0  1.720
  -117.336  35.8270  -46.0    3.0   12.0  1.720
  -117.363  35.8270  -43.0    3.0   12.0  1.720
  -117.390  35.8270  -40.0    3.0   12.0  1.720
  -117.417  35.8270  -37.0    3.0   12.0  1.720
  -117.444  35.8270  -34.0    3.0   12.0  1.730
  -117.471  35.8270  -31.0    3.0   12.0  1.730
  -117.498  35.8270  -28.0    3.0   12.0  1.730
  -117.525  35.8270  -25.0    3.0   12.0  1.740
  -117.552  35.8270  -22.0    3.0   12.0  1.740
  -117.579  35.8270  -19.0    3.0   12.0  1.740
  -117.606  35.8270  -16.0    3.0   12.0  1.740
  -117.633  35.8270  -13.0    3.0   12.0  1.730
  -117.660  35.8270  -10.0    3.0   12.0  1.720
  -117.687  35.8270   -7.0    3.0   12.0  1.740
  -117.714  35.8270   -4.0    3.0   12.0  1.730
  -117.741  35.8270   -1.0    3.0   12.0  1.720
  -117.768  35.8270    2.0    3.0   12.0  1.730
  -117.795  35.8270    5.0    3.0   12.0  1.710
  -117.822  35.8270    8.0    3.0   12.0  1.720
  -117.849  35.8270   11.0    3.0   12.0  1.730
  -117.876  35.8270   14.0    3.0   12.0  1.730
  -117.903  35.8270   17.0    3.0   12.0  1.730
  -117.930  35.8270   20.0    3.0   12.0  1.740
  -117.957  35.8270   23.0    3.0   12.0  1.730
  -117.984  35.8270   26.0    3.0   12.0  1.720
  -118.011  35.8270   29.0    3.0   12.0  1.740
  -118.038  35.8270   32.0    3.0   12.0  1.740
  -118.065  35.8270   35.0    3.0   12.0  1.730
  -118.092  35.8270   38.0    3.0   12.0  1.730
  -118.119  35.8270   41.0    3.0   12.0  1.730
  -118.146  35.8270   44.0    3.0   12.0  1.740
  -118.173  35.8270   47.0    3.0   12.0  1.760
  -118.200  35.8270   50.0    3.0   12.0  1.760
  -118.227  35.8270   53.0    3.0   12.0  1.750
  -118.254  35.8270   56.0    3.0   12.0  1.750
  -118.281  35.8270   59.0    3.0   12.0  1.740
  -118.308  35.8270   62.0    3.0   12.0  1.730
  -118.335  35.8270   65.0    3.0   12.0  1.720
  -118.362  35.8270   68.0    3.0   12.0  1.710
  -118.388  35.8270   71.0    3.0   12.0  1.680
  -117.201  35.8540  -61.0    6.0   12.0  1.720
  -117.228  35.8540  -58.0    6.0   12.0  1.720
  -117.255  35.8540  -55.0    6.0   12.0  1.720
  -117.282  35.8540  -52.0    6.0   12.0  1.720
  -117.309  35.8540  -49.0    6.0   12.0  1.720
  -117.336  35.8540  -46.0    6.0   12.0  1.720
  -117.363  35.8540  -43.0    6.0   12.0  1.720
  -117.390  35.8540  -40.0    6.0   12.0  1.720
  -117.417  35.8540  -37.0    6.0   12.0  1.720
  -117.444  35.8540  -34.0    6.0   12.0  1.720
  -117.471  35.8540  -31.0    6.0   12.0  1.730
  -117.498  35.8540  -28.0    6.0   12.0  1.730
  -117.525  35.8540  -25.0    6.0   12.0  1.730
  -117.552  35.8540  -22.0    6.0   12.0  1.730
  -117.579  35.8540  -19.0    6.0   12.0  1.730
  -117.606  35.8540  -16.0    6.0   12.0  1.730
  -117.633  35.8540  -13.0    6.0   12.0  1.730
  -117.660  35.8540  -10.0    6.0   12.0  1.730
  -117.687  35.8540   -7.0    6.0   12.0  1.730
  -117.714  35.8540   -4.0    6.0   12.0  1.730
  -117.741  35.8540   -1.0    6.0   12.0  1.710
  -117.768  35.8540    2.0    6.0   12.0  1.730
  -117.795  35.8540    5.0    6.0   12.0  1.720
  -117.822  35.8540    8.0    6.0   12.0  1.720
  -117.849  35.8540   11.0    6.0   12.0  1.720
  -117.876  35.8540   14.0    6.0   12.0  1.730
  -117.903  35.8540   17.0    6.0   12.0  1.720
  -117.930  35.8540   20.0    6.0   12.0  1.720
  -117.957  35.8540   23.0    6.0   12.0  1.730
  -117.984  35.8540   26.0    6.0   12.0  1.740
  -118.011  35.8540   29.0    6.0   12.0  1.750
  -118.038  35.8540   32.0    6.0   12.0  1.750
  -118.065  35.8540   35.0    6.0   12.0  1.740
  -118.092  35.8540   38.0    6.0   12.0  1.740
  -118.119  35.8540   41.0    6.0   12.0  1.740
  -118.146  35.8540   44.0    6.0   12.0  1.760
  -118.173  35.8540   47.0    6.0   12.0  1.790
  -118.200  35.8540   50.0    6.0   12.0  1.790
  -118.227  35.8540   53.0    6.0   12.0  1.780
  -118.254  35.8540   56.0    6.0   12.0  1.770
  -118.281  35.8540   59.0    6.0   12.0  1.760
  -118.308  35.8540   62.0    6.0   12.0  1.750
  -118.335  35.8540   65.0    6.0   12.0  1.740
  -118.362  35.8540   68.0    6.0   12.0  1.710
  -118.388  35.8540   71.0    6.0   12.0  1.680
  -117.201  35.8809  -61.0    9.0   12.0  1.720
  -117.228  35.8809  -58.0    9.0   12.0  1.720
  -117.255  35.8809  -55.0    9.0   12.0  1.730
  -117.282  35.8809  -52.0    9.0   12.0  1.730
  -117.309  35.8809  -49.0    9.0   12.0  1.730
  -117.336  35.8809  -46.0    9.0   12.0  1.730
  -117.363  35.8809  -43.0    9.0   12.0  1.730
  -117.390  35.8809  -40.0    9.0   12.0  1.730
  -117.417  35.8809  -37.0    9.0   12.0  1.730
  -117.444  35.8809  -34.0    9.0   12.0  1.730
  -117.471  35.8809  -31.0    9.0   12.0  1.730
  -117.498  35.8809  -28.0    9.0   12.0  1.730
  -117.525  35.8809  -25.0    9.0   12.0  1.730
  -117.552  35.8809  -22.0    9.0   12.0  1.730
  -117.579  35.8809  -19.0    9.0   12.0  1.730
  -117.606  35.8809  -16.0    9.0   12.0  1.730
  -117.633  35.8809  -13.0    9.0   12.0  1.730
  -117.660  35.8809  -10.0    9.0   12.0  1.730
  -117.687  35.8809   -7.0    9.0   12.0  1.730
  -117.714  35.8809   -4.0    9.0   12.0  1.730
  -117.741  35.8809   -1.0    9.0   12.0  1.710
  -117.768  35.8809    2.0    9.0   12.0  1.710
  -117.795  35.8809    5.0    9.0   12.0  1.720
  -117.822  35.8809    8.0    9.0   12.0  1.730
  -117.849  35.8809   11.0    9.0   12.0  1.730
  -117.876  35.8809   14.0    9.0   12.0  1.730
  -117.903  35.8809   17.0    9.0   12.0  1.720
  -117.930  35.8809   20.0    9.0   12.0  1.730
  -117.957  35.8809   23.0    9.0   12.0  1.730
  -117.984  35.8809   26.0    9.0   12.0  1.740
  -118.011  35.8809   29.0    9.0   12.0  1.730
  -118.038  35.8809   32.0    9.0   12.0  1.740
  -118.065  35.8809   35.0    9.0   12.0  1.740
  -118.092  35.8809   38.0    9.0   12.0  1.730
  -118.119  35.8809   41.0    9.0   12.0  1.730
  -118.146  35.8809   44.0    9.0   12.0  1.740
  -118.173  35.8809   47.0    9.0   12.0  1.750
  -118.200  35.8809   50.0    9.0   12.0  1.760
  -118.227  35.8809   53.0    9.0   12.0  1.760
  -118.254  35.8809   56.0    9.0   12.0  1.760
  -118.281  35.8809   59.0    9.0   12.0  1.750
  -118.308  35.8809   62.0    9.0   12.0  1.740
  -118.335  35.8809   65.0    9.0   12.0  1.720
  -118.362  35.8809   68.0    9.0   12.0  1.710
  -118.388  35.8809   71.0    9.0   12.0  1.700
  -117.201  35.9079  -61.0   12.0   12.0  1.720
  -117.228  35.9079  -58.0   12.0   12.0  1.720
  -117.255  35.9079  -55.0   12.0   12.0  1.730
  -117.282  35.9079  -52.0   12.0   12.0  1.730
  -117.309  35.9079  -49.0   12.0   12.0  1.730
  -117.336  35.9079  -46.0   12.0   12.0  1.730
  -117.363  35.9079  -43.0   12.0   12.0  1.730
  -117.390  35.9079  -40.0   12.0   12.0  1.730
  -117.417  35.9079  -37.0   12.0   12.0  1.730
  -117.444  35.9079  -34.0   12.0   12.0  1.730
  -117.471  35.9079  -31.0   12.0   12.0  1.730
  -117.498  35.9079  -28.0   12.0   12.0  1.730
  -117.525  35.9079  -25.0   12.0   12.0  1.730
  -117.552  35.9079  -22.0   12.0   12.0  1.730
  -117.579  35.9079  -19.0   12.0   12.0  1.730
  -117.606  35.9079  -16.0   12.0   12.0  1.730
  -117.633  35.9079  -13.0   12.0   12.0  1.730
  -117.660  35.9079  -10.0   12.0   12.0  1.720
  -117.687  35.9079   -7.0   12.0   12.0  1.730
  -117.714  35.9079   -4.0   12.0   12.0  1.720
  -117.741  35.9079   -1.0   12.0   12.0  1.710
  -117.768  35.9079    2.0   12.0   12.0  1.720
  -117.795  35.9079    5.0   12.0   12.0  1.730
  -117.822  35.9079    8.0   12.0   12.0  1.730
  -117.849  35.9079   11.0   12.0   12.0  1.730
  -117.876  35.9079   14.0   12.0   12.0  1.740
  -117.903  35.9079   17.0   12.0   12.0  1.740
  -117.930  35.9079   20.0   12.0   12.0  1.740
  -117.957  35.9079   23.0   12.0   12.0  1.750
  -117.984  35.9079   26.0   12.0   12.0  1.730
  -118.011  35.9079   29.0   12.0   12.0  1.720
  -118.038  35.9079   32.0   12.0   12.0  1.720
  -118.065  35.9079   35.0   12.0   12.0  1.730
  -118.092  35.9079   38.0   12.0   12.0  1.730
  -118.119  35.9079   41.0   12.0   12.0  1.720
  -118.146  35.9079   44.0   12.0   12.0  1.720
  -118.173  35.9079   47.0   12.0   12.0  1.710
  -118.200  35.9079   50.0   12.0   12.0  1.730
  -118.227  35.9079   53.0   12.0   12.0  1.750
  -118.254  35.9079   56.0   12.0   12.0  1.750
  -118.281  35.9079   59.0   12.0   12.0  1.740
  -118.308  35.9079   62.0   12.0   12.0  1.730
  -118.335  35.9079   65.0   12.0   12.0  1.710
  -118.362  35.9079   68.0   12.0   12.0  1.710
  -118.388  35.9079   71.0   12.0   12.0  1.710
  -117.201  35.9349  -61.0   15.0   12.0  1.730
  -117.228  35.9349  -58.0   15.0   12.0  1.730
  -117.255  35.9349  -55.0   15.0   12.0  1.730
  -117.282  35.9349  -52.0   15.0   12.0  1.730
  -117.309  35.9349  -49.0   15.0   12.0  1.730
  -117.336  35.9349  -46.0   15.0   12.0  1.730
  -117.363  35.9349  -43.0   15.0   12.0  1.730
  -117.390  35.9349  -40.0   15.0   12.0  1.730
  -117.417  35.9349  -37.0   15.0   12.0  1.730
  -117.444  35.9349  -34.0   15.0   12.0  1.730
  -117.471  35.9349  -31.0   15.0   12.0  1.730
  -117.498  35.9349  -28.0   15.0   12.0  1.730
  -117.525  35.9349  -25.0   15.0   12.0  1.730
  -117.552  35.9349  -22.0   15.0   12.0  1.730
  -117.579  35.9349  -19.0   15.0   12.0  1.730
  -117.606  35.9349  -16.0   15.0   12.0  1.730
  -117.633  35.9349  -13.0   15.0   12.0  1.730
  -117.660  35.9349  -10.0   15.0   12.0  1.730
  -117.687  35.9349   -7.0   15.0   12.0  1.720
  -117.714  35.9349   -4.0   15.0   12.0  1.720
  -117.741  35.9349   -1.0   15.0   12.0  1.720
  -117.768  35.9349    2.0   15.0   12.0  1.720
  -117.795  35.9349    5.0   15.0   12.0  1.720
  -117.822  35.9349    8.0   15.0   12.0  1.730
  -117.849  35.9349   11.0   15.0   12.0  1.740
  -117.876  35.9349   14.0   15.0   12.0  1.740
  -117.903  35.9349   17.0   15.0   12.0  1.710
  -117.930  35.9349   20.0   15.0   12.0  1.710
  -117.957  35.9349   23.0   15.0   12.0  1.720
  -117.984  35.9349   26.0   15.0   12.0  1.720
  -118.011  35.9349   29.0   15.0   12.0  1.710
  -118.038  35.9349   32.0   15.0   12.0  1.720
  -118.065  35.9349   35.0   15.0   12.0  1.730
  -118.092  35.9349   38.0   15.0   12.0  1.730
  -118.119  35.9349   41.0   15.0   12.0  1.730
  -118.146  35.9349   44.0   15.0   12.0  1.730
  -118.173  35.9349   47.0   15.0   12.0  1.730
  -118.200  35.9349   50.0   15.0   12.0  1.730
  -118.227  35.9349   53.0   15.0   12.0  1.740
  -118.254  35.9349   56.0   15.0   12.0  1.740
  -118.281  35.9349   59.0   15.0   12.0  1.740
  -118.308  35.9349   62.0   15.0   12.0  1.730
  -118.335  35.9349   65.0   15.0   12.0  1.710
  -118.362  35.9349   68.0   15.0   12.0  1.710
  -118.388  35.9349   71.0   15.0   12.0  1.720
  -117.201  35.9619  -61.0   18.0   12.0  1.730
  -117.228  35.9619  -58.0   18.0   12.0  1.730
  -117.255  35.9619  -55.0   18.0   12.0  1.730
  -117.282  35.9619  -52.0   18.0   12.0  1.730
  -117.309  35.9619  -49.0   18.0   12.0  1.730
  -117.336  35.9619  -46.0   18.0   12.0  1.730
  -117.363  35.9619  -43.0   18.0   12.0  1.730
  -117.390  35.9619  -40.0   18.0   12.0  1.730
  -117.417  35.9619  -37.0   18.0   12.0  1.730
  -117.444  35.9619  -34.0   18.0   12.0  1.730
  -117.471  35.9619  -31.0   18.0   12.0  1.730
  -117.498  35.9619  -28.0   18.0   12.0  1.730
  -117.525  35.9619  -25.0   18.0   12.0  1.730
  -117.552  35.9619  -22.0   18.0   12.0  1.730
  -117.579  35.9619  -19.0   18.0   12.0  1.730
  -117.606  35.9619  -16.0   18.0   12.0  1.730
  -117.633  35.9619  -13.0   18.0   12.0  1.730
  -117.660  35.9619  -10.0   18.0   12.0  1.730
  -117.687  35.9619   -7.0   18.0   12.0  1.720
  -117.714  35.9619   -4.0   18.0   12.0  1.720
  -117.741  35.9619   -1.0   18.0   12.0  1.720
  -117.768  35.9619    2.0   18.0   12.0  1.720
  -117.795  35.9619    5.0   18.0   12.0  1.720
  -117.822  35.9619    8.0   18.0   12.0  1.720
  -117.849  35.9619   11.0   18.0   12.0  1.730
  -117.876  35.9619   14.0   18.0   12.0  1.720
  -117.903  35.9619   17.0   18.0   12.0  1.710
  -117.930  35.9619   20.0   18.0   12.0  1.700
  -117.957  35.9619   23.0   18.0   12.0  1.690
  -117.984  35.9619   26.0   18.0   12.0  1.700
  -118.011  35.9619   29.0   18.0   12.0  1.710
  -118.038  35.9619   32.0   18.0   12.0  1.720
  -118.065  35.9619   35.0   18.0   12.0  1.720
  -118.092  35.9619   38.0   18.0   12.0  1.730
  -118.119  35.9619   41.0   18.0   12.0  1.730
  -118.146  35.9619   44.0   18.0   12.0  1.730
  -118.173  35.9619   47.0   18.0   12.0  1.740
  -118.200  35.9619   50.0   18.0   12.0  1.730
  -118.227  35.9619   53.0   18.0   12.0  1.720
  -118.254  35.9619   56.0   18.0   12.0  1.730
  -118.281  35.9619   59.0   18.0   12.0  1.740
  -118.308  35.9619   62.0   18.0   12.0  1.730
  -118.335  35.9619   65.0   18.0   12.0  1.720
  -118.362  35.9619   68.0   18.0   12.0  1.720
  -118.388  35.9619   71.0   18.0   12.0  1.720
  -117.201  35.9889  -61.0   21.0   12.0  1.730
  -117.228  35.9889  -58.0   21.0   12.0  1.730
  -117.255  35.9889  -55.0   21.0   12.0  1.730
  -117.282  35.9889  -52.0   21.0   12.0  1.730
  -117.309  35.9889  -49.0   21.0   12.0  1.730
  -117.336  35.9889  -46.0   21.0   12.0  1.730
  -117.363  35.9889  -43.0   21.0   12.0  1.730
  -117.390  35.9889  -40.0   21.0   12.0  1.730
  -117.417  35.9889  -37.0   21.0   12.0  1.730
  -117.444  35.9889  -34.0   21.0   12.0  1.730
  -117.471  35.9889  -31.0   21.0   12.0  1.730
  -117.498  35.9889  -28.0   21.0   12.0  1.730
  -117.525  35.9889  -25.0   21.0   12.0  1.730
  -117.552  35.9889  -22.0   21.0   12.0  1.730
  -117.579  35.9889  -19.0   21.0   12.0  1.730
  -117.606  35.9889  -16.0   21.0   12.0  1.730
  -117.633  35.9889  -13.0   21.0   12.0  1.730
  -117.660  35.9889  -10.0   21.0   12.0  1.730
  -117.687  35.9889   -7.0   21.0   12.0  1.730
  -117.714  35.9889   -4.0   21.0   12.0  1.720
  -117.741  35.9889   -1.0   21.0   12.0  1.720
  -117.768  35.9889    2.0   21.0   12.0  1.720
  -117.795  35.9889    5.0   21.0   12.0  1.720
  -117.822  35.9889    8.0   21.0   12.0  1.720
  -117.849  35.9889   11.0   21.0   12.0  1.720
  -117.876  35.9889   14.0   21.0   12.0  1.720
  -117.903  35.9889   17.0   21.0   12.0  1.710
  -117.930  35.9889   20.0   21.0   12.0  1.710
  -117.957  35.9889   23.0   21.0   12.0  1.700
  -117.984  35.9889   26.0   21.0   12.0  1.710
  -118.011  35.9889   29.0   21.0   12.0  1.720
  -118.038  35.9889   32.0   21.0   12.0  1.720
  -118.065  35.9889   35.0   21.0   12.0  1.730
  -118.092  35.9889   38.0   21.0   12.0  1.730
  -118.119  35.9889   41.0   21.0   12.0  1.730
  -118.146  35.9889   44.0   21.0   12.0  1.730
  -118.173  35.9889   47.0   21.0   12.0  1.730
  -118.200  35.9889   50.0   21.0   12.0  1.730
  -118.227  35.9889   53.0   21.0   12.0  1.730
  -118.254  35.9889   56.0   21.0   12.0  1.740
  -118.281  35.9889   59.0   21.0   12.0  1.740
  -118.308  35.9889   62.0   21.0   12.0  1.740
  -118.335  35.9889   65.0   21.0   12.0  1.720
  -118.362  35.9889   68.0   21.0   12.0  1.720
  -118.388  35.9889   71.0   21.0   12.0  1.730
  -117.201  36.0158  -61.0   24.0   12.0  1.730
  -117.228  36.0158  -58.0   24.0   12.0  1.730
  -117.255  36.0158  -55.0   24.0   12.0  1.730
  -117.282  36.0158  -52.0   24.0   12.0  1.730
  -117.309  36.0158  -49.0   24.0   12.0  1.730
  -117.336  36.0158  -46.0   24.0   12.0  1.730
  -117.363  36.0158  -43.0   24.0   12.0  1.730
  -117.390  36.0158  -40.0   24.0   12.0  1.730
  -117.417  36.0158  -37.0   24.0   12.0  1.730
  -117.444  36.0158  -34.0   24.0   12.0  1.730
  -117.471  36.0158  -31.0   24.0   12.0  1.730
  -117.498  36.0158  -28.0   24.0   12.0  1.730
  -117.525  36.0158  -25.0   24.0   12.0  1.730
  -117.552  36.0158  -22.0   24.0   12.0  1.730
  -117.579  36.0158  -19.0   24.0   12.0  1.730
  -117.606  36.0158  -16.0   24.0   12.0  1.730
  -117.633  36.0158  -13.0   24.0   12.0  1.730
  -117.660  36.0158  -10.0   24.0   12.0  1.730
  -117.687  36.0158   -7.0   24.0   12.0  1.730
  -117.714  36.0158   -4.0   24.0   12.0  1.720
  -117.741  36.0158   -1.0   24.0   12.0  1.720
  -117.768  36.0158    2.0   24.0   12.0  1.720
  -117.795  36.0158    5.0   24.0   12.0  1.720
  -117.822  36.0158    8.0   24.0   12.0  1.720
  -117.849  36.0158   11.0   24.0   12.0  1.720
  -117.876  36.0158   14.0   24.0   12.0  1.710
  -117.903  36.0158   17.0   24.0   12.0  1.710
  -117.930  36.0158   20.0   24.0   12.0  1.710
  -117.957  36.0158   23.0   24.0   12.0  1.710
  -117.984  36.0158   26.0   24.0   12.0  1.720
  -118.011  36.0158   29.0   24.0   12.0  1.720
  -118.038  36.0158   32.0   24.0   12.0  1.730
  -118.065  36.0158   35.0   24.0   12.0  1.730
  -118.092  36.0158   38.0   24.0   12.0  1.730
  -118.119  36.0158   41.0   24.0   12.0  1.740
  -118.146  36.0158   44.0   24.0   12.0  1.730
  -118.173  36.0158   47.0   24.0   12.0  1.730
  -118.200  36.0158   50.0   24.0   12.0  1.730
  -118.227  36.0158   53.0   24.0   12.0  1.740
  -118.254  36.0158   56.0   24.0   12.0  1.740
  -118.281  36.0158   59.0   24.0   12.0  1.740
  -118.308  36.0158   62.0   24.0   12.0  1.740
  -118.335  36.0158   65.0   24.0   12.0  1.730
  -118.362  36.0158   68.0   24.0   12.0  1.730
  -118.388  36.0158   71.0   24.0   12.0  1.730
  -117.201  36.0428  -61.0   27.0   12.0  1.730
  -117.228  36.0428  -58.0   27.0   12.0  1.730
  -117.255  36.0428  -55.0   27.0   12.0  1.730
  -117.282  36.0428  -52.0   27.0   12.0  1.730
  -117.309  36.0428  -49.0   27.0   12.0  1.730
  -117.336  36.0428  -46.0   27.0   12.0  1.730
  -117.363  36.0428  -43.0   27.0   12.0  1.730
  -117.390  36.0428  -40.0   27.0   12.0  1.730
  -117.417  36.0428  -37.0   27.0   12.0  1.730
  -117.444  36.0428  -34.0   27.0   12.0  1.730
  -117.471  36.0428  -31.0   27.0   12.0  1.730
  -117.498  36.0428  -28.0   27.0   12.0  1.730
  -117.525  36.0428  -25.0   27.0   12.0  1.730
  -117.552  36.0428  -22.0   27.0   12.0  1.730
  -117.579  36.0428  -19.0   27.0   12.0  1.730
  -117.606  36.0428  -16.0   27.0   12.0  1.730
  -117.633  36.0428  -13.0   27.0   12.0  1.730
  -117.660  36.0428  -10.0   27.0   12.0  1.730
  -117.687  36.0428   -7.0   27.0   12.0  1.730
  -117.714  36.0428   -4.0   27.0   12.0  1.720
  -117.741  36.0428   -1.0   27.0   12.0  1.720
  -117.768  36.0428    2.0   27.0   12.0  1.720
  -117.795  36.0428    5.0   27.0   12.0  1.720
  -117.822  36.0428    8.0   27.0   12.0  1.720
  -117.849  36.0428   11.0   27.0   12.0  1.720
  -117.876  36.0428   14.0   27.0   12.0  1.720
  -117.903  36.0428   17.0   27.0   12.0  1.710
  -117.930  36.0428   20.0   27.0   12.0  1.710
  -117.957  36.0428   23.0   27.0   12.0  1.710
  -117.984  36.0428   26.0   27.0   12.0  1.710
  -118.011  36.0428   29.0   27.0   12.0  1.710
  -118.038  36.0428   32.0   27.0   12.0  1.720
  -118.065  36.0428   35.0   27.0   12.0  1.720
  -118.092  36.0428   38.0   27.0   12.0  1.720
  -118.119  36.0428   41.0   27.0   12.0  1.730
  -118.146  36.0428   44.0   27.0   12.0  1.730
  -118.173  36.0428   47.0   27.0   12.0  1.730
  -118.200  36.0428   50.0   27.0   12.0  1.730
  -118.227  36.0428   53.0   27.0   12.0  1.740
  -118.254  36.0428   56.0   27.0   12.0  1.740
  -118.281  36.0428   59.0   27.0   12.0  1.730
  -118.308  36.0428   62.0   27.0   12.0  1.730
  -118.335  36.0428   65.0   27.0   12.0  1.730
  -118.362  36.0428   68.0   27.0   12.0  1.730
  -118.388  36.0428   71.0   27.0   12.0  1.730
  -117.201  36.0698  -61.0   30.0   12.0  1.730
  -117.228  36.0698  -58.0   30.0   12.0  1.730
  -117.255  36.0698  -55.0   30.0   12.0  1.730
  -117.282  36.0698  -52.0   30.0   12.0  1.730
  -117.309  36.0698  -49.0   30.0   12.0  1.720
  -117.336  36.0698  -46.0   30.0   12.0  1.720
  -117.363  36.0698  -43.0   30.0   12.0  1.720
  -117.390  36.0698  -40.0   30.0   12.0  1.720
  -117.417  36.0698  -37.0   30.0   12.0  1.720
  -117.444  36.0698  -34.0   30.0   12.0  1.730
  -117.471  36.0698  -31.0   30.0   12.0  1.730
  -117.498  36.0698  -28.0   30.0   12.0  1.730
  -117.525  36.0698  -25.0   30.0   12.0  1.730
  -117.552  36.0698  -22.0   30.0   12.0  1.730
  -117.579  36.0698  -19.0   30.0   12.0  1.730
  -117.606  36.0698  -16.0   30.0   12.0  1.730
  -117.633  36.0698  -13.0   30.0   12.0  1.730
  -117.660  36.0698  -10.0   30.0   12.0  1.730
  -117.687  36.0698   -7.0   30.0   12.0  1.730
  -117.714  36.0698   -4.0   30.0   12.0  1.730
  -117.741  36.0698   -1.0   30.0   12.0  1.720
  -117.768  36.0698    2.0   30.0   12.0  1.720
  -117.795  36.0698    5.0   30.0   12.0  1.720
  -117.822  36.0698    8.0   30.0   12.0  1.720
  -117.849  36.0698   11.0   30.0   12.0  1.720
  -117.876  36.0698   14.0   30.0   12.0  1.720
  -117.903  36.0698   17.0   30.0   12.0  1.720
  -117.930  36.0698   20.0   30.0   12.0  1.720
  -117.957  36.0698   23.0   30.0   12.0  1.710
  -117.984  36.0698   26.0   30.0   12.0  1.700
  -118.011  36.0698   29.0   30.0   12.0  1.710
  -118.038  36.0698   32.0   30.0   12.0  1.710
  -118.065  36.0698   35.0   30.0   12.0  1.710
  -118.092  36.0698   38.0   30.0   12.0  1.710
  -118.119  36.0698   41.0   30.0   12.0  1.720
  -118.146  36.0698   44.0   30.0   12.0  1.720
  -118.173  36.0698   47.0   30.0   12.0  1.730
  -118.200  36.0698   50.0   30.0   12.0  1.730
  -118.227  36.0698   53.0   30.0   12.0  1.730
  -118.254  36.0698   56.0   30.0   12.0  1.730
  -118.281  36.0698   59.0   30.0   12.0  1.720
  -118.308  36.0698   62.0   30.0   12.0  1.720
  -118.335  36.0698   65.0   30.0   12.0  1.730
  -118.362  36.0698   68.0   30.0   12.0  1.730
  -118.388  36.0698   71.0   30.0   12.0  1.730
  -117.201  36.0968  -61.0   33.0   12.0  1.730
  -117.228  36.0968  -58.0   33.0   12.0  1.730
  -117.255  36.0968  -55.0   33.0   12.0  1.730
  -117.282  36.0968  -52.0   33.0   12.0  1.730
  -117.309  36.0968  -49.0   33.0   12.0  1.730
  -117.336  36.0968  -46.0   33.0   12.0  1.730
  -117.363  36.0968  -43.0   33.0   12.0  1.730
  -117.390  36.0968  -40.0   33.0   12.0  1.730
  -117.417  36.0968  -37.0   33.0   12.0  1.730
  -117.444  36.0968  -34.0   33.0   12.0  1.730
  -117.471  36.0968  -31.0   33.0   12.0  1.730
  -117.498  36.0968  -28.0   33.0   12.0  1.730
  -117.525  36.0968  -25.0   33.0   12.0  1.760
  -117.552  36.0968  -22.0   33.0   12.0  1.730
  -117.579  36.0968  -19.0   33.0   12.0  1.730
  -117.606  36.0968  -16.0   33.0   12.0  1.730
  -117.633  36.0968  -13.0   33.0   12.0  1.730
  -117.660  36.0968  -10.0   33.0   12.0  1.730
  -117.687  36.0968   -7.0   33.0   12.0  1.730
  -117.714  36.0968   -4.0   33.0   12.0  1.730
  -117.741  36.0968   -1.0   33.0   12.0  1.720
  -117.768  36.0968    2.0   33.0   12.0  1.720
  -117.795  36.0968    5.0   33.0   12.0  1.720
  -117.822  36.0968    8.0   33.0   12.0  1.720
  -117.849  36.0968   11.0   33.0   12.0  1.720
  -117.876  36.0968   14.0   33.0   12.0  1.720
  -117.903  36.0968   17.0   33.0   12.0  1.720
  -117.930  36.0968   20.0   33.0   12.0  1.720
  -117.957  36.0968   23.0   33.0   12.0  1.710
  -117.984  36.0968   26.0   33.0   12.0  1.710
  -118.011  36.0968   29.0   33.0   12.0  1.710
  -118.038  36.0968   32.0   33.0   12.0  1.710
  -118.065  36.0968   35.0   33.0   12.0  1.720
  -118.092  36.0968   38.0   33.0   12.0  1.720
  -118.119  36.0968   41.0   33.0   12.0  1.730
  -118.146  36.0968   44.0   33.0   12.0  1.730
  -118.173  36.0968   47.0   33.0   12.0  1.730
  -118.200  36.0968   50.0   33.0   12.0  1.730
  -118.227  36.0968   53.0   33.0   12.0  1.730
  -118.254  36.0968   56.0   33.0   12.0  1.730
  -118.281  36.0968   59.0   33.0   12.0  1.720
  -118.308  36.0968   62.0   33.0   12.0  1.720
  -118.335  36.0968   65.0   33.0   12.0  1.730
  -118.362  36.0968   68.0   33.0   12.0  1.730
  -118.388  36.0968   71.0   33.0   12.0  1.730
  -117.201  36.1238  -61.0   36.0   12.0  1.730
  -117.228  36.1238  -58.0   36.0   12.0  1.720
  -117.255  36.1238  -55.0   36.0   12.0  1.720
  -117.282  36.1238  -52.0   36.0   12.0  1.720
  -117.309  36.1238  -49.0   36.0   12.0  1.730
  -117.336  36.1238  -46.0   36.0   12.0  1.730
  -117.363  36.1238  -43.0   36.0   12.0  1.730
  -117.390  36.1238  -40.0   36.0   12.0  1.730
  -117.417  36.1238  -37.0   36.0   12.0  1.730
  -117.444  36.1238  -34.0   36.0   12.0  1.730
  -117.471  36.1238  -31.0   36.0   12.0  1.730
  -117.498  36.1238  -28.0   36.0   12.0  1.730
  -117.525  36.1238  -25.0   36.0   12.0  1.730
  -117.552  36.1238  -22.0   36.0   12.0  1.730
  -117.579  36.1238  -19.0   36.0   12.0  1.730
  -117.606  36.1238  -16.0   36.0   12.0  1.730
  -117.633  36.1238  -13.0   36.0   12.0  1.730
  -117.660  36.1238  -10.0   36.0   12.0  1.730
  -117.687  36.1238   -7.0   36.0   12.0  1.730
  -117.714  36.1238   -4.0   36.0   12.0  1.730
  -117.741  36.1238   -1.0   36.0   12.0  1.730
  -117.768  36.1238    2.0   36.0   12.0  1.720
  -117.795  36.1238    5.0   36.0   12.0  1.720
  -117.822  36.1238    8.0   36.0   12.0  1.720
  -117.849  36.1238   11.0   36.0   12.0  1.720
  -117.876  36.1238   14.0   36.0   12.0  1.720
  -117.903  36.1238   17.0   36.0   12.0  1.720
  -117.930  36.1238   20.0   36.0   12.0  1.720
  -117.957  36.1238   23.0   36.0   12.0  1.720
  -117.984  36.1238   26.0   36.0   12.0  1.720
  -118.011  36.1238   29.0   36.0   12.0  1.720
  -118.038  36.1238   32.0   36.0   12.0  1.720
  -118.065  36.1238   35.0   36.0   12.0  1.730
  -118.092  36.1238   38.0   36.0   12.0  1.730
  -118.119  36.1238   41.0   36.0   12.0  1.730
  -118.146  36.1238   44.0   36.0   12.0  1.730
  -118.173  36.1238   47.0   36.0   12.0  1.730
  -118.200  36.1238   50.0   36.0   12.0  1.730
  -118.227  36.1238   53.0   36.0   12.0  1.730
  -118.254  36.1238   56.0   36.0   12.0  1.730
  -118.281  36.1238   59.0   36.0   12.0  1.730
  -118.308  36.1238   62.0   36.0   12.0  1.730
  -118.335  36.1238   65.0   36.0   12.0  1.730
  -118.362  36.1238   68.0   36.0   12.0  1.730
  -118.388  36.1238   71.0   36.0   12.0  1.730
  -117.201  36.1507  -61.0   39.0   12.0  1.720
  -117.228  36.1507  -58.0   39.0   12.0  1.720
  -117.255  36.1507  -55.0   39.0   12.0  1.730
  -117.282  36.1507  -52.0   39.0   12.0  1.730
  -117.309  36.1507  -49.0   39.0   12.0  1.730
  -117.336  36.1507  -46.0   39.0   12.0  1.730
  -117.363  36.1507  -43.0   39.0   12.0  1.730
  -117.390  36.1507  -40.0   39.0   12.0  1.730
  -117.417  36.1507  -37.0   39.0   12.0  1.730
  -117.444  36.1507  -34.0   39.0   12.0  1.730
  -117.471  36.1507  -31.0   39.0   12.0  1.730
  -117.498  36.1507  -28.0   39.0   12.0  1.730
  -117.525  36.1507  -25.0   39.0   12.0  1.730
  -117.552  36.1507  -22.0   39.0   12.0  1.730
  -117.579  36.1507  -19.0   39.0   12.0  1.730
  -117.606  36.1507  -16.0   39.0   12.0  1.730
  -117.633  36.1507  -13.0   39.0   12.0  1.730
  -117.660  36.1507  -10.0   39.0   12.0  1.730
  -117.687  36.1507   -7.0   39.0   12.0  1.730
  -117.714  36.1507   -4.0   39.0   12.0  1.730
  -117.741  36.1507   -1.0   39.0   12.0  1.730
  -117.768  36.1507    2.0   39.0   12.0  1.730
  -117.795  36.1507    5.0   39.0   12.0  1.720
  -117.822  36.1507    8.0   39.0   12.0  1.720
  -117.849  36.1507   11.0   39.0   12.0  1.720
  -117.876  36.1507   14.0   39.0   12.0  1.720
  -117.903  36.1507   17.0   39.0   12.0  1.720
  -117.930  36.1507   20.0   39.0   12.0  1.720
  -117.957  36.1507   23.0   39.0   12.0  1.720
  -117.984  36.1507   26.0   39.0   12.0  1.720
  -118.011  36.1507   29.0   39.0   12.0  1.720
  -118.038  36.1507   32.0   39.0   12.0  1.720
  -118.065  36.1507   35.0   39.0   12.0  1.720
  -118.092  36.1507   38.0   39.0   12.0  1.730
  -118.119  36.1507   41.0   39.0   12.0  1.730
  -118.146  36.1507   44.0   39.0   12.0  1.730
  -118.173  36.1507   47.0   39.0   12.0  1.730
  -118.200  36.1507   50.0   39.0   12.0  1.730
  -118.227  36.1507   53.0   39.0   12.0  1.730
  -118.254  36.1507   56.0   39.0   12.0  1.730
  -118.281  36.1507   59.0   39.0   12.0  1.730
  -118.308  36.1507   62.0   39.0   12.0  1.730
  -118.335  36.1507   65.0   39.0   12.0  1.730
  -118.362  36.1507   68.0   39.0   12.0  1.730
  -118.388  36.1507   71.0   39.0   12.0  1.730
  -117.201  36.1777  -61.0   42.0   12.0  1.720
  -117.228  36.1777  -58.0   42.0   12.0  1.720
  -117.255  36.1777  -55.0   42.0   12.0  1.730
  -117.282  36.1777  -52.0   42.0   12.0  1.730
  -117.309  36.1777  -49.0   42.0   12.0  1.740
  -117.336  36.1777  -46.0   42.0   12.0  1.740
  -117.363  36.1777  -43.0   42.0   12.0  1.740
  -117.390  36.1777  -40.0   42.0   12.0  1.730
  -117.417  36.1777  -37.0   42.0   12.0  1.730
  -117.444  36.1777  -34.0   42.0   12.0  1.730
  -117.471  36.1777  -31.0   42.0   12.0  1.730
  -117.498  36.1777  -28.0   42.0   12.0  1.730
  -117.525  36.1777  -25.0   42.0   12.0  1.730
  -117.552  36.1777  -22.0   42.0   12.0  1.730
  -117.579  36.1777  -19.0   42.0   12.0  1.730
  -117.606  36.1777  -16.0   42.0   12.0  1.730
  -117.633  36.1777  -13.0   42.0   12.0  1.730
  -117.660  36.1777  -10.0   42.0   12.0  1.730
  -117.687  36.1777   -7.0   42.0   12.0  1.730
  -117.714  36.1777   -4.0   42.0   12.0  1.730
  -117.741  36.1777   -1.0   42.0   12.0  1.730
  -117.768  36.1777    2.0   42.0   12.0  1.730
  -117.795  36.1777    5.0   42.0   12.0  1.730
  -117.822  36.1777    8.0   42.0   12.0  1.720
  -117.849  36.1777   11.0   42.0   12.0  1.720
  -117.876  36.1777   14.0   42.0   12.0  1.720
  -117.903  36.1777   17.0   42.0   12.0  1.720
  -117.930  36.1777   20.0   42.0   12.0  1.720
  -117.957  36.1777   23.0   42.0   12.0  1.720
  -117.984  36.1777   26.0   42.0   12.0  1.720
  -118.011  36.1777   29.0   42.0   12.0  1.720
  -118.038  36.1777   32.0   42.0   12.0  1.720
  -118.065  36.1777   35.0   42.0   12.0  1.720
  -118.092  36.1777   38.0   42.0   12.0  1.720
  -118.119  36.1777   41.0   42.0   12.0  1.730
  -118.146  36.1777   44.0   42.0   12.0  1.730
  -118.173  36.1777   47.0   42.0   12.0  1.730
  -118.200  36.1777   50.0   42.0   12.0  1.730
  -118.227  36.1777   53.0   42.0   12.0  1.730
  -118.254  36.1777   56.0   42.0   12.0  1.730
  -118.281  36.1777   59.0   42.0   12.0  1.730
  -118.308  36.1777   62.0   42.0   12.0  1.730
  -118.335  36.1777   65.0   42.0   12.0  1.730
  -118.362  36.1777   68.0   42.0   12.0  1.730
  -118.388  36.1777   71.0   42.0   12.0  1.730
  -117.201  36.2047  -61.0   45.0   12.0  1.730
  -117.228  36.2047  -58.0   45.0   12.0  1.730
  -117.255  36.2047  -55.0   45.0   12.0  1.730
  -117.282  36.2047  -52.0   45.0   12.0  1.730
  -117.309  36.2047  -49.0   45.0   12.0  1.730
  -117.336  36.2047  -46.0   45.0   12.0  1.730
  -117.363  36.2047  -43.0   45.0   12.0  1.730
  -117.390  36.2047  -40.0   45.0   12.0  1.730
  -117.417  36.2047  -37.0   45.0   12.0  1.730
  -117.444  36.2047  -34.0   45.0   12.0  1.730
  -117.471  36.2047  -31.0   45.0   12.0  1.730
  -117.498  36.2047  -28.0   45.0   12.0  1.730
  -117.525  36.2047  -25.0   45.0   12.0  1.730
  -117.552  36.2047  -22.0   45.0   12.0  1.730
  -117.579  36.2047  -19.0   45.0   12.0  1.730
  -117.606  36.2047  -16.0   45.0   12.0  1.730
  -117.633  36.2047  -13.0   45.0   12.0  1.730
  -117.660  36.2047  -10.0   45.0   12.0  1.730
  -117.687  36.2047   -7.0   45.0   12.0  1.730
  -117.714  36.2047   -4.0   45.0   12.0  1.730
  -117.741  36.2047   -1.0   45.0   12.0  1.730
  -117.768  36.2047    2.0   45.0   12.0  1.730
  -117.795  36.2047    5.0   45.0   12.0  1.730
  -117.822  36.2047    8.0   45.0   12.0  1.730
  -117.849  36.2047   11.0   45.0   12.0  1.720
  -117.876  36.2047   14.0   45.0   12.0  1.720
  -117.903  36.2047   17.0   45.0   12.0  1.720
  -117.930  36.2047   20.0   45.0   12.0  1.720
  -117.957  36.2047   23.0   45.0   12.0  1.720
  -117.984  36.2047   26.0   45.0   12.0  1.720
  -118.011  36.2047   29.0   45.0   12.0  1.720
  -118.038  36.2047   32.0   45.0   12.0  1.720
  -118.065  36.2047   35.0   45.0   12.0  1.720
  -118.092  36.2047   38.0   45.0   12.0  1.730
  -118.119  36.2047   41.0   45.0   12.0  1.740
  -118.146  36.2047   44.0   45.0   12.0  1.740
  -118.173  36.2047   47.0   45.0   12.0  1.730
  -118.200  36.2047   50.0   45.0   12.0  1.730
  -118.227  36.2047   53.0   45.0   12.0  1.730
  -118.254  36.2047   56.0   45.0   12.0  1.730
  -118.281  36.2047   59.0   45.0   12.0  1.720
  -118.308  36.2047   62.0   45.0   12.0  1.720
  -118.335  36.2047   65.0   45.0   12.0  1.710
  -118.362  36.2047   68.0   45.0   12.0  1.710
  -118.388  36.2047   71.0   45.0   12.0  1.720
  -117.201  36.2317  -61.0   48.0   12.0  1.730
  -117.228  36.2317  -58.0   48.0   12.0  1.730
  -117.255  36.2317  -55.0   48.0   12.0  1.730
  -117.282  36.2317  -52.0   48.0   12.0  1.730
  -117.309  36.2317  -49.0   48.0   12.0  1.730
  -117.336  36.2317  -46.0   48.0   12.0  1.730
  -117.363  36.2317  -43.0   48.0   12.0  1.730
  -117.390  36.2317  -40.0   48.0   12.0  1.720
  -117.417  36.2317  -37.0   48.0   12.0  1.720
  -117.444  36.2317  -34.0   48.0   12.0  1.730
  -117.471  36.2317  -31.0   48.0   12.0  1.730
  -117.498  36.2317  -28.0   48.0   12.0  1.730
  -117.525  36.2317  -25.0   48.0   12.0  1.730
  -117.552  36.2317  -22.0   48.0   12.0  1.730
  -117.579  36.2317  -19.0   48.0   12.0  1.730
  -117.606  36.2317  -16.0   48.0   12.0  1.730
  -117.633  36.2317  -13.0   48.0   12.0  1.720
  -117.660  36.2317  -10.0   48.0   12.0  1.730
  -117.687  36.2317   -7.0   48.0   12.0  1.730
  -117.714  36.2317   -4.0   48.0   12.0  1.730
  -117.741  36.2317   -1.0   48.0   12.0  1.730
  -117.768  36.2317    2.0   48.0   12.0  1.730
  -117.795  36.2317    5.0   48.0   12.0  1.730
  -117.822  36.2317    8.0   48.0   12.0  1.730
  -117.849  36.2317   11.0   48.0   12.0  1.720
  -117.876  36.2317   14.0   48.0   12.0  1.720
  -117.903  36.2317   17.0   48.0   12.0  1.720
  -117.930  36.2317   20.0   48.0   12.0  1.720
  -117.957  36.2317   23.0   48.0   12.0  1.720
  -117.984  36.2317   26.0   48.0   12.0  1.720
  -118.011  36.2317   29.0   48.0   12.0  1.720
  -118.038  36.2317   32.0   48.0   12.0  1.730
  -118.065  36.2317   35.0   48.0   12.0  1.730
  -118.092  36.2317   38.0   48.0   12.0  1.730
  -118.119  36.2317   41.0   48.0   12.0  1.740
  -118.146  36.2317   44.0   48.0   12.0  1.740
  -118.173  36.2317   47.0   48.0   12.0  1.730
  -118.200  36.2317   50.0   48.0   12.0  1.730
  -118.227  36.2317   53.0   48.0   12.0  1.730
  -118.254  36.2317   56.0   48.0   12.0  1.730
  -118.281  36.2317   59.0   48.0   12.0  1.720
  -118.308  36.2317   62.0   48.0   12.0  1.710
  -118.335  36.2317   65.0   48.0   12.0  1.690
  -118.362  36.2317   68.0   48.0   12.0  1.690
  -118.388  36.2317   71.0   48.0   12.0  1.710
  -117.201  36.2587  -61.0   51.0   12.0  1.720
  -117.228  36.2587  -58.0   51.0   12.0  1.720
  -117.255  36.2587  -55.0   51.0   12.0  1.720
  -117.282  36.2587  -52.0   51.0   12.0  1.730
  -117.309  36.2587  -49.0   51.0   12.0  1.730
  -117.336  36.2587  -46.0   51.0   12.0  1.730
  -117.363  36.2587  -43.0   51.0   12.0  1.730
  -117.390  36.2587  -40.0   51.0   12.0  1.730
  -117.417  36.2587  -37.0   51.0   12.0  1.720
  -117.444  36.2587  -34.0   51.0   12.0  1.720
  -117.471  36.2587  -31.0   51.0   12.0  1.730
  -117.498  36.2587  -28.0   51.0   12.0  1.730
  -117.525  36.2587  -25.0   51.0   12.0  1.730
  -117.552  36.2587  -22.0   51.0   12.0  1.730
  -117.579  36.2587  -19.0   51.0   12.0  1.730
  -117.606  36.2587  -16.0   51.0   12.0  1.730
  -117.633  36.2587  -13.0   51.0   12.0  1.730
  -117.660  36.2587  -10.0   51.0   12.0  1.730
  -117.687  36.2587   -7.0   51.0   12.0  1.730
  -117.714  36.2587   -4.0   51.0   12.0  1.730
  -117.741  36.2587   -1.0   51.0   12.0  1.730
  -117.768  36.2587    2.0   51.0   12.0  1.730
  -117.795  36.2587    5.0   51.0   12.0  1.730
  -117.822  36.2587    8.0   51.0   12.0  1.730
  -117.849  36.2587   11.0   51.0   12.0  1.720
  -117.876  36.2587   14.0   51.0   12.0  1.720
  -117.903  36.2587   17.0   51.0   12.0  1.720
  -117.930  36.2587   20.0   51.0   12.0  1.720
  -117.957  36.2587   23.0   51.0   12.0  1.720
  -117.984  36.2587   26.0   51.0   12.0  1.720
  -118.011  36.2587   29.0   51.0   12.0  1.720
  -118.038  36.2587   32.0   51.0   12.0  1.720
  -118.065  36.2587   35.0   51.0   12.0  1.720
  -118.092  36.2587   38.0   51.0   12.0  1.730
  -118.119  36.2587   41.0   51.0   12.0  1.740
  -118.146  36.2587   44.0   51.0   12.0  1.740
  -118.173  36.2587   47.0   51.0   12.0  1.730
  -118.200  36.2587   50.0   51.0   12.0  1.730
  -118.227  36.2587   53.0   51.0   12.0  1.730
  -118.254  36.2587   56.0   51.0   12.0  1.720
  -118.281  36.2587   59.0   51.0   12.0  1.730
  -118.308  36.2587   62.0   51.0   12.0  1.720
  -118.335  36.2587   65.0   51.0   12.0  1.700
  -118.362  36.2587   68.0   51.0   12.0  1.710
  -118.388  36.2587   71.0   51.0   12.0  1.720
  -117.201  36.2856  -61.0   54.0   12.0  1.710
  -117.228  36.2856  -58.0   54.0   12.0  1.720
  -117.255  36.2856  -55.0   54.0   12.0  1.720
  -117.282  36.2856  -52.0   54.0   12.0  1.720
  -117.309  36.2856  -49.0   54.0   12.0  1.730
  -117.336  36.2856  -46.0   54.0   12.0  1.730
  -117.363  36.2856  -43.0   54.0   12.0  1.730
  -117.390  36.2856  -40.0   54.0   12.0  1.730
  -117.417  36.2856  -37.0   54.0   12.0  1.720
  -117.444  36.2856  -34.0   54.0   12.0  1.720
  -117.471  36.2856  -31.0   54.0   12.0  1.730
  -117.498  36.2856  -28.0   54.0   12.0  1.730
  -117.525  36.2856  -25.0   54.0   12.0  1.730
  -117.552  36.2856  -22.0   54.0   12.0  1.730
  -117.579  36.2856  -19.0   54.0   12.0  1.730
  -117.606  36.2856  -16.0   54.0   12.0  1.730
  -117.633  36.2856  -13.0   54.0   12.0  1.730
  -117.660  36.2856  -10.0   54.0   12.0  1.730
  -117.687  36.2856   -7.0   54.0   12.0  1.720
  -117.714  36.2856   -4.0   54.0   12.0  1.730
  -117.741  36.2856   -1.0   54.0   12.0  1.730
  -117.768  36.2856    2.0   54.0   12.0  1.730
  -117.795  36.2856    5.0   54.0   12.0  1.730
  -117.822  36.2856    8.0   54.0   12.0  1.730
  -117.849  36.2856   11.0   54.0   12.0  1.720
  -117.876  36.2856   14.0   54.0   12.0  1.720
  -117.903  36.2856   17.0   54.0   12.0  1.720
  -117.930  36.2856   20.0   54.0   12.0  1.720
  -117.957  36.2856   23.0   54.0   12.0  1.720
  -117.984  36.2856   26.0   54.0   12.0  1.720
  -118.011  36.2856   29.0   54.0   12.0  1.710
  -118.038  36.2856   32.0   54.0   12.0  1.710
  -118.065  36.2856   35.0   54.0   12.0  1.720
  -118.092  36.2856   38.0   54.0   12.0  1.730
  -118.119  36.2856   41.0   54.0   12.0  1.740
  -118.146  36.2856   44.0   54.0   12.0  1.740
  -118.173  36.2856   47.0   54.0   12.0  1.740
  -118.200  36.2856   50.0   54.0   12.0  1.730
  -118.227  36.2856   53.0   54.0   12.0  1.720
  -118.254  36.2856   56.0   54.0   12.0  1.720
  -118.281  36.2856   59.0   54.0   12.0  1.730
  -118.308  36.2856   62.0   54.0   12.0  1.730
  -118.335  36.2856   65.0   54.0   12.0  1.720
  -118.362  36.2856   68.0   54.0   12.0  1.720
  -118.388  36.2856   71.0   54.0   12.0  1.730
  -117.201  36.3126  -61.0   57.0   12.0  1.720
  -117.228  36.3126  -58.0   57.0   12.0  1.720
  -117.255  36.3126  -55.0   57.0   12.0  1.720
  -117.282  36.3126  -52.0   57.0   12.0  1.730
  -117.309  36.3126  -49.0   57.0   12.0  1.730
  -117.336  36.3126  -46.0   57.0   12.0  1.730
  -117.363  36.3126  -43.0   57.0   12.0  1.730
  -117.390  36.3126  -40.0   57.0   12.0  1.730
  -117.417  36.3126  -37.0   57.0   12.0  1.720
  -117.444  36.3126  -34.0   57.0   12.0  1.720
  -117.471  36.3126  -31.0   57.0   12.0  1.730
  -117.498  36.3126  -28.0   57.0   12.0  1.730
  -117.525  36.3126  -25.0   57.0   12.0  1.730
  -117.552  36.3126  -22.0   57.0   12.0  1.730
  -117.579  36.3126  -19.0   57.0   12.0  1.730
  -117.606  36.3126  -16.0   57.0   12.0  1.730
  -117.633  36.3126  -13.0   57.0   12.0  1.730
  -117.660  36.3126  -10.0   57.0   12.0  1.730
  -117.687  36.3126   -7.0   57.0   12.0  1.720
  -117.714  36.3126   -4.0   57.0   12.0  1.720
  -117.741  36.3126   -1.0   57.0   12.0  1.720
  -117.768  36.3126    2.0   57.0   12.0  1.720
  -117.795  36.3126    5.0   57.0   12.0  1.730
  -117.822  36.3126    8.0   57.0   12.0  1.730
  -117.849  36.3126   11.0   57.0   12.0  1.720
  -117.876  36.3126   14.0   57.0   12.0  1.720
  -117.903  36.3126   17.0   57.0   12.0  1.720
  -117.930  36.3126   20.0   57.0   12.0  1.720
  -117.957  36.3126   23.0   57.0   12.0  1.720
  -117.984  36.3126   26.0   57.0   12.0  1.720
  -118.011  36.3126   29.0   57.0   12.0  1.720
  -118.038  36.3126   32.0   57.0   12.0  1.710
  -118.065  36.3126   35.0   57.0   12.0  1.710
  -118.092  36.3126   38.0   57.0   12.0  1.720
  -118.119  36.3126   41.0   57.0   12.0  1.730
  -118.146  36.3126   44.0   57.0   12.0  1.740
  -118.173  36.3126   47.0   57.0   12.0  1.740
  -118.200  36.3126   50.0   57.0   12.0  1.730
  -118.227  36.3126   53.0   57.0   12.0  1.730
  -118.254  36.3126   56.0   57.0   12.0  1.730
  -118.281  36.3126   59.0   57.0   12.0  1.730
  -118.308  36.3126   62.0   57.0   12.0  1.730
  -118.335  36.3126   65.0   57.0   12.0  1.730
  -118.362  36.3126   68.0   57.0   12.0  1.730
  -118.388  36.3126   71.0   57.0   12.0  1.730
  -117.201  36.3396  -61.0   60.0   12.0  1.720
  -117.228  36.3396  -58.0   60.0   12.0  1.720
  -117.255  36.3396  -55.0   60.0   12.0  1.730
  -117.282  36.3396  -52.0   60.0   12.0  1.730
  -117.309  36.3396  -49.0   60.0   12.0  1.730
  -117.336  36.3396  -46.0   60.0   12.0  1.730
  -117.363  36.3396  -43.0   60.0   12.0  1.730
  -117.390  36.3396  -40.0   60.0   12.0  1.730
  -117.417  36.3396  -37.0   60.0   12.0  1.720
  -117.444  36.3396  -34.0   60.0   12.0  1.720
  -117.471  36.3396  -31.0   60.0   12.0  1.730
  -117.498  36.3396  -28.0   60.0   12.0  1.730
  -117.525  36.3396  -25.0   60.0   12.0  1.730
  -117.552  36.3396  -22.0   60.0   12.0  1.730
  -117.579  36.3396  -19.0   60.0   12.0  1.730
  -117.606  36.3396  -16.0   60.0   12.0  1.730
  -117.633  36.3396  -13.0   60.0   12.0  1.730
  -117.660  36.3396  -10.0   60.0   12.0  1.730
  -117.687  36.3396   -7.0   60.0   12.0  1.720
  -117.714  36.3396   -4.0   60.0   12.0  1.720
  -117.741  36.3396   -1.0   60.0   12.0  1.710
  -117.768  36.3396    2.0   60.0   12.0  1.720
  -117.795  36.3396    5.0   60.0   12.0  1.730
  -117.822  36.3396    8.0   60.0   12.0  1.730
  -117.849  36.3396   11.0   60.0   12.0  1.720
  -117.876  36.3396   14.0   60.0   12.0  1.720
  -117.903  36.3396   17.0   60.0   12.0  1.720
  -117.930  36.3396   20.0   60.0   12.0  1.720
  -117.957  36.3396   23.0   60.0   12.0  1.720
  -117.984  36.3396   26.0   60.0   12.0  1.720
  -118.011  36.3396   29.0   60.0   12.0  1.720
  -118.038  36.3396   32.0   60.0   12.0  1.710
  -118.065  36.3396   35.0   60.0   12.0  1.700
  -118.092  36.3396   38.0   60.0   12.0  1.700
  -118.119  36.3396   41.0   60.0   12.0  1.720
  -118.146  36.3396   44.0   60.0   12.0  1.730
  -118.173  36.3396   47.0   60.0   12.0  1.740
  -118.200  36.3396   50.0   60.0   12.0  1.740
  -118.227  36.3396   53.0   60.0   12.0  1.730
  -118.254  36.3396   56.0   60.0   12.0  1.730
  -118.281  36.3396   59.0   60.0   12.0  1.740
  -118.308  36.3396   62.0   60.0   12.0  1.740
  -118.335  36.3396   65.0   60.0   12.0  1.740
  -118.362  36.3396   68.0   60.0   12.0  1.730
  -118.388  36.3396   71.0   60.0   12.0  1.730
  -117.201  36.3666  -61.0   63.0   12.0  1.730
  -117.228  36.3666  -58.0   63.0   12.0  1.730
  -117.255  36.3666  -55.0   63.0   12.0  1.730
  -117.282  36.3666  -52.0   63.0   12.0  1.730
  -117.309  36.3666  -49.0   63.0   12.0  1.730
  -117.336  36.3666  -46.0   63.0   12.0  1.730
  -117.363  36.3666  -43.0   63.0   12.0  1.730
  -117.390  36.3666  -40.0   63.0   12.0  1.730
  -117.417  36.3666  -37.0   63.0   12.0  1.720
  -117.444  36.3666  -34.0   63.0   12.0  1.730
  -117.471  36.3666  -31.0   63.0   12.0  1.730
  -117.498  36.3666  -28.0   63.0   12.0  1.730
  -117.525  36.3666  -25.0   63.0   12.0  1.730
  -117.552  36.3666  -22.0   63.0   12.0  1.730
  -117.579  36.3666  -19.0   63.0   12.0  1.730
  -117.606  36.3666  -16.0   63.0   12.0  1.730
  -117.633  36.3666  -13.0   63.0   12.0  1.730
  -117.660  36.3666  -10.0   63.0   12.0  1.730
  -117.687  36.3666   -7.0   63.0   12.0  1.720
  -117.714  36.3666   -4.0   63.0   12.0  1.720
  -117.741  36.3666   -1.0   63.0   12.0  1.710
  -117.768  36.3666    2.0   63.0   12.0  1.710
  -117.795  36.3666    5.0   63.0   12.0  1.730
  -117.822  36.3666    8.0   63.0   12.0  1.730
  -117.849  36.3666   11.0   63.0   12.0  1.720
  -117.876  36.3666   14.0   63.0   12.0  1.720
  -117.903  36.3666   17.0   63.0   12.0  1.720
  -117.930  36.3666   20.0   63.0   12.0  1.710
  -117.957  36.3666   23.0   63.0   12.0  1.710
  -117.984  36.3666   26.0   63.0   12.0  1.710
  -118.011  36.3666   29.0   63.0   12.0  1.720
  -118.038  36.3666   32.0   63.0   12.0  1.720
  -118.065  36.3666   35.0   63.0   12.0  1.710
  -118.092  36.3666   38.0   63.0   12.0  1.710
  -118.119  36.3666   41.0   63.0   12.0  1.710
  -118.146  36.3666   44.0   63.0   12.0  1.720
  -118.173  36.3666   47.0   63.0   12.0  1.740
  -118.200  36.3666   50.0   63.0   12.0  1.740
  -118.227  36.3666   53.0   63.0   12.0  1.730
  -118.254  36.3666   56.0   63.0   12.0  1.730
  -118.281  36.3666   59.0   63.0   12.0  1.730
  -118.308  36.3666   62.0   63.0   12.0  1.730
  -118.335  36.3666   65.0   63.0   12.0  1.730
  -118.362  36.3666   68.0   63.0   12.0  1.730
  -118.388  36.3666   71.0   63.0   12.0  1.730
  -117.201  36.3936  -61.0   66.0   12.0  1.730
  -117.228  36.3936  -58.0   66.0   12.0  1.730
  -117.255  36.3936  -55.0   66.0   12.0  1.730
  -117.282  36.3936  -52.0   66.0   12.0  1.730
  -117.309  36.3936  -49.0   66.0   12.0  1.730
  -117.336  36.3936  -46.0   66.0   12.0  1.730
  -117.363  36.3936  -43.0   66.0   12.0  1.730
  -117.390  36.3936  -40.0   66.0   12.0  1.730
  -117.417  36.3936  -37.0   66.0   12.0  1.730
  -117.444  36.3936  -34.0   66.0   12.0  1.730
  -117.471  36.3936  -31.0   66.0   12.0  1.730
  -117.498  36.3936  -28.0   66.0   12.0  1.730
  -117.525  36.3936  -25.0   66.0   12.0  1.730
  -117.552  36.3936  -22.0   66.0   12.0  1.730
  -117.579  36.3936  -19.0   66.0   12.0  1.730
  -117.606  36.3936  -16.0   66.0   12.0  1.730
  -117.633  36.3936  -13.0   66.0   12.0  1.730
  -117.660  36.3936  -10.0   66.0   12.0  1.730
  -117.687  36.3936   -7.0   66.0   12.0  1.720
  -117.714  36.3936   -4.0   66.0   12.0  1.720
  -117.741  36.3936   -1.0   66.0   12.0  1.710
  -117.768  36.3936    2.0   66.0   12.0  1.710
  -117.795  36.3936    5.0   66.0   12.0  1.720
  -117.822  36.3936    8.0   66.0   12.0  1.730
  -117.849  36.3936   11.0   66.0   12.0  1.720
  -117.876  36.3936   14.0   66.0   12.0  1.720
  -117.903  36.3936   17.0   66.0   12.0  1.710
  -117.930  36.3936   20.0   66.0   12.0  1.710
  -117.957  36.3936   23.0   66.0   12.0  1.700
  -117.984  36.3936   26.0   66.0   12.0  1.710
  -118.011  36.3936   29.0   66.0   12.0  1.730
  -118.038  36.3936   32.0   66.0   12.0  1.730
  -118.065  36.3936   35.0   66.0   12.0  1.720
  -118.092  36.3936   38.0   66.0   12.0  1.710
  -118.119  36.3936   41.0   66.0   12.0  1.700
  -118.146  36.3936   44.0   66.0   12.0  1.710
  -118.173  36.3936   47.0   66.0   12.0  1.740
  -118.200  36.3936   50.0   66.0   12.0  1.740
  -118.227  36.3936   53.0   66.0   12.0  1.730
  -118.254  36.3936   56.0   66.0   12.0  1.730
  -118.281  36.3936   59.0   66.0   12.0  1.720
  -118.308  36.3936   62.0   66.0   12.0  1.730
  -118.335  36.3936   65.0   66.0   12.0  1.730
  -118.362  36.3936   68.0   66.0   12.0  1.730
  -118.388  36.3936   71.0   66.0   12.0  1.730
  -117.201  35.5032  -61.0  -33.0   15.0  1.730
  -117.228  35.5032  -58.0  -33.0   15.0  1.730
  -117.255  35.5032  -55.0  -33.0   15.0  1.730
  -117.282  35.5032  -52.0  -33.0   15.0  1.730
  -117.309  35.5032  -49.0  -33.0   15.0  1.730
  -117.336  35.5032  -46.0  -33.0   15.0  1.730
  -117.363  35.5032  -43.0  -33.0   15.0  1.730
  -117.390  35.5032  -40.0  -33.0   15.0  1.730
  -117.417  35.5032  -37.0  -33.0   15.0  1.730
  -117.444  35.5032  -34.0  -33.0   15.0  1.730
  -117.471  35.5032  -31.0  -33.0   15.0  1.730
  -117.498  35.5032  -28.0  -33.0   15.0  1.730
  -117.525  35.5032  -25.0  -33.0   15.0  1.730
  -117.552  35.5032  -22.0  -33.0   15.0  1.730
  -117.579  35.5032  -19.0  -33.0   15.0  1.730
  -117.606  35.5032  -16.0  -33.0   15.0  1.730
  -117.633  35.5032  -13.0  -33.0   15.0  1.730
  -117.660  35.5032  -10.0  -33.0   15.0  1.730
  -117.687  35.5032   -7.0  -33.0   15.0  1.730
  -117.714  35.5032   -4.0  -33.0   15.0  1.730
  -117.741  35.5032   -1.0  -33.0   15.0  1.730
  -117.768  35.5032    2.0  -33.0   15.0  1.730
  -117.795  35.5032    5.0  -33.0   15.0  1.730
  -117.822  35.5032    8.0  -33.0   15.0  1.730
  -117.849  35.5032   11.0  -33.0   15.0  1.730
  -117.876  35.5032   14.0  -33.0   15.0  1.730
  -117.903  35.5032   17.0  -33.0   15.0  1.730
  -117.930  35.5032   20.0  -33.0   15.0  1.730
  -117.957  35.5032   23.0  -33.0   15.0  1.730
  -117.984  35.5032   26.0  -33.0   15.0  1.730
  -118.011  35.5032   29.0  -33.0   15.0  1.730
  -118.038  35.5032   32.0  -33.0   15.0  1.730
  -118.065  35.5032   35.0  -33.0   15.0  1.730
  -118.092  35.5032   38.0  -33.0   15.0  1.730
  -118.119  35.5032   41.0  -33.0   15.0  1.730
  -118.146  35.5032   44.0  -33.0   15.0  1.730
  -118.173  35.5032   47.0  -33.0   15.0  1.730
  -118.200  35.5032   50.0  -33.0   15.0  1.730
  -118.227  35.5032   53.0  -33.0   15.0  1.730
  -118.254  35.5032   56.0  -33.0   15.0  1.730
  -118.281  35.5032   59.0  -33.0   15.0  1.730
  -118.308  35.5032   62.0  -33.0   15.0  1.730
  -118.335  35.5032   65.0  -33.0   15.0  1.730
  -118.362  35.5032   68.0  -33.0   15.0  1.730
  -118.388  35.5032   71.0  -33.0   15.0  1.730
  -117.201  35.5302  -61.0  -30.0   15.0  1.730
  -117.228  35.5302  -58.0  -30.0   15.0  1.730
  -117.255  35.5302  -55.0  -30.0   15.0  1.730
  -117.282  35.5302  -52.0  -30.0   15.0  1.730
  -117.309  35.5302  -49.0  -30.0   15.0  1.730
  -117.336  35.5302  -46.0  -30.0   15.0  1.730
  -117.363  35.5302  -43.0  -30.0   15.0  1.730
  -117.390  35.5302  -40.0  -30.0   15.0  1.730
  -117.417  35.5302  -37.0  -30.0   15.0  1.730
  -117.444  35.5302  -34.0  -30.0   15.0  1.730
  -117.471  35.5302  -31.0  -30.0   15.0  1.730
  -117.498  35.5302  -28.0  -30.0   15.0  1.730
  -117.525  35.5302  -25.0  -30.0   15.0  1.730
  -117.552  35.5302  -22.0  -30.0   15.0  1.730
  -117.579  35.5302  -19.0  -30.0   15.0  1.730
  -117.606  35.5302  -16.0  -30.0   15.0  1.730
  -117.633  35.5302  -13.0  -30.0   15.0  1.730
  -117.660  35.5302  -10.0  -30.0   15.0  1.730
  -117.687  35.5302   -7.0  -30.0   15.0  1.730
  -117.714  35.5302   -4.0  -30.0   15.0  1.730
  -117.741  35.5302   -1.0  -30.0   15.0  1.730
  -117.768  35.5302    2.0  -30.0   15.0  1.730
  -117.795  35.5302    5.0  -30.0   15.0  1.730
  -117.822  35.5302    8.0  -30.0   15.0  1.730
  -117.849  35.5302   11.0  -30.0   15.0  1.730
  -117.876  35.5302   14.0  -30.0   15.0  1.730
  -117.903  35.5302   17.0  -30.0   15.0  1.730
  -117.930  35.5302   20.0  -30.0   15.0  1.730
  -117.957  35.5302   23.0  -30.0   15.0  1.730
  -117.984  35.5302   26.0  -30.0   15.0  1.730
  -118.011  35.5302   29.0  -30.0   15.0  1.730
  -118.038  35.5302   32.0  -30.0   15.0  1.730
  -118.065  35.5302   35.0  -30.0   15.0  1.730
  -118.092  35.5302   38.0  -30.0   15.0  1.730
  -118.119  35.5302   41.0  -30.0   15.0  1.730
  -118.146  35.5302   44.0  -30.0   15.0  1.730
  -118.173  35.5302   47.0  -30.0   15.0  1.730
  -118.200  35.5302   50.0  -30.0   15.0  1.730
  -118.227  35.5302   53.0  -30.0   15.0  1.730
  -118.254  35.5302   56.0  -30.0   15.0  1.730
  -118.281  35.5302   59.0  -30.0   15.0  1.730
  -118.308  35.5302   62.0  -30.0   15.0  1.730
  -118.335  35.5302   65.0  -30.0   15.0  1.730
  -118.362  35.5302   68.0  -30.0   15.0  1.730
  -118.388  35.5302   71.0  -30.0   15.0  1.730
  -117.201  35.5572  -61.0  -27.0   15.0  1.730
  -117.228  35.5572  -58.0  -27.0   15.0  1.730
  -117.255  35.5572  -55.0  -27.0   15.0  1.730
  -117.282  35.5572  -52.0  -27.0   15.0  1.730
  -117.309  35.5572  -49.0  -27.0   15.0  1.730
  -117.336  35.5572  -46.0  -27.0   15.0  1.730
  -117.363  35.5572  -43.0  -27.0   15.0  1.730
  -117.390  35.5572  -40.0  -27.0   15.0  1.730
  -117.417  35.5572  -37.0  -27.0   15.0  1.730
  -117.444  35.5572  -34.0  -27.0   15.0  1.730
  -117.471  35.5572  -31.0  -27.0   15.0  1.730
  -117.498  35.5572  -28.0  -27.0   15.0  1.730
  -117.525  35.5572  -25.0  -27.0   15.0  1.730
  -117.552  35.5572  -22.0  -27.0   15.0  1.730
  -117.579  35.5572  -19.0  -27.0   15.0  1.730
  -117.606  35.5572  -16.0  -27.0   15.0  1.730
  -117.633  35.5572  -13.0  -27.0   15.0  1.730
  -117.660  35.5572  -10.0  -27.0   15.0  1.730
  -117.687  35.5572   -7.0  -27.0   15.0  1.730
  -117.714  35.5572   -4.0  -27.0   15.0  1.730
  -117.741  35.5572   -1.0  -27.0   15.0  1.730
  -117.768  35.5572    2.0  -27.0   15.0  1.730
  -117.795  35.5572    5.0  -27.0   15.0  1.730
  -117.822  35.5572    8.0  -27.0   15.0  1.730
  -117.849  35.5572   11.0  -27.0   15.0  1.730
  -117.876  35.5572   14.0  -27.0   15.0  1.730
  -117.903  35.5572   17.0  -27.0   15.0  1.730
  -117.930  35.5572   20.0  -27.0   15.0  1.730
  -117.957  35.5572   23.0  -27.0   15.0  1.730
  -117.984  35.5572   26.0  -27.0   15.0  1.730
  -118.011  35.5572   29.0  -27.0   15.0  1.730
  -118.038  35.5572   32.0  -27.0   15.0  1.730
  -118.065  35.5572   35.0  -27.0   15.0  1.730
  -118.092  35.5572   38.0  -27.0   15.0  1.730
  -118.119  35.5572   41.0  -27.0   15.0  1.730
  -118.146  35.5572   44.0  -27.0   15.0  1.730
  -118.173  35.5572   47.0  -27.0   15.0  1.730
  -118.200  35.5572   50.0  -27.0   15.0  1.730
  -118.227  35.5572   53.0  -27.0   15.0  1.730
  -118.254  35.5572   56.0  -27.0   15.0  1.730
  -118.281  35.5572   59.0  -27.0   15.0  1.730
  -118.308  35.5572   62.0  -27.0   15.0  1.730
  -118.335  35.5572   65.0  -27.0   15.0  1.730
  -118.362  35.5572   68.0  -27.0   15.0  1.730
  -118.388  35.5572   71.0  -27.0   15.0  1.730
  -117.201  35.5842  -61.0  -24.0   15.0  1.730
  -117.228  35.5842  -58.0  -24.0   15.0  1.730
  -117.255  35.5842  -55.0  -24.0   15.0  1.730
  -117.282  35.5842  -52.0  -24.0   15.0  1.730
  -117.309  35.5842  -49.0  -24.0   15.0  1.730
  -117.336  35.5842  -46.0  -24.0   15.0  1.730
  -117.363  35.5842  -43.0  -24.0   15.0  1.730
  -117.390  35.5842  -40.0  -24.0   15.0  1.730
  -117.417  35.5842  -37.0  -24.0   15.0  1.730
  -117.444  35.5842  -34.0  -24.0   15.0  1.730
  -117.471  35.5842  -31.0  -24.0   15.0  1.730
  -117.498  35.5842  -28.0  -24.0   15.0  1.730
  -117.525  35.5842  -25.0  -24.0   15.0  1.730
  -117.552  35.5842  -22.0  -24.0   15.0  1.730
  -117.579  35.5842  -19.0  -24.0   15.0  1.730
  -117.606  35.5842  -16.0  -24.0   15.0  1.730
  -117.633  35.5842  -13.0  -24.0   15.0  1.730
  -117.660  35.5842  -10.0  -24.0   15.0  1.730
  -117.687  35.5842   -7.0  -24.0   15.0  1.730
  -117.714  35.5842   -4.0  -24.0   15.0  1.730
  -117.741  35.5842   -1.0  -24.0   15.0  1.730
  -117.768  35.5842    2.0  -24.0   15.0  1.730
  -117.795  35.5842    5.0  -24.0   15.0  1.730
  -117.822  35.5842    8.0  -24.0   15.0  1.730
  -117.849  35.5842   11.0  -24.0   15.0  1.730
  -117.876  35.5842   14.0  -24.0   15.0  1.730
  -117.903  35.5842   17.0  -24.0   15.0  1.730
  -117.930  35.5842   20.0  -24.0   15.0  1.730
  -117.957  35.5842   23.0  -24.0   15.0  1.730
  -117.984  35.5842   26.0  -24.0   15.0  1.730
  -118.011  35.5842   29.0  -24.0   15.0  1.730
  -118.038  35.5842   32.0  -24.0   15.0  1.730
  -118.065  35.5842   35.0  -24.0   15.0  1.730
  -118.092  35.5842   38.0  -24.0   15.0  1.730
  -118.119  35.5842   41.0  -24.0   15.0  1.730
  -118.146  35.5842   44.0  -24.0   15.0  1.730
  -118.173  35.5842   47.0  -24.0   15.0  1.730
  -118.200  35.5842   50.0  -24.0   15.0  1.730
  -118.227  35.5842   53.0  -24.0   15.0  1.730
  -118.254  35.5842   56.0  -24.0   15.0  1.730
  -118.281  35.5842   59.0  -24.0   15.0  1.730
  -118.308  35.5842   62.0  -24.0   15.0  1.730
  -118.335  35.5842   65.0  -24.0   15.0  1.730
  -118.362  35.5842   68.0  -24.0   15.0  1.730
  -118.388  35.5842   71.0  -24.0   15.0  1.730
  -117.201  35.6111  -61.0  -21.0   15.0  1.730
  -117.228  35.6111  -58.0  -21.0   15.0  1.730
  -117.255  35.6111  -55.0  -21.0   15.0  1.730
  -117.282  35.6111  -52.0  -21.0   15.0  1.730
  -117.309  35.6111  -49.0  -21.0   15.0  1.730
  -117.336  35.6111  -46.0  -21.0   15.0  1.730
  -117.363  35.6111  -43.0  -21.0   15.0  1.730
  -117.390  35.6111  -40.0  -21.0   15.0  1.730
  -117.417  35.6111  -37.0  -21.0   15.0  1.730
  -117.444  35.6111  -34.0  -21.0   15.0  1.730
  -117.471  35.6111  -31.0  -21.0   15.0  1.730
  -117.498  35.6111  -28.0  -21.0   15.0  1.730
  -117.525  35.6111  -25.0  -21.0   15.0  1.730
  -117.552  35.6111  -22.0  -21.0   15.0  1.730
  -117.579  35.6111  -19.0  -21.0   15.0  1.730
  -117.606  35.6111  -16.0  -21.0   15.0  1.730
  -117.633  35.6111  -13.0  -21.0   15.0  1.730
  -117.660  35.6111  -10.0  -21.0   15.0  1.730
  -117.687  35.6111   -7.0  -21.0   15.0  1.730
  -117.714  35.6111   -4.0  -21.0   15.0  1.730
  -117.741  35.6111   -1.0  -21.0   15.0  1.730
  -117.768  35.6111    2.0  -21.0   15.0  1.730
  -117.795  35.6111    5.0  -21.0   15.0  1.730
  -117.822  35.6111    8.0  -21.0   15.0  1.730
  -117.849  35.6111   11.0  -21.0   15.0  1.730
  -117.876  35.6111   14.0  -21.0   15.0  1.730
  -117.903  35.6111   17.0  -21.0   15.0  1.730
  -117.930  35.6111   20.0  -21.0   15.0  1.730
  -117.957  35.6111   23.0  -21.0   15.0  1.730
  -117.984  35.6111   26.0  -21.0   15.0  1.730
  -118.011  35.6111   29.0  -21.0   15.0  1.730
  -118.038  35.6111   32.0  -21.0   15.0  1.730
  -118.065  35.6111   35.0  -21.0   15.0  1.730
  -118.092  35.6111   38.0  -21.0   15.0  1.730
  -118.119  35.6111   41.0  -21.0   15.0  1.730
  -118.146  35.6111   44.0  -21.0   15.0  1.730
  -118.173  35.6111   47.0  -21.0   15.0  1.730
  -118.200  35.6111   50.0  -21.0   15.0  1.730
  -118.227  35.6111   53.0  -21.0   15.0  1.730
  -118.254  35.6111   56.0  -21.0   15.0  1.730
  -118.281  35.6111   59.0  -21.0   15.0  1.730
  -118.308  35.6111   62.0  -21.0   15.0  1.730
  -118.335  35.6111   65.0  -21.0   15.0  1.730
  -118.362  35.6111   68.0  -21.0   15.0  1.730
  -118.388  35.6111   71.0  -21.0   15.0  1.730
  -117.201  35.6381  -61.0  -18.0   15.0  1.730
  -117.228  35.6381  -58.0  -18.0   15.0  1.730
  -117.255  35.6381  -55.0  -18.0   15.0  1.730
  -117.282  35.6381  -52.0  -18.0   15.0  1.730
  -117.309  35.6381  -49.0  -18.0   15.0  1.730
  -117.336  35.6381  -46.0  -18.0   15.0  1.730
  -117.363  35.6381  -43.0  -18.0   15.0  1.730
  -117.390  35.6381  -40.0  -18.0   15.0  1.730
  -117.417  35.6381  -37.0  -18.0   15.0  1.730
  -117.444  35.6381  -34.0  -18.0   15.0  1.730
  -117.471  35.6381  -31.0  -18.0   15.0  1.730
  -117.498  35.6381  -28.0  -18.0   15.0  1.730
  -117.525  35.6381  -25.0  -18.0   15.0  1.730
  -117.552  35.6381  -22.0  -18.0   15.0  1.730
  -117.579  35.6381  -19.0  -18.0   15.0  1.730
  -117.606  35.6381  -16.0  -18.0   15.0  1.730
  -117.633  35.6381  -13.0  -18.0   15.0  1.730
  -117.660  35.6381  -10.0  -18.0   15.0  1.730
  -117.687  35.6381   -7.0  -18.0   15.0  1.730
  -117.714  35.6381   -4.0  -18.0   15.0  1.730
  -117.741  35.6381   -1.0  -18.0   15.0  1.730
  -117.768  35.6381    2.0  -18.0   15.0  1.730
  -117.795  35.6381    5.0  -18.0   15.0  1.730
  -117.822  35.6381    8.0  -18.0   15.0  1.730
  -117.849  35.6381   11.0  -18.0   15.0  1.730
  -117.876  35.6381   14.0  -18.0   15.0  1.730
  -117.903  35.6381   17.0  -18.0   15.0  1.730
  -117.930  35.6381   20.0  -18.0   15.0  1.730
  -117.957  35.6381   23.0  -18.0   15.0  1.730
  -117.984  35.6381   26.0  -18.0   15.0  1.730
  -118.011  35.6381   29.0  -18.0   15.0  1.730
  -118.038  35.6381   32.0  -18.0   15.0  1.730
  -118.065  35.6381   35.0  -18.0   15.0  1.730
  -118.092  35.6381   38.0  -18.0   15.0  1.730
  -118.119  35.6381   41.0  -18.0   15.0  1.730
  -118.146  35.6381   44.0  -18.0   15.0  1.730
  -118.173  35.6381   47.0  -18.0   15.0  1.730
  -118.200  35.6381   50.0  -18.0   15.0  1.730
  -118.227  35.6381   53.0  -18.0   15.0  1.730
  -118.254  35.6381   56.0  -18.0   15.0  1.730
  -118.281  35.6381   59.0  -18.0   15.0  1.730
  -118.308  35.6381   62.0  -18.0   15.0  1.730
  -118.335  35.6381   65.0  -18.0   15.0  1.730
  -118.362  35.6381   68.0  -18.0   15.0  1.730
  -118.388  35.6381   71.0  -18.0   15.0  1.730
  -117.201  35.6651  -61.0  -15.0   15.0  1.730
  -117.228  35.6651  -58.0  -15.0   15.0  1.730
  -117.255  35.6651  -55.0  -15.0   15.0  1.730
  -117.282  35.6651  -52.0  -15.0   15.0  1.730
  -117.309  35.6651  -49.0  -15.0   15.0  1.730
  -117.336  35.6651  -46.0  -15.0   15.0  1.730
  -117.363  35.6651  -43.0  -15.0   15.0  1.730
  -117.390  35.6651  -40.0  -15.0   15.0  1.730
  -117.417  35.6651  -37.0  -15.0   15.0  1.730
  -117.444  35.6651  -34.0  -15.0   15.0  1.730
  -117.471  35.6651  -31.0  -15.0   15.0  1.730
  -117.498  35.6651  -28.0  -15.0   15.0  1.730
  -117.525  35.6651  -25.0  -15.0   15.0  1.730
  -117.552  35.6651  -22.0  -15.0   15.0  1.730
  -117.579  35.6651  -19.0  -15.0   15.0  1.730
  -117.606  35.6651  -16.0  -15.0   15.0  1.730
  -117.633  35.6651  -13.0  -15.0   15.0  1.730
  -117.660  35.6651  -10.0  -15.0   15.0  1.730
  -117.687  35.6651   -7.0  -15.0   15.0  1.730
  -117.714  35.6651   -4.0  -15.0   15.0  1.730
  -117.741  35.6651   -1.0  -15.0   15.0  1.730
  -117.768  35.6651    2.0  -15.0   15.0  1.730
  -117.795  35.6651    5.0  -15.0   15.0  1.730
  -117.822  35.6651    8.0  -15.0   15.0  1.730
  -117.849  35.6651   11.0  -15.0   15.0  1.730
  -117.876  35.6651   14.0  -15.0   15.0  1.730
  -117.903  35.6651   17.0  -15.0   15.0  1.730
  -117.930  35.6651   20.0  -15.0   15.0  1.730
  -117.957  35.6651   23.0  -15.0   15.0  1.730
  -117.984  35.6651   26.0  -15.0   15.0  1.730
  -118.011  35.6651   29.0  -15.0   15.0  1.730
  -118.038  35.6651   32.0  -15.0   15.0  1.730
  -118.065  35.6651   35.0  -15.0   15.0  1.730
  -118.092  35.6651   38.0  -15.0   15.0  1.730
  -118.119  35.6651   41.0  -15.0   15.0  1.730
  -118.146  35.6651   44.0  -15.0   15.0  1.730
  -118.173  35.6651   47.0  -15.0   15.0  1.730
  -118.200  35.6651   50.0  -15.0   15.0  1.730
  -118.227  35.6651   53.0  -15.0   15.0  1.730
  -118.254  35.6651   56.0  -15.0   15.0  1.730
  -118.281  35.6651   59.0  -15.0   15.0  1.730
  -118.308  35.6651   62.0  -15.0   15.0  1.730
  -118.335  35.6651   65.0  -15.0   15.0  1.730
  -118.362  35.6651   68.0  -15.0   15.0  1.730
  -118.388  35.6651   71.0  -15.0   15.0  1.730
  -117.201  35.6921  -61.0  -12.0   15.0  1.730
  -117.228  35.6921  -58.0  -12.0   15.0  1.730
  -117.255  35.6921  -55.0  -12.0   15.0  1.730
  -117.282  35.6921  -52.0  -12.0   15.0  1.730
  -117.309  35.6921  -49.0  -12.0   15.0  1.730
  -117.336  35.6921  -46.0  -12.0   15.0  1.730
  -117.363  35.6921  -43.0  -12.0   15.0  1.730
  -117.390  35.6921  -40.0  -12.0   15.0  1.730
  -117.417  35.6921  -37.0  -12.0   15.0  1.730
  -117.444  35.6921  -34.0  -12.0   15.0  1.730
  -117.471  35.6921  -31.0  -12.0   15.0  1.730
  -117.498  35.6921  -28.0  -12.0   15.0  1.730
  -117.525  35.6921  -25.0  -12.0   15.0  1.730
  -117.552  35.6921  -22.0  -12.0   15.0  1.730
  -117.579  35.6921  -19.0  -12.0   15.0  1.730
  -117.606  35.6921  -16.0  -12.0   15.0  1.730
  -117.633  35.6921  -13.0  -12.0   15.0  1.730
  -117.660  35.6921  -10.0  -12.0   15.0  1.730
  -117.687  35.6921   -7.0  -12.0   15.0  1.730
  -117.714  35.6921   -4.0  -12.0   15.0  1.730
  -117.741  35.6921   -1.0  -12.0   15.0  1.730
  -117.768  35.6921    2.0  -12.0   15.0  1.730
  -117.795  35.6921    5.0  -12.0   15.0  1.730
  -117.822  35.6921    8.0  -12.0   15.0  1.730
  -117.849  35.6921   11.0  -12.0   15.0  1.730
  -117.876  35.6921   14.0  -12.0   15.0  1.730
  -117.903  35.6921   17.0  -12.0   15.0  1.730
  -117.930  35.6921   20.0  -12.0   15.0  1.730
  -117.957  35.6921   23.0  -12.0   15.0  1.730
  -117.984  35.6921   26.0  -12.0   15.0  1.730
  -118.011  35.6921   29.0  -12.0   15.0  1.730
  -118.038  35.6921   32.0  -12.0   15.0  1.730
  -118.065  35.6921   35.0  -12.0   15.0  1.730
  -118.092  35.6921   38.0  -12.0   15.0  1.730
  -118.119  35.6921   41.0  -12.0   15.0  1.730
  -118.146  35.6921   44.0  -12.0   15.0  1.730
  -118.173  35.6921   47.0  -12.0   15.0  1.730
  -118.200  35.6921   50.0  -12.0   15.0  1.730
  -118.227  35.6921   53.0  -12.0   15.0  1.730
  -118.254  35.6921   56.0  -12.0   15.0  1.730
  -118.281  35.6921   59.0  -12.0   15.0  1.730
  -118.308  35.6921   62.0  -12.0   15.0  1.730
  -118.335  35.6921   65.0  -12.0   15.0  1.730
  -118.362  35.6921   68.0  -12.0   15.0  1.730
  -118.388  35.6921   71.0  -12.0   15.0  1.730
  -117.201  35.7191  -61.0   -9.0   15.0  1.730
  -117.228  35.7191  -58.0   -9.0   15.0  1.730
  -117.255  35.7191  -55.0   -9.0   15.0  1.730
  -117.282  35.7191  -52.0   -9.0   15.0  1.730
  -117.309  35.7191  -49.0   -9.0   15.0  1.730
  -117.336  35.7191  -46.0   -9.0   15.0  1.730
  -117.363  35.7191  -43.0   -9.0   15.0  1.730
  -117.390  35.7191  -40.0   -9.0   15.0  1.730
  -117.417  35.7191  -37.0   -9.0   15.0  1.730
  -117.444  35.7191  -34.0   -9.0   15.0  1.730
  -117.471  35.7191  -31.0   -9.0   15.0  1.730
  -117.498  35.7191  -28.0   -9.0   15.0  1.730
  -117.525  35.7191  -25.0   -9.0   15.0  1.730
  -117.552  35.7191  -22.0   -9.0   15.0  1.730
  -117.579  35.7191  -19.0   -9.0   15.0  1.730
  -117.606  35.7191  -16.0   -9.0   15.0  1.730
  -117.633  35.7191  -13.0   -9.0   15.0  1.730
  -117.660  35.7191  -10.0   -9.0   15.0  1.730
  -117.687  35.7191   -7.0   -9.0   15.0  1.730
  -117.714  35.7191   -4.0   -9.0   15.0  1.730
  -117.741  35.7191   -1.0   -9.0   15.0  1.730
  -117.768  35.7191    2.0   -9.0   15.0  1.730
  -117.795  35.7191    5.0   -9.0   15.0  1.730
  -117.822  35.7191    8.0   -9.0   15.0  1.730
  -117.849  35.7191   11.0   -9.0   15.0  1.730
  -117.876  35.7191   14.0   -9.0   15.0  1.730
  -117.903  35.7191   17.0   -9.0   15.0  1.730
  -117.930  35.7191   20.0   -9.0   15.0  1.730
  -117.957  35.7191   23.0   -9.0   15.0  1.730
  -117.984  35.7191   26.0   -9.0   15.0  1.730
  -118.011  35.7191   29.0   -9.0   15.0  1.720
  -118.038  35.7191   32.0   -9.0   15.0  1.720
  -118.065  35.7191   35.0   -9.0   15.0  1.720
  -118.092  35.7191   38.0   -9.0   15.0  1.720
  -118.119  35.7191   41.0   -9.0   15.0  1.720
  -118.146  35.7191   44.0   -9.0   15.0  1.730
  -118.173  35.7191   47.0   -9.0   15.0  1.730
  -118.200  35.7191   50.0   -9.0   15.0  1.730
  -118.227  35.7191   53.0   -9.0   15.0  1.730
  -118.254  35.7191   56.0   -9.0   15.0  1.730
  -118.281  35.7191   59.0   -9.0   15.0  1.730
  -118.308  35.7191   62.0   -9.0   15.0  1.730
  -118.335  35.7191   65.0   -9.0   15.0  1.730
  -118.362  35.7191   68.0   -9.0   15.0  1.730
  -118.388  35.7191   71.0   -9.0   15.0  1.730
  -117.201  35.7460  -61.0   -6.0   15.0  1.730
  -117.228  35.7460  -58.0   -6.0   15.0  1.730
  -117.255  35.7460  -55.0   -6.0   15.0  1.730
  -117.282  35.7460  -52.0   -6.0   15.0  1.730
  -117.309  35.7460  -49.0   -6.0   15.0  1.730
  -117.336  35.7460  -46.0   -6.0   15.0  1.730
  -117.363  35.7460  -43.0   -6.0   15.0  1.730
  -117.390  35.7460  -40.0   -6.0   15.0  1.730
  -117.417  35.7460  -37.0   -6.0   15.0  1.730
  -117.444  35.7460  -34.0   -6.0   15.0  1.730
  -117.471  35.7460  -31.0   -6.0   15.0  1.730
  -117.498  35.7460  -28.0   -6.0   15.0  1.730
  -117.525  35.7460  -25.0   -6.0   15.0  1.730
  -117.552  35.7460  -22.0   -6.0   15.0  1.730
  -117.579  35.7460  -19.0   -6.0   15.0  1.730
  -117.606  35.7460  -16.0   -6.0   15.0  1.730
  -117.633  35.7460  -13.0   -6.0   15.0  1.730
  -117.660  35.7460  -10.0   -6.0   15.0  1.730
  -117.687  35.7460   -7.0   -6.0   15.0  1.730
  -117.714  35.7460   -4.0   -6.0   15.0  1.730
  -117.741  35.7460   -1.0   -6.0   15.0  1.730
  -117.768  35.7460    2.0   -6.0   15.0  1.730
  -117.795  35.7460    5.0   -6.0   15.0  1.730
  -117.822  35.7460    8.0   -6.0   15.0  1.730
  -117.849  35.7460   11.0   -6.0   15.0  1.730
  -117.876  35.7460   14.0   -6.0   15.0  1.730
  -117.903  35.7460   17.0   -6.0   15.0  1.730
  -117.930  35.7460   20.0   -6.0   15.0  1.730
  -117.957  35.7460   23.0   -6.0   15.0  1.730
  -117.984  35.7460   26.0   -6.0   15.0  1.730
  -118.011  35.7460   29.0   -6.0   15.0  1.720
  -118.038  35.7460   32.0   -6.0   15.0  1.720
  -118.065  35.7460   35.0   -6.0   15.0  1.720
  -118.092  35.7460   38.0   -6.0   15.0  1.720
  -118.119  35.7460   41.0   -6.0   15.0  1.720
  -118.146  35.7460   44.0   -6.0   15.0  1.730
  -118.173  35.7460   47.0   -6.0   15.0  1.730
  -118.200  35.7460   50.0   -6.0   15.0  1.730
  -118.227  35.7460   53.0   -6.0   15.0  1.730
  -118.254  35.7460   56.0   -6.0   15.0  1.730
  -118.281  35.7460   59.0   -6.0   15.0  1.730
  -118.308  35.7460   62.0   -6.0   15.0  1.730
  -118.335  35.7460   65.0   -6.0   15.0  1.730
  -118.362  35.7460   68.0   -6.0   15.0  1.730
  -118.388  35.7460   71.0   -6.0   15.0  1.730
  -117.201  35.7730  -61.0   -3.0   15.0  1.730
  -117.228  35.7730  -58.0   -3.0   15.0  1.730
  -117.255  35.7730  -55.0   -3.0   15.0  1.730
  -117.282  35.7730  -52.0   -3.0   15.0  1.730
  -117.309  35.7730  -49.0   -3.0   15.0  1.730
  -117.336  35.7730  -46.0   -3.0   15.0  1.730
  -117.363  35.7730  -43.0   -3.0   15.0  1.730
  -117.390  35.7730  -40.0   -3.0   15.0  1.730
  -117.417  35.7730  -37.0   -3.0   15.0  1.730
  -117.444  35.7730  -34.0   -3.0   15.0  1.730
  -117.471  35.7730  -31.0   -3.0   15.0  1.730
  -117.498  35.7730  -28.0   -3.0   15.0  1.730
  -117.525  35.7730  -25.0   -3.0   15.0  1.730
  -117.552  35.7730  -22.0   -3.0   15.0  1.730
  -117.579  35.7730  -19.0   -3.0   15.0  1.730
  -117.606  35.7730  -16.0   -3.0   15.0  1.730
  -117.633  35.7730  -13.0   -3.0   15.0  1.730
  -117.660  35.7730  -10.0   -3.0   15.0  1.730
  -117.687  35.7730   -7.0   -3.0   15.0  1.730
  -117.714  35.7730   -4.0   -3.0   15.0  1.730
  -117.741  35.7730   -1.0   -3.0   15.0  1.730
  -117.768  35.7730    2.0   -3.0   15.0  1.730
  -117.795  35.7730    5.0   -3.0   15.0  1.730
  -117.822  35.7730    8.0   -3.0   15.0  1.730
  -117.849  35.7730   11.0   -3.0   15.0  1.730
  -117.876  35.7730   14.0   -3.0   15.0  1.730
  -117.903  35.7730   17.0   -3.0   15.0  1.730
  -117.930  35.7730   20.0   -3.0   15.0  1.730
  -117.957  35.7730   23.0   -3.0   15.0  1.730
  -117.984  35.7730   26.0   -3.0   15.0  1.720
  -118.011  35.7730   29.0   -3.0   15.0  1.720
  -118.038  35.7730   32.0   -3.0   15.0  1.720
  -118.065  35.7730   35.0   -3.0   15.0  1.720
  -118.092  35.7730   38.0   -3.0   15.0  1.720
  -118.119  35.7730   41.0   -3.0   15.0  1.720
  -118.146  35.7730   44.0   -3.0   15.0  1.730
  -118.173  35.7730   47.0   -3.0   15.0  1.730
  -118.200  35.7730   50.0   -3.0   15.0  1.730
  -118.227  35.7730   53.0   -3.0   15.0  1.730
  -118.254  35.7730   56.0   -3.0   15.0  1.730
  -118.281  35.7730   59.0   -3.0   15.0  1.730
  -118.308  35.7730   62.0   -3.0   15.0  1.730
  -118.335  35.7730   65.0   -3.0   15.0  1.730
  -118.362  35.7730   68.0   -3.0   15.0  1.730
  -118.388  35.7730   71.0   -3.0   15.0  1.720
  -117.201  35.8000  -61.0    0.0   15.0  1.730
  -117.228  35.8000  -58.0    0.0   15.0  1.730
  -117.255  35.8000  -55.0    0.0   15.0  1.730
  -117.282  35.8000  -52.0    0.0   15.0  1.730
  -117.309  35.8000  -49.0    0.0   15.0  1.730
  -117.336  35.8000  -46.0    0.0   15.0  1.730
  -117.363  35.8000  -43.0    0.0   15.0  1.730
  -117.390  35.8000  -40.0    0.0   15.0  1.730
  -117.417  35.8000  -37.0    0.0   15.0  1.730
  -117.444  35.8000  -34.0    0.0   15.0  1.730
  -117.471  35.8000  -31.0    0.0   15.0  1.730
  -117.498  35.8000  -28.0    0.0   15.0  1.730
  -117.525  35.8000  -25.0    0.0   15.0  1.730
  -117.552  35.8000  -22.0    0.0   15.0  1.730
  -117.579  35.8000  -19.0    0.0   15.0  1.730
  -117.606  35.8000  -16.0    0.0   15.0  1.730
  -117.633  35.8000  -13.0    0.0   15.0  1.730
  -117.660  35.8000  -10.0    0.0   15.0  1.730
  -117.687  35.8000   -7.0    0.0   15.0  1.730
  -117.714  35.8000   -4.0    0.0   15.0  1.730
  -117.741  35.8000   -1.0    0.0   15.0  1.730
  -117.768  35.8000    2.0    0.0   15.0  1.730
  -117.795  35.8000    5.0    0.0   15.0  1.730
  -117.822  35.8000    8.0    0.0   15.0  1.730
  -117.849  35.8000   11.0    0.0   15.0  1.730
  -117.876  35.8000   14.0    0.0   15.0  1.730
  -117.903  35.8000   17.0    0.0   15.0  1.730
  -117.930  35.8000   20.0    0.0   15.0  1.730
  -117.957  35.8000   23.0    0.0   15.0  1.730
  -117.984  35.8000   26.0    0.0   15.0  1.720
  -118.011  35.8000   29.0    0.0   15.0  1.720
  -118.038  35.8000   32.0    0.0   15.0  1.720
  -118.065  35.8000   35.0    0.0   15.0  1.720
  -118.092  35.8000   38.0    0.0   15.0  1.720
  -118.119  35.8000   41.0    0.0   15.0  1.720
  -118.146  35.8000   44.0    0.0   15.0  1.730
  -118.173  35.8000   47.0    0.0   15.0  1.730
  -118.200  35.8000   50.0    0.0   15.0  1.730
  -118.227  35.8000   53.0    0.0   15.0  1.730
  -118.254  35.8000   56.0    0.0   15.0  1.730
  -118.281  35.8000   59.0    0.0   15.0  1.730
  -118.308  35.8000   62.0    0.0   15.0  1.730
  -118.335  35.8000   65.0    0.0   15.0  1.720
  -118.362  35.8000   68.0    0.0   15.0  1.720
  -118.388  35.8000   71.0    0.0   15.0  1.720
  -117.201  35.8270  -61.0    3.0   15.0  1.730
  -117.228  35.8270  -58.0    3.0   15.0  1.730
  -117.255  35.8270  -55.0    3.0   15.0  1.730
  -117.282  35.8270  -52.0    3.0   15.0  1.730
  -117.309  35.8270  -49.0    3.0   15.0  1.730
  -117.336  35.8270  -46.0    3.0   15.0  1.730
  -117.363  35.8270  -43.0    3.0   15.0  1.730
  -117.390  35.8270  -40.0    3.0   15.0  1.730
  -117.417  35.8270  -37.0    3.0   15.0  1.730
  -117.444  35.8270  -34.0    3.0   15.0  1.730
  -117.471  35.8270  -31.0    3.0   15.0  1.730
  -117.498  35.8270  -28.0    3.0   15.0  1.730
  -117.525  35.8270  -25.0    3.0   15.0  1.730
  -117.552  35.8270  -22.0    3.0   15.0  1.730
  -117.579  35.8270  -19.0    3.0   15.0  1.730
  -117.606  35.8270  -16.0    3.0   15.0  1.730
  -117.633  35.8270  -13.0    3.0   15.0  1.730
  -117.660  35.8270  -10.0    3.0   15.0  1.730
  -117.687  35.8270   -7.0    3.0   15.0  1.730
  -117.714  35.8270   -4.0    3.0   15.0  1.730
  -117.741  35.8270   -1.0    3.0   15.0  1.730
  -117.768  35.8270    2.0    3.0   15.0  1.730
  -117.795  35.8270    5.0    3.0   15.0  1.730
  -117.822  35.8270    8.0    3.0   15.0  1.730
  -117.849  35.8270   11.0    3.0   15.0  1.730
  -117.876  35.8270   14.0    3.0   15.0  1.730
  -117.903  35.8270   17.0    3.0   15.0  1.730
  -117.930  35.8270   20.0    3.0   15.0  1.730
  -117.957  35.8270   23.0    3.0   15.0  1.730
  -117.984  35.8270   26.0    3.0   15.0  1.730
  -118.011  35.8270   29.0    3.0   15.0  1.730
  -118.038  35.8270   32.0    3.0   15.0  1.720
  -118.065  35.8270   35.0    3.0   15.0  1.720
  -118.092  35.8270   38.0    3.0   15.0  1.720
  -118.119  35.8270   41.0    3.0   15.0  1.730
  -118.146  35.8270   44.0    3.0   15.0  1.730
  -118.173  35.8270   47.0    3.0   15.0  1.730
  -118.200  35.8270   50.0    3.0   15.0  1.740
  -118.227  35.8270   53.0    3.0   15.0  1.740
  -118.254  35.8270   56.0    3.0   15.0  1.740
  -118.281  35.8270   59.0    3.0   15.0  1.740
  -118.308  35.8270   62.0    3.0   15.0  1.730
  -118.335  35.8270   65.0    3.0   15.0  1.730
  -118.362  35.8270   68.0    3.0   15.0  1.720
  -118.388  35.8270   71.0    3.0   15.0  1.720
  -117.201  35.8540  -61.0    6.0   15.0  1.730
  -117.228  35.8540  -58.0    6.0   15.0  1.730
  -117.255  35.8540  -55.0    6.0   15.0  1.730
  -117.282  35.8540  -52.0    6.0   15.0  1.730
  -117.309  35.8540  -49.0    6.0   15.0  1.730
  -117.336  35.8540  -46.0    6.0   15.0  1.730
  -117.363  35.8540  -43.0    6.0   15.0  1.730
  -117.390  35.8540  -40.0    6.0   15.0  1.730
  -117.417  35.8540  -37.0    6.0   15.0  1.730
  -117.444  35.8540  -34.0    6.0   15.0  1.730
  -117.471  35.8540  -31.0    6.0   15.0  1.730
  -117.498  35.8540  -28.0    6.0   15.0  1.730
  -117.525  35.8540  -25.0    6.0   15.0  1.730
  -117.552  35.8540  -22.0    6.0   15.0  1.730
  -117.579  35.8540  -19.0    6.0   15.0  1.730
  -117.606  35.8540  -16.0    6.0   15.0  1.730
  -117.633  35.8540  -13.0    6.0   15.0  1.730
  -117.660  35.8540  -10.0    6.0   15.0  1.730
  -117.687  35.8540   -7.0    6.0   15.0  1.730
  -117.714  35.8540   -4.0    6.0   15.0  1.730
  -117.741  35.8540   -1.0    6.0   15.0  1.730
  -117.768  35.8540    2.0    6.0   15.0  1.730
  -117.795  35.8540    5.0    6.0   15.0  1.730
  -117.822  35.8540    8.0    6.0   15.0  1.730
  -117.849  35.8540   11.0    6.0   15.0  1.730
  -117.876  35.8540   14.0    6.0   15.0  1.730
  -117.903  35.8540   17.0    6.0   15.0  1.730
  -117.930  35.8540   20.0    6.0   15.0  1.730
  -117.957  35.8540   23.0    6.0   15.0  1.730
  -117.984  35.8540   26.0    6.0   15.0  1.730
  -118.011  35.8540   29.0    6.0   15.0  1.730
  -118.038  35.8540   32.0    6.0   15.0  1.730
  -118.065  35.8540   35.0    6.0   15.0  1.720
  -118.092  35.8540   38.0    6.0   15.0  1.730
  -118.119  35.8540   41.0    6.0   15.0  1.730
  -118.146  35.8540   44.0    6.0   15.0  1.740
  -118.173  35.8540   47.0    6.0   15.0  1.740
  -118.200  35.8540   50.0    6.0   15.0  1.740
  -118.227  35.8540   53.0    6.0   15.0  1.750
  -118.254  35.8540   56.0    6.0   15.0  1.750
  -118.281  35.8540   59.0    6.0   15.0  1.740
  -118.308  35.8540   62.0    6.0   15.0  1.740
  -118.335  35.8540   65.0    6.0   15.0  1.730
  -118.362  35.8540   68.0    6.0   15.0  1.720
  -118.388  35.8540   71.0    6.0   15.0  1.710
  -117.201  35.8809  -61.0    9.0   15.0  1.730
  -117.228  35.8809  -58.0    9.0   15.0  1.730
  -117.255  35.8809  -55.0    9.0   15.0  1.730
  -117.282  35.8809  -52.0    9.0   15.0  1.730
  -117.309  35.8809  -49.0    9.0   15.0  1.730
  -117.336  35.8809  -46.0    9.0   15.0  1.730
  -117.363  35.8809  -43.0    9.0   15.0  1.730
  -117.390  35.8809  -40.0    9.0   15.0  1.730
  -117.417  35.8809  -37.0    9.0   15.0  1.730
  -117.444  35.8809  -34.0    9.0   15.0  1.730
  -117.471  35.8809  -31.0    9.0   15.0  1.730
  -117.498  35.8809  -28.0    9.0   15.0  1.730
  -117.525  35.8809  -25.0    9.0   15.0  1.730
  -117.552  35.8809  -22.0    9.0   15.0  1.730
  -117.579  35.8809  -19.0    9.0   15.0  1.730
  -117.606  35.8809  -16.0    9.0   15.0  1.730
  -117.633  35.8809  -13.0    9.0   15.0  1.730
  -117.660  35.8809  -10.0    9.0   15.0  1.730
  -117.687  35.8809   -7.0    9.0   15.0  1.730
  -117.714  35.8809   -4.0    9.0   15.0  1.730
  -117.741  35.8809   -1.0    9.0   15.0  1.730
  -117.768  35.8809    2.0    9.0   15.0  1.730
  -117.795  35.8809    5.0    9.0   15.0  1.730
  -117.822  35.8809    8.0    9.0   15.0  1.730
  -117.849  35.8809   11.0    9.0   15.0  1.730
  -117.876  35.8809   14.0    9.0   15.0  1.730
  -117.903  35.8809   17.0    9.0   15.0  1.730
  -117.930  35.8809   20.0    9.0   15.0  1.730
  -117.957  35.8809   23.0    9.0   15.0  1.730
  -117.984  35.8809   26.0    9.0   15.0  1.730
  -118.011  35.8809   29.0    9.0   15.0  1.730
  -118.038  35.8809   32.0    9.0   15.0  1.730
  -118.065  35.8809   35.0    9.0   15.0  1.730
  -118.092  35.8809   38.0    9.0   15.0  1.730
  -118.119  35.8809   41.0    9.0   15.0  1.730
  -118.146  35.8809   44.0    9.0   15.0  1.730
  -118.173  35.8809   47.0    9.0   15.0  1.730
  -118.200  35.8809   50.0    9.0   15.0  1.730
  -118.227  35.8809   53.0    9.0   15.0  1.740
  -118.254  35.8809   56.0    9.0   15.0  1.740
  -118.281  35.8809   59.0    9.0   15.0  1.730
  -118.308  35.8809   62.0    9.0   15.0  1.730
  -118.335  35.8809   65.0    9.0   15.0  1.730
  -118.362  35.8809   68.0    9.0   15.0  1.730
  -118.388  35.8809   71.0    9.0   15.0  1.720
  -117.201  35.9079  -61.0   12.0   15.0  1.730
  -117.228  35.9079  -58.0   12.0   15.0  1.730
  -117.255  35.9079  -55.0   12.0   15.0  1.730
  -117.282  35.9079  -52.0   12.0   15.0  1.730
  -117.309  35.9079  -49.0   12.0   15.0  1.730
  -117.336  35.9079  -46.0   12.0   15.0  1.730
  -117.363  35.9079  -43.0   12.0   15.0  1.730
  -117.390  35.9079  -40.0   12.0   15.0  1.730
  -117.417  35.9079  -37.0   12.0   15.0  1.730
  -117.444  35.9079  -34.0   12.0   15.0  1.730
  -117.471  35.9079  -31.0   12.0   15.0  1.730
  -117.498  35.9079  -28.0   12.0   15.0  1.730
  -117.525  35.9079  -25.0   12.0   15.0  1.730
  -117.552  35.9079  -22.0   12.0   15.0  1.730
  -117.579  35.9079  -19.0   12.0   15.0  1.730
  -117.606  35.9079  -16.0   12.0   15.0  1.730
  -117.633  35.9079  -13.0   12.0   15.0  1.730
  -117.660  35.9079  -10.0   12.0   15.0  1.730
  -117.687  35.9079   -7.0   12.0   15.0  1.730
  -117.714  35.9079   -4.0   12.0   15.0  1.730
  -117.741  35.9079   -1.0   12.0   15.0  1.730
  -117.768  35.9079    2.0   12.0   15.0  1.730
  -117.795  35.9079    5.0   12.0   15.0  1.730
  -117.822  35.9079    8.0   12.0   15.0  1.730
  -117.849  35.9079   11.0   12.0   15.0  1.730
  -117.876  35.9079   14.0   12.0   15.0  1.730
  -117.903  35.9079   17.0   12.0   15.0  1.730
  -117.930  35.9079   20.0   12.0   15.0  1.730
  -117.957  35.9079   23.0   12.0   15.0  1.730
  -117.984  35.9079   26.0   12.0   15.0  1.730
  -118.011  35.9079   29.0   12.0   15.0  1.740
  -118.038  35.9079   32.0   12.0   15.0  1.740
  -118.065  35.9079   35.0   12.0   15.0  1.740
  -118.092  35.9079   38.0   12.0   15.0  1.740
  -118.119  35.9079   41.0   12.0   15.0  1.730
  -118.146  35.9079   44.0   12.0   15.0  1.720
  -118.173  35.9079   47.0   12.0   15.0  1.720
  -118.200  35.9079   50.0   12.0   15.0  1.720
  -118.227  35.9079   53.0   12.0   15.0  1.730
  -118.254  35.9079   56.0   12.0   15.0  1.730
  -118.281  35.9079   59.0   12.0   15.0  1.720
  -118.308  35.9079   62.0   12.0   15.0  1.730
  -118.335  35.9079   65.0   12.0   15.0  1.730
  -118.362  35.9079   68.0   12.0   15.0  1.730
  -118.388  35.9079   71.0   12.0   15.0  1.720
  -117.201  35.9349  -61.0   15.0   15.0  1.730
  -117.228  35.9349  -58.0   15.0   15.0  1.730
  -117.255  35.9349  -55.0   15.0   15.0  1.730
  -117.282  35.9349  -52.0   15.0   15.0  1.730
  -117.309  35.9349  -49.0   15.0   15.0  1.730
  -117.336  35.9349  -46.0   15.0   15.0  1.730
  -117.363  35.9349  -43.0   15.0   15.0  1.730
  -117.390  35.9349  -40.0   15.0   15.0  1.730
  -117.417  35.9349  -37.0   15.0   15.0  1.730
  -117.444  35.9349  -34.0   15.0   15.0  1.730
  -117.471  35.9349  -31.0   15.0   15.0  1.730
  -117.498  35.9349  -28.0   15.0   15.0  1.730
  -117.525  35.9349  -25.0   15.0   15.0  1.730
  -117.552  35.9349  -22.0   15.0   15.0  1.730
  -117.579  35.9349  -19.0   15.0   15.0  1.730
  -117.606  35.9349  -16.0   15.0   15.0  1.730
  -117.633  35.9349  -13.0   15.0   15.0  1.730
  -117.660  35.9349  -10.0   15.0   15.0  1.730
  -117.687  35.9349   -7.0   15.0   15.0  1.730
  -117.714  35.9349   -4.0   15.0   15.0  1.730
  -117.741  35.9349   -1.0   15.0   15.0  1.730
  -117.768  35.9349    2.0   15.0   15.0  1.730
  -117.795  35.9349    5.0   15.0   15.0  1.730
  -117.822  35.9349    8.0   15.0   15.0  1.730
  -117.849  35.9349   11.0   15.0   15.0  1.730
  -117.876  35.9349   14.0   15.0   15.0  1.730
  -117.903  35.9349   17.0   15.0   15.0  1.730
  -117.930  35.9349   20.0   15.0   15.0  1.730
  -117.957  35.9349   23.0   15.0   15.0  1.730
  -117.984  35.9349   26.0   15.0   15.0  1.730
  -118.011  35.9349   29.0   15.0   15.0  1.730
  -118.038  35.9349   32.0   15.0   15.0  1.730
  -118.065  35.9349   35.0   15.0   15.0  1.740
  -118.092  35.9349   38.0   15.0   15.0  1.730
  -118.119  35.9349   41.0   15.0   15.0  1.730
  -118.146  35.9349   44.0   15.0   15.0  1.730
  -118.173  35.9349   47.0   15.0   15.0  1.730
  -118.200  35.9349   50.0   15.0   15.0  1.730
  -118.227  35.9349   53.0   15.0   15.0  1.740
  -118.254  35.9349   56.0   15.0   15.0  1.740
  -118.281  35.9349   59.0   15.0   15.0  1.740
  -118.308  35.9349   62.0   15.0   15.0  1.740
  -118.335  35.9349   65.0   15.0   15.0  1.730
  -118.362  35.9349   68.0   15.0   15.0  1.730
  -118.388  35.9349   71.0   15.0   15.0  1.720
  -117.201  35.9619  -61.0   18.0   15.0  1.730
  -117.228  35.9619  -58.0   18.0   15.0  1.730
  -117.255  35.9619  -55.0   18.0   15.0  1.730
  -117.282  35.9619  -52.0   18.0   15.0  1.730
  -117.309  35.9619  -49.0   18.0   15.0  1.730
  -117.336  35.9619  -46.0   18.0   15.0  1.730
  -117.363  35.9619  -43.0   18.0   15.0  1.730
  -117.390  35.9619  -40.0   18.0   15.0  1.730
  -117.417  35.9619  -37.0   18.0   15.0  1.730
  -117.444  35.9619  -34.0   18.0   15.0  1.730
  -117.471  35.9619  -31.0   18.0   15.0  1.730
  -117.498  35.9619  -28.0   18.0   15.0  1.730
  -117.525  35.9619  -25.0   18.0   15.0  1.730
  -117.552  35.9619  -22.0   18.0   15.0  1.730
  -117.579  35.9619  -19.0   18.0   15.0  1.730
  -117.606  35.9619  -16.0   18.0   15.0  1.730
  -117.633  35.9619  -13.0   18.0   15.0  1.730
  -117.660  35.9619  -10.0   18.0   15.0  1.730
  -117.687  35.9619   -7.0   18.0   15.0  1.730
  -117.714  35.9619   -4.0   18.0   15.0  1.730
  -117.741  35.9619   -1.0   18.0   15.0  1.730
  -117.768  35.9619    2.0   18.0   15.0  1.730
  -117.795  35.9619    5.0   18.0   15.0  1.730
  -117.822  35.9619    8.0   18.0   15.0  1.730
  -117.849  35.9619   11.0   18.0   15.0  1.730
  -117.876  35.9619   14.0   18.0   15.0  1.730
  -117.903  35.9619   17.0   18.0   15.0  1.730
  -117.930  35.9619   20.0   18.0   15.0  1.730
  -117.957  35.9619   23.0   18.0   15.0  1.730
  -117.984  35.9619   26.0   18.0   15.0  1.730
  -118.011  35.9619   29.0   18.0   15.0  1.730
  -118.038  35.9619   32.0   18.0   15.0  1.730
  -118.065  35.9619   35.0   18.0   15.0  1.730
  -118.092  35.9619   38.0   18.0   15.0  1.730
  -118.119  35.9619   41.0   18.0   15.0  1.730
  -118.146  35.9619   44.0   18.0   15.0  1.730
  -118.173  35.9619   47.0   18.0   15.0  1.740
  -118.200  35.9619   50.0   18.0   15.0  1.740
  -118.227  35.9619   53.0   18.0   15.0  1.750
  -118.254  35.9619   56.0   18.0   15.0  1.750
  -118.281  35.9619   59.0   18.0   15.0  1.760
  -118.308  35.9619   62.0   18.0   15.0  1.750
  -118.335  35.9619   65.0   18.0   15.0  1.740
  -118.362  35.9619   68.0   18.0   15.0  1.730
  -118.388  35.9619   71.0   18.0   15.0  1.730
  -117.201  35.9889  -61.0   21.0   15.0  1.730
  -117.228  35.9889  -58.0   21.0   15.0  1.730
  -117.255  35.9889  -55.0   21.0   15.0  1.730
  -117.282  35.9889  -52.0   21.0   15.0  1.730
  -117.309  35.9889  -49.0   21.0   15.0  1.730
  -117.336  35.9889  -46.0   21.0   15.0  1.730
  -117.363  35.9889  -43.0   21.0   15.0  1.730
  -117.390  35.9889  -40.0   21.0   15.0  1.730
  -117.417  35.9889  -37.0   21.0   15.0  1.730
  -117.444  35.9889  -34.0   21.0   15.0  1.730
  -117.471  35.9889  -31.0   21.0   15.0  1.730
  -117.498  35.9889  -28.0   21.0   15.0  1.730
  -117.525  35.9889  -25.0   21.0   15.0  1.730
  -117.552  35.9889  -22.0   21.0   15.0  1.730
  -117.579  35.9889  -19.0   21.0   15.0  1.730
  -117.606  35.9889  -16.0   21.0   15.0  1.730
  -117.633  35.9889  -13.0   21.0   15.0  1.730
  -117.660  35.9889  -10.0   21.0   15.0  1.730
  -117.687  35.9889   -7.0   21.0   15.0  1.730
  -117.714  35.9889   -4.0   21.0   15.0  1.730
  -117.741  35.9889   -1.0   21.0   15.0  1.730
  -117.768  35.9889    2.0   21.0   15.0  1.730
  -117.795  35.9889    5.0   21.0   15.0  1.730
  -117.822  35.9889    8.0   21.0   15.0  1.730
  -117.849  35.9889   11.0   21.0   15.0  1.730
  -117.876  35.9889   14.0   21.0   15.0  1.730
  -117.903  35.9889   17.0   21.0   15.0  1.730
  -117.930  35.9889   20.0   21.0   15.0  1.730
  -117.957  35.9889   23.0   21.0   15.0  1.730
  -117.984  35.9889   26.0   21.0   15.0  1.730
  -118.011  35.9889   29.0   21.0   15.0  1.730
  -118.038  35.9889   32.0   21.0   15.0  1.730
  -118.065  35.9889   35.0   21.0   15.0  1.730
  -118.092  35.9889   38.0   21.0   15.0  1.730
  -118.119  35.9889   41.0   21.0   15.0  1.730
  -118.146  35.9889   44.0   21.0   15.0  1.730
  -118.173  35.9889   47.0   21.0   15.0  1.740
  -118.200  35.9889   50.0   21.0   15.0  1.740
  -118.227  35.9889   53.0   21.0   15.0  1.740
  -118.254  35.9889   56.0   21.0   15.0  1.740
  -118.281  35.9889   59.0   21.0   15.0  1.740
  -118.308  35.9889   62.0   21.0   15.0  1.740
  -118.335  35.9889   65.0   21.0   15.0  1.730
  -118.362  35.9889   68.0   21.0   15.0  1.730
  -118.388  35.9889   71.0   21.0   15.0  1.730
  -117.201  36.0158  -61.0   24.0   15.0  1.730
  -117.228  36.0158  -58.0   24.0   15.0  1.730
  -117.255  36.0158  -55.0   24.0   15.0  1.730
  -117.282  36.0158  -52.0   24.0   15.0  1.730
  -117.309  36.0158  -49.0   24.0   15.0  1.730
  -117.336  36.0158  -46.0   24.0   15.0  1.730
  -117.363  36.0158  -43.0   24.0   15.0  1.730
  -117.390  36.0158  -40.0   24.0   15.0  1.730
  -117.417  36.0158  -37.0   24.0   15.0  1.730
  -117.444  36.0158  -34.0   24.0   15.0  1.730
  -117.471  36.0158  -31.0   24.0   15.0  1.730
  -117.498  36.0158  -28.0   24.0   15.0  1.730
  -117.525  36.0158  -25.0   24.0   15.0  1.730
  -117.552  36.0158  -22.0   24.0   15.0  1.730
  -117.579  36.0158  -19.0   24.0   15.0  1.730
  -117.606  36.0158  -16.0   24.0   15.0  1.730
  -117.633  36.0158  -13.0   24.0   15.0  1.730
  -117.660  36.0158  -10.0   24.0   15.0  1.730
  -117.687  36.0158   -7.0   24.0   15.0  1.730
  -117.714  36.0158   -4.0   24.0   15.0  1.730
  -117.741  36.0158   -1.0   24.0   15.0  1.730
  -117.768  36.0158    2.0   24.0   15.0  1.730
  -117.795  36.0158    5.0   24.0   15.0  1.730
  -117.822  36.0158    8.0   24.0   15.0  1.730
  -117.849  36.0158   11.0   24.0   15.0  1.730
  -117.876  36.0158   14.0   24.0   15.0  1.730
  -117.903  36.0158   17.0   24.0   15.0  1.730
  -117.930  36.0158   20.0   24.0   15.0  1.730
  -117.957  36.0158   23.0   24.0   15.0  1.730
  -117.984  36.0158   26.0   24.0   15.0  1.730
  -118.011  36.0158   29.0   24.0   15.0  1.730
  -118.038  36.0158   32.0   24.0   15.0  1.730
  -118.065  36.0158   35.0   24.0   15.0  1.730
  -118.092  36.0158   38.0   24.0   15.0  1.730
  -118.119  36.0158   41.0   24.0   15.0  1.730
  -118.146  36.0158   44.0   24.0   15.0  1.730
  -118.173  36.0158   47.0   24.0   15.0  1.740
  -118.200  36.0158   50.0   24.0   15.0  1.740
  -118.227  36.0158   53.0   24.0   15.0  1.730
  -118.254  36.0158   56.0   24.0   15.0  1.730
  -118.281  36.0158   59.0   24.0   15.0  1.730
  -118.308  36.0158   62.0   24.0   15.0  1.730
  -118.335  36.0158   65.0   24.0   15.0  1.730
  -118.362  36.0158   68.0   24.0   15.0  1.730
  -118.388  36.0158   71.0   24.0   15.0  1.730
  -117.201  36.0428  -61.0   27.0   15.0  1.730
  -117.228  36.0428  -58.0   27.0   15.0  1.730
  -117.255  36.0428  -55.0   27.0   15.0  1.730
  -117.282  36.0428  -52.0   27.0   15.0  1.730
  -117.309  36.0428  -49.0   27.0   15.0  1.730
  -117.336  36.0428  -46.0   27.0   15.0  1.730
  -117.363  36.0428  -43.0   27.0   15.0  1.730
  -117.390  36.0428  -40.0   27.0   15.0  1.730
  -117.417  36.0428  -37.0   27.0   15.0  1.730
  -117.444  36.0428  -34.0   27.0   15.0  1.730
  -117.471  36.0428  -31.0   27.0   15.0  1.730
  -117.498  36.0428  -28.0   27.0   15.0  1.730
  -117.525  36.0428  -25.0   27.0   15.0  1.730
  -117.552  36.0428  -22.0   27.0   15.0  1.730
  -117.579  36.0428  -19.0   27.0   15.0  1.730
  -117.606  36.0428  -16.0   27.0   15.0  1.730
  -117.633  36.0428  -13.0   27.0   15.0  1.730
  -117.660  36.0428  -10.0   27.0   15.0  1.730
  -117.687  36.0428   -7.0   27.0   15.0  1.730
  -117.714  36.0428   -4.0   27.0   15.0  1.730
  -117.741  36.0428   -1.0   27.0   15.0  1.730
  -117.768  36.0428    2.0   27.0   15.0  1.730
  -117.795  36.0428    5.0   27.0   15.0  1.730
  -117.822  36.0428    8.0   27.0   15.0  1.730
  -117.849  36.0428   11.0   27.0   15.0  1.730
  -117.876  36.0428   14.0   27.0   15.0  1.730
  -117.903  36.0428   17.0   27.0   15.0  1.730
  -117.930  36.0428   20.0   27.0   15.0  1.730
  -117.957  36.0428   23.0   27.0   15.0  1.730
  -117.984  36.0428   26.0   27.0   15.0  1.730
  -118.011  36.0428   29.0   27.0   15.0  1.730
  -118.038  36.0428   32.0   27.0   15.0  1.730
  -118.065  36.0428   35.0   27.0   15.0  1.730
  -118.092  36.0428   38.0   27.0   15.0  1.730
  -118.119  36.0428   41.0   27.0   15.0  1.730
  -118.146  36.0428   44.0   27.0   15.0  1.730
  -118.173  36.0428   47.0   27.0   15.0  1.730
  -118.200  36.0428   50.0   27.0   15.0  1.730
  -118.227  36.0428   53.0   27.0   15.0  1.730
  -118.254  36.0428   56.0   27.0   15.0  1.730
  -118.281  36.0428   59.0   27.0   15.0  1.730
  -118.308  36.0428   62.0   27.0   15.0  1.730
  -118.335  36.0428   65.0   27.0   15.0  1.730
  -118.362  36.0428   68.0   27.0   15.0  1.730
  -118.388  36.0428   71.0   27.0   15.0  1.730
  -117.201  36.0698  -61.0   30.0   15.0  1.730
  -117.228  36.0698  -58.0   30.0   15.0  1.730
  -117.255  36.0698  -55.0   30.0   15.0  1.730
  -117.282  36.0698  -52.0   30.0   15.0  1.730
  -117.309  36.0698  -49.0   30.0   15.0  1.730
  -117.336  36.0698  -46.0   30.0   15.0  1.730
  -117.363  36.0698  -43.0   30.0   15.0  1.730
  -117.390  36.0698  -40.0   30.0   15.0  1.730
  -117.417  36.0698  -37.0   30.0   15.0  1.730
  -117.444  36.0698  -34.0   30.0   15.0  1.730
  -117.471  36.0698  -31.0   30.0   15.0  1.730
  -117.498  36.0698  -28.0   30.0   15.0  1.730
  -117.525  36.0698  -25.0   30.0   15.0  1.730
  -117.552  36.0698  -22.0   30.0   15.0  1.730
  -117.579  36.0698  -19.0   30.0   15.0  1.730
  -117.606  36.0698  -16.0   30.0   15.0  1.730
  -117.633  36.0698  -13.0   30.0   15.0  1.730
  -117.660  36.0698  -10.0   30.0   15.0  1.730
  -117.687  36.0698   -7.0   30.0   15.0  1.730
  -117.714  36.0698   -4.0   30.0   15.0  1.730
  -117.741  36.0698   -1.0   30.0   15.0  1.730
  -117.768  36.0698    2.0   30.0   15.0  1.730
  -117.795  36.0698    5.0   30.0   15.0  1.730
  -117.822  36.0698    8.0   30.0   15.0  1.730
  -117.849  36.0698   11.0   30.0   15.0  1.730
  -117.876  36.0698   14.0   30.0   15.0  1.730
  -117.903  36.0698   17.0   30.0   15.0  1.730
  -117.930  36.0698   20.0   30.0   15.0  1.730
  -117.957  36.0698   23.0   30.0   15.0  1.730
  -117.984  36.0698   26.0   30.0   15.0  1.730
  -118.011  36.0698   29.0   30.0   15.0  1.730
  -118.038  36.0698   32.0   30.0   15.0  1.730
  -118.065  36.0698   35.0   30.0   15.0  1.730
  -118.092  36.0698   38.0   30.0   15.0  1.730
  -118.119  36.0698   41.0   30.0   15.0  1.730
  -118.146  36.0698   44.0   30.0   15.0  1.730
  -118.173  36.0698   47.0   30.0   15.0  1.730
  -118.200  36.0698   50.0   30.0   15.0  1.730
  -118.227  36.0698   53.0   30.0   15.0  1.730
  -118.254  36.0698   56.0   30.0   15.0  1.730
  -118.281  36.0698   59.0   30.0   15.0  1.730
  -118.308  36.0698   62.0   30.0   15.0  1.730
  -118.335  36.0698   65.0   30.0   15.0  1.730
  -118.362  36.0698   68.0   30.0   15.0  1.730
  -118.388  36.0698   71.0   30.0   15.0  1.730
  -117.201  36.0968  -61.0   33.0   15.0  1.730
  -117.228  36.0968  -58.0   33.0   15.0  1.730
  -117.255  36.0968  -55.0   33.0   15.0  1.730
  -117.282  36.0968  -52.0   33.0   15.0  1.730
  -117.309  36.0968  -49.0   33.0   15.0  1.730
  -117.336  36.0968  -46.0   33.0   15.0  1.730
  -117.363  36.0968  -43.0   33.0   15.0  1.730
  -117.390  36.0968  -40.0   33.0   15.0  1.730
  -117.417  36.0968  -37.0   33.0   15.0  1.730
  -117.444  36.0968  -34.0   33.0   15.0  1.730
  -117.471  36.0968  -31.0   33.0   15.0  1.730
  -117.498  36.0968  -28.0   33.0   15.0  1.730
  -117.525  36.0968  -25.0   33.0   15.0  1.730
  -117.552  36.0968  -22.0   33.0   15.0  1.730
  -117.579  36.0968  -19.0   33.0   15.0  1.730
  -117.606  36.0968  -16.0   33.0   15.0  1.730
  -117.633  36.0968  -13.0   33.0   15.0  1.730
  -117.660  36.0968  -10.0   33.0   15.0  1.730
  -117.687  36.0968   -7.0   33.0   15.0  1.730
  -117.714  36.0968   -4.0   33.0   15.0  1.730
  -117.741  36.0968   -1.0   33.0   15.0  1.730
  -117.768  36.0968    2.0   33.0   15.0  1.730
  -117.795  36.0968    5.0   33.0   15.0  1.730
  -117.822  36.0968    8.0   33.0   15.0  1.730
  -117.849  36.0968   11.0   33.0   15.0  1.730
  -117.876  36.0968   14.0   33.0   15.0  1.730
  -117.903  36.0968   17.0   33.0   15.0  1.730
  -117.930  36.0968   20.0   33.0   15.0  1.730
  -117.957  36.0968   23.0   33.0   15.0  1.730
  -117.984  36.0968   26.0   33.0   15.0  1.730
  -118.011  36.0968   29.0   33.0   15.0  1.730
  -118.038  36.0968   32.0   33.0   15.0  1.730
  -118.065  36.0968   35.0   33.0   15.0  1.730
  -118.092  36.0968   38.0   33.0   15.0  1.730
  -118.119  36.0968   41.0   33.0   15.0  1.730
  -118.146  36.0968   44.0   33.0   15.0  1.730
  -118.173  36.0968   47.0   33.0   15.0  1.730
  -118.200  36.0968   50.0   33.0   15.0  1.730
  -118.227  36.0968   53.0   33.0   15.0  1.730
  -118.254  36.0968   56.0   33.0   15.0  1.730
  -118.281  36.0968   59.0   33.0   15.0  1.730
  -118.308  36.0968   62.0   33.0   15.0  1.730
  -118.335  36.0968   65.0   33.0   15.0  1.730
  -118.362  36.0968   68.0   33.0   15.0  1.730
  -118.388  36.0968   71.0   33.0   15.0  1.730
  -117.201  36.1238  -61.0   36.0   15.0  1.730
  -117.228  36.1238  -58.0   36.0   15.0  1.730
  -117.255  36.1238  -55.0   36.0   15.0  1.730
  -117.282  36.1238  -52.0   36.0   15.0  1.730
  -117.309  36.1238  -49.0   36.0   15.0  1.730
  -117.336  36.1238  -46.0   36.0   15.0  1.730
  -117.363  36.1238  -43.0   36.0   15.0  1.730
  -117.390  36.1238  -40.0   36.0   15.0  1.730
  -117.417  36.1238  -37.0   36.0   15.0  1.730
  -117.444  36.1238  -34.0   36.0   15.0  1.730
  -117.471  36.1238  -31.0   36.0   15.0  1.730
  -117.498  36.1238  -28.0   36.0   15.0  1.730
  -117.525  36.1238  -25.0   36.0   15.0  1.730
  -117.552  36.1238  -22.0   36.0   15.0  1.730
  -117.579  36.1238  -19.0   36.0   15.0  1.730
  -117.606  36.1238  -16.0   36.0   15.0  1.730
  -117.633  36.1238  -13.0   36.0   15.0  1.730
  -117.660  36.1238  -10.0   36.0   15.0  1.730
  -117.687  36.1238   -7.0   36.0   15.0  1.730
  -117.714  36.1238   -4.0   36.0   15.0  1.730
  -117.741  36.1238   -1.0   36.0   15.0  1.730
  -117.768  36.1238    2.0   36.0   15.0  1.730
  -117.795  36.1238    5.0   36.0   15.0  1.730
  -117.822  36.1238    8.0   36.0   15.0  1.730
  -117.849  36.1238   11.0   36.0   15.0  1.730
  -117.876  36.1238   14.0   36.0   15.0  1.730
  -117.903  36.1238   17.0   36.0   15.0  1.730
  -117.930  36.1238   20.0   36.0   15.0  1.730
  -117.957  36.1238   23.0   36.0   15.0  1.730
  -117.984  36.1238   26.0   36.0   15.0  1.730
  -118.011  36.1238   29.0   36.0   15.0  1.730
  -118.038  36.1238   32.0   36.0   15.0  1.730
  -118.065  36.1238   35.0   36.0   15.0  1.730
  -118.092  36.1238   38.0   36.0   15.0  1.730
  -118.119  36.1238   41.0   36.0   15.0  1.730
  -118.146  36.1238   44.0   36.0   15.0  1.730
  -118.173  36.1238   47.0   36.0   15.0  1.730
  -118.200  36.1238   50.0   36.0   15.0  1.730
  -118.227  36.1238   53.0   36.0   15.0  1.730
  -118.254  36.1238   56.0   36.0   15.0  1.730
  -118.281  36.1238   59.0   36.0   15.0  1.730
  -118.308  36.1238   62.0   36.0   15.0  1.730
  -118.335  36.1238   65.0   36.0   15.0  1.730
  -118.362  36.1238   68.0   36.0   15.0  1.730
  -118.388  36.1238   71.0   36.0   15.0  1.730
  -117.201  36.1507  -61.0   39.0   15.0  1.730
  -117.228  36.1507  -58.0   39.0   15.0  1.730
  -117.255  36.1507  -55.0   39.0   15.0  1.730
  -117.282  36.1507  -52.0   39.0   15.0  1.730
  -117.309  36.1507  -49.0   39.0   15.0  1.730
  -117.336  36.1507  -46.0   39.0   15.0  1.730
  -117.363  36.1507  -43.0   39.0   15.0  1.730
  -117.390  36.1507  -40.0   39.0   15.0  1.730
  -117.417  36.1507  -37.0   39.0   15.0  1.730
  -117.444  36.1507  -34.0   39.0   15.0  1.730
  -117.471  36.1507  -31.0   39.0   15.0  1.730
  -117.498  36.1507  -28.0   39.0   15.0  1.730
  -117.525  36.1507  -25.0   39.0   15.0  1.730
  -117.552  36.1507  -22.0   39.0   15.0  1.730
  -117.579  36.1507  -19.0   39.0   15.0  1.730
  -117.606  36.1507  -16.0   39.0   15.0  1.730
  -117.633  36.1507  -13.0   39.0   15.0  1.730
  -117.660  36.1507  -10.0   39.0   15.0  1.730
  -117.687  36.1507   -7.0   39.0   15.0  1.730
  -117.714  36.1507   -4.0   39.0   15.0  1.730
  -117.741  36.1507   -1.0   39.0   15.0  1.730
  -117.768  36.1507    2.0   39.0   15.0  1.730
  -117.795  36.1507    5.0   39.0   15.0  1.730
  -117.822  36.1507    8.0   39.0   15.0  1.730
  -117.849  36.1507   11.0   39.0   15.0  1.730
  -117.876  36.1507   14.0   39.0   15.0  1.730
  -117.903  36.1507   17.0   39.0   15.0  1.730
  -117.930  36.1507   20.0   39.0   15.0  1.730
  -117.957  36.1507   23.0   39.0   15.0  1.730
  -117.984  36.1507   26.0   39.0   15.0  1.730
  -118.011  36.1507   29.0   39.0   15.0  1.730
  -118.038  36.1507   32.0   39.0   15.0  1.730
  -118.065  36.1507   35.0   39.0   15.0  1.730
  -118.092  36.1507   38.0   39.0   15.0  1.730
  -118.119  36.1507   41.0   39.0   15.0  1.730
  -118.146  36.1507   44.0   39.0   15.0  1.730
  -118.173  36.1507   47.0   39.0   15.0  1.730
  -118.200  36.1507   50.0   39.0   15.0  1.730
  -118.227  36.1507   53.0   39.0   15.0  1.730
  -118.254  36.1507   56.0   39.0   15.0  1.730
  -118.281  36.1507   59.0   39.0   15.0  1.730
  -118.308  36.1507   62.0   39.0   15.0  1.730
  -118.335  36.1507   65.0   39.0   15.0  1.730
  -118.362  36.1507   68.0   39.0   15.0  1.730
  -118.388  36.1507   71.0   39.0   15.0  1.730
  -117.201  36.1777  -61.0   42.0   15.0  1.730
  -117.228  36.1777  -58.0   42.0   15.0  1.730
  -117.255  36.1777  -55.0   42.0   15.0  1.730
  -117.282  36.1777  -52.0   42.0   15.0  1.730
  -117.309  36.1777  -49.0   42.0   15.0  1.730
  -117.336  36.1777  -46.0   42.0   15.0  1.730
  -117.363  36.1777  -43.0   42.0   15.0  1.730
  -117.390  36.1777  -40.0   42.0   15.0  1.730
  -117.417  36.1777  -37.0   42.0   15.0  1.730
  -117.444  36.1777  -34.0   42.0   15.0  1.730
  -117.471  36.1777  -31.0   42.0   15.0  1.730
  -117.498  36.1777  -28.0   42.0   15.0  1.730
  -117.525  36.1777  -25.0   42.0   15.0  1.730
  -117.552  36.1777  -22.0   42.0   15.0  1.730
  -117.579  36.1777  -19.0   42.0   15.0  1.730
  -117.606  36.1777  -16.0   42.0   15.0  1.730
  -117.633  36.1777  -13.0   42.0   15.0  1.730
  -117.660  36.1777  -10.0   42.0   15.0  1.730
  -117.687  36.1777   -7.0   42.0   15.0  1.730
  -117.714  36.1777   -4.0   42.0   15.0  1.730
  -117.741  36.1777   -1.0   42.0   15.0  1.730
  -117.768  36.1777    2.0   42.0   15.0  1.730
  -117.795  36.1777    5.0   42.0   15.0  1.730
  -117.822  36.1777    8.0   42.0   15.0  1.730
  -117.849  36.1777   11.0   42.0   15.0  1.730
  -117.876  36.1777   14.0   42.0   15.0  1.730
  -117.903  36.1777   17.0   42.0   15.0  1.730
  -117.930  36.1777   20.0   42.0   15.0  1.730
  -117.957  36.1777   23.0   42.0   15.0  1.730
  -117.984  36.1777   26.0   42.0   15.0  1.730
  -118.011  36.1777   29.0   42.0   15.0  1.730
  -118.038  36.1777   32.0   42.0   15.0  1.730
  -118.065  36.1777   35.0   42.0   15.0  1.730
  -118.092  36.1777   38.0   42.0   15.0  1.730
  -118.119  36.1777   41.0   42.0   15.0  1.730
  -118.146  36.1777   44.0   42.0   15.0  1.730
  -118.173  36.1777   47.0   42.0   15.0  1.730
  -118.200  36.1777   50.0   42.0   15.0  1.730
  -118.227  36.1777   53.0   42.0   15.0  1.730
  -118.254  36.1777   56.0   42.0   15.0  1.730
  -118.281  36.1777   59.0   42.0   15.0  1.730
  -118.308  36.1777   62.0   42.0   15.0  1.730
  -118.335  36.1777   65.0   42.0   15.0  1.730
  -118.362  36.1777   68.0   42.0   15.0  1.730
  -118.388  36.1777   71.0   42.0   15.0  1.730
  -117.201  36.2047  -61.0   45.0   15.0  1.730
  -117.228  36.2047  -58.0   45.0   15.0  1.730
  -117.255  36.2047  -55.0   45.0   15.0  1.730
  -117.282  36.2047  -52.0   45.0   15.0  1.730
  -117.309  36.2047  -49.0   45.0   15.0  1.730
  -117.336  36.2047  -46.0   45.0   15.0  1.730
  -117.363  36.2047  -43.0   45.0   15.0  1.730
  -117.390  36.2047  -40.0   45.0   15.0  1.730
  -117.417  36.2047  -37.0   45.0   15.0  1.730
  -117.444  36.2047  -34.0   45.0   15.0  1.730
  -117.471  36.2047  -31.0   45.0   15.0  1.730
  -117.498  36.2047  -28.0   45.0   15.0  1.730
  -117.525  36.2047  -25.0   45.0   15.0  1.730
  -117.552  36.2047  -22.0   45.0   15.0  1.730
  -117.579  36.2047  -19.0   45.0   15.0  1.730
  -117.606  36.2047  -16.0   45.0   15.0  1.730
  -117.633  36.2047  -13.0   45.0   15.0  1.730
  -117.660  36.2047  -10.0   45.0   15.0  1.730
  -117.687  36.2047   -7.0   45.0   15.0  1.730
  -117.714  36.2047   -4.0   45.0   15.0  1.730
  -117.741  36.2047   -1.0   45.0   15.0  1.730
  -117.768  36.2047    2.0   45.0   15.0  1.730
  -117.795  36.2047    5.0   45.0   15.0  1.730
  -117.822  36.2047    8.0   45.0   15.0  1.730
  -117.849  36.2047   11.0   45.0   15.0  1.730
  -117.876  36.2047   14.0   45.0   15.0  1.730
  -117.903  36.2047   17.0   45.0   15.0  1.730
  -117.930  36.2047   20.0   45.0   15.0  1.730
  -117.957  36.2047   23.0   45.0   15.0  1.730
  -117.984  36.2047   26.0   45.0   15.0  1.730
  -118.011  36.2047   29.0   45.0   15.0  1.730
  -118.038  36.2047   32.0   45.0   15.0  1.730
  -118.065  36.2047   35.0   45.0   15.0  1.730
  -118.092  36.2047   38.0   45.0   15.0  1.730
  -118.119  36.2047   41.0   45.0   15.0  1.730
  -118.146  36.2047   44.0   45.0   15.0  1.730
  -118.173  36.2047   47.0   45.0   15.0  1.730
  -118.200  36.2047   50.0   45.0   15.0  1.730
  -118.227  36.2047   53.0   45.0   15.0  1.730
  -118.254  36.2047   56.0   45.0   15.0  1.730
  -118.281  36.2047   59.0   45.0   15.0  1.730
  -118.308  36.2047   62.0   45.0   15.0  1.730
  -118.335  36.2047   65.0   45.0   15.0  1.720
  -118.362  36.2047   68.0   45.0   15.0  1.720
  -118.388  36.2047   71.0   45.0   15.0  1.720
  -117.201  36.2317  -61.0   48.0   15.0  1.730
  -117.228  36.2317  -58.0   48.0   15.0  1.730
  -117.255  36.2317  -55.0   48.0   15.0  1.730
  -117.282  36.2317  -52.0   48.0   15.0  1.730
  -117.309  36.2317  -49.0   48.0   15.0  1.740
  -117.336  36.2317  -46.0   48.0   15.0  1.740
  -117.363  36.2317  -43.0   48.0   15.0  1.730
  -117.390  36.2317  -40.0   48.0   15.0  1.730
  -117.417  36.2317  -37.0   48.0   15.0  1.730
  -117.444  36.2317  -34.0   48.0   15.0  1.730
  -117.471  36.2317  -31.0   48.0   15.0  1.730
  -117.498  36.2317  -28.0   48.0   15.0  1.730
  -117.525  36.2317  -25.0   48.0   15.0  1.730
  -117.552  36.2317  -22.0   48.0   15.0  1.730
  -117.579  36.2317  -19.0   48.0   15.0  1.730
  -117.606  36.2317  -16.0   48.0   15.0  1.730
  -117.633  36.2317  -13.0   48.0   15.0  1.730
  -117.660  36.2317  -10.0   48.0   15.0  1.730
  -117.687  36.2317   -7.0   48.0   15.0  1.730
  -117.714  36.2317   -4.0   48.0   15.0  1.730
  -117.741  36.2317   -1.0   48.0   15.0  1.730
  -117.768  36.2317    2.0   48.0   15.0  1.730
  -117.795  36.2317    5.0   48.0   15.0  1.730
  -117.822  36.2317    8.0   48.0   15.0  1.730
  -117.849  36.2317   11.0   48.0   15.0  1.730
  -117.876  36.2317   14.0   48.0   15.0  1.730
  -117.903  36.2317   17.0   48.0   15.0  1.730
  -117.930  36.2317   20.0   48.0   15.0  1.730
  -117.957  36.2317   23.0   48.0   15.0  1.730
  -117.984  36.2317   26.0   48.0   15.0  1.730
  -118.011  36.2317   29.0   48.0   15.0  1.730
  -118.038  36.2317   32.0   48.0   15.0  1.730
  -118.065  36.2317   35.0   48.0   15.0  1.730
  -118.092  36.2317   38.0   48.0   15.0  1.730
  -118.119  36.2317   41.0   48.0   15.0  1.730
  -118.146  36.2317   44.0   48.0   15.0  1.730
  -118.173  36.2317   47.0   48.0   15.0  1.730
  -118.200  36.2317   50.0   48.0   15.0  1.730
  -118.227  36.2317   53.0   48.0   15.0  1.730
  -118.254  36.2317   56.0   48.0   15.0  1.730
  -118.281  36.2317   59.0   48.0   15.0  1.730
  -118.308  36.2317   62.0   48.0   15.0  1.720
  -118.335  36.2317   65.0   48.0   15.0  1.720
  -118.362  36.2317   68.0   48.0   15.0  1.710
  -118.388  36.2317   71.0   48.0   15.0  1.710
  -117.201  36.2587  -61.0   51.0   15.0  1.730
  -117.228  36.2587  -58.0   51.0   15.0  1.730
  -117.255  36.2587  -55.0   51.0   15.0  1.730
  -117.282  36.2587  -52.0   51.0   15.0  1.730
  -117.309  36.2587  -49.0   51.0   15.0  1.730
  -117.336  36.2587  -46.0   51.0   15.0  1.730
  -117.363  36.2587  -43.0   51.0   15.0  1.730
  -117.390  36.2587  -40.0   51.0   15.0  1.730
  -117.417  36.2587  -37.0   51.0   15.0  1.730
  -117.444  36.2587  -34.0   51.0   15.0  1.730
  -117.471  36.2587  -31.0   51.0   15.0  1.730
  -117.498  36.2587  -28.0   51.0   15.0  1.730
  -117.525  36.2587  -25.0   51.0   15.0  1.730
  -117.552  36.2587  -22.0   51.0   15.0  1.730
  -117.579  36.2587  -19.0   51.0   15.0  1.730
  -117.606  36.2587  -16.0   51.0   15.0  1.730
  -117.633  36.2587  -13.0   51.0   15.0  1.730
  -117.660  36.2587  -10.0   51.0   15.0  1.730
  -117.687  36.2587   -7.0   51.0   15.0  1.730
  -117.714  36.2587   -4.0   51.0   15.0  1.730
  -117.741  36.2587   -1.0   51.0   15.0  1.730
  -117.768  36.2587    2.0   51.0   15.0  1.730
  -117.795  36.2587    5.0   51.0   15.0  1.730
  -117.822  36.2587    8.0   51.0   15.0  1.730
  -117.849  36.2587   11.0   51.0   15.0  1.730
  -117.876  36.2587   14.0   51.0   15.0  1.730
  -117.903  36.2587   17.0   51.0   15.0  1.730
  -117.930  36.2587   20.0   51.0   15.0  1.730
  -117.957  36.2587   23.0   51.0   15.0  1.730
  -117.984  36.2587   26.0   51.0   15.0  1.730
  -118.011  36.2587   29.0   51.0   15.0  1.730
  -118.038  36.2587   32.0   51.0   15.0  1.730
  -118.065  36.2587   35.0   51.0   15.0  1.730
  -118.092  36.2587   38.0   51.0   15.0  1.730
  -118.119  36.2587   41.0   51.0   15.0  1.730
  -118.146  36.2587   44.0   51.0   15.0  1.730
  -118.173  36.2587   47.0   51.0   15.0  1.730
  -118.200  36.2587   50.0   51.0   15.0  1.730
  -118.227  36.2587   53.0   51.0   15.0  1.730
  -118.254  36.2587   56.0   51.0   15.0  1.730
  -118.281  36.2587   59.0   51.0   15.0  1.730
  -118.308  36.2587   62.0   51.0   15.0  1.720
  -118.335  36.2587   65.0   51.0   15.0  1.720
  -118.362  36.2587   68.0   51.0   15.0  1.710
  -118.388  36.2587   71.0   51.0   15.0  1.700
  -117.201  36.2856  -61.0   54.0   15.0  1.730
  -117.228  36.2856  -58.0   54.0   15.0  1.730
  -117.255  36.2856  -55.0   54.0   15.0  1.730
  -117.282  36.2856  -52.0   54.0   15.0  1.730
  -117.309  36.2856  -49.0   54.0   15.0  1.730
  -117.336  36.2856  -46.0   54.0   15.0  1.730
  -117.363  36.2856  -43.0   54.0   15.0  1.730
  -117.390  36.2856  -40.0   54.0   15.0  1.730
  -117.417  36.2856  -37.0   54.0   15.0  1.730
  -117.444  36.2856  -34.0   54.0   15.0  1.730
  -117.471  36.2856  -31.0   54.0   15.0  1.730
  -117.498  36.2856  -28.0   54.0   15.0  1.730
  -117.525  36.2856  -25.0   54.0   15.0  1.730
  -117.552  36.2856  -22.0   54.0   15.0  1.730
  -117.579  36.2856  -19.0   54.0   15.0  1.730
  -117.606  36.2856  -16.0   54.0   15.0  1.730
  -117.633  36.2856  -13.0   54.0   15.0  1.730
  -117.660  36.2856  -10.0   54.0   15.0  1.730
  -117.687  36.2856   -7.0   54.0   15.0  1.730
  -117.714  36.2856   -4.0   54.0   15.0  1.730
  -117.741  36.2856   -1.0   54.0   15.0  1.730
  -117.768  36.2856    2.0   54.0   15.0  1.730
  -117.795  36.2856    5.0   54.0   15.0  1.730
  -117.822  36.2856    8.0   54.0   15.0  1.730
  -117.849  36.2856   11.0   54.0   15.0  1.720
  -117.876  36.2856   14.0   54.0   15.0  1.730
  -117.903  36.2856   17.0   54.0   15.0  1.730
  -117.930  36.2856   20.0   54.0   15.0  1.730
  -117.957  36.2856   23.0   54.0   15.0  1.730
  -117.984  36.2856   26.0   54.0   15.0  1.730
  -118.011  36.2856   29.0   54.0   15.0  1.730
  -118.038  36.2856   32.0   54.0   15.0  1.730
  -118.065  36.2856   35.0   54.0   15.0  1.730
  -118.092  36.2856   38.0   54.0   15.0  1.730
  -118.119  36.2856   41.0   54.0   15.0  1.730
  -118.146  36.2856   44.0   54.0   15.0  1.730
  -118.173  36.2856   47.0   54.0   15.0  1.730
  -118.200  36.2856   50.0   54.0   15.0  1.730
  -118.227  36.2856   53.0   54.0   15.0  1.730
  -118.254  36.2856   56.0   54.0   15.0  1.730
  -118.281  36.2856   59.0   54.0   15.0  1.730
  -118.308  36.2856   62.0   54.0   15.0  1.720
  -118.335  36.2856   65.0   54.0   15.0  1.720
  -118.362  36.2856   68.0   54.0   15.0  1.710
  -118.388  36.2856   71.0   54.0   15.0  1.690
  -117.201  36.3126  -61.0   57.0   15.0  1.730
  -117.228  36.3126  -58.0   57.0   15.0  1.730
  -117.255  36.3126  -55.0   57.0   15.0  1.730
  -117.282  36.3126  -52.0   57.0   15.0  1.730
  -117.309  36.3126  -49.0   57.0   15.0  1.730
  -117.336  36.3126  -46.0   57.0   15.0  1.730
  -117.363  36.3126  -43.0   57.0   15.0  1.730
  -117.390  36.3126  -40.0   57.0   15.0  1.730
  -117.417  36.3126  -37.0   57.0   15.0  1.730
  -117.444  36.3126  -34.0   57.0   15.0  1.730
  -117.471  36.3126  -31.0   57.0   15.0  1.730
  -117.498  36.3126  -28.0   57.0   15.0  1.730
  -117.525  36.3126  -25.0   57.0   15.0  1.730
  -117.552  36.3126  -22.0   57.0   15.0  1.730
  -117.579  36.3126  -19.0   57.0   15.0  1.730
  -117.606  36.3126  -16.0   57.0   15.0  1.730
  -117.633  36.3126  -13.0   57.0   15.0  1.730
  -117.660  36.3126  -10.0   57.0   15.0  1.730
  -117.687  36.3126   -7.0   57.0   15.0  1.730
  -117.714  36.3126   -4.0   57.0   15.0  1.730
  -117.741  36.3126   -1.0   57.0   15.0  1.730
  -117.768  36.3126    2.0   57.0   15.0  1.730
  -117.795  36.3126    5.0   57.0   15.0  1.730
  -117.822  36.3126    8.0   57.0   15.0  1.730
  -117.849  36.3126   11.0   57.0   15.0  1.730
  -117.876  36.3126   14.0   57.0   15.0  1.730
  -117.903  36.3126   17.0   57.0   15.0  1.730
  -117.930  36.3126   20.0   57.0   15.0  1.730
  -117.957  36.3126   23.0   57.0   15.0  1.730
  -117.984  36.3126   26.0   57.0   15.0  1.730
  -118.011  36.3126   29.0   57.0   15.0  1.730
  -118.038  36.3126   32.0   57.0   15.0  1.730
  -118.065  36.3126   35.0   57.0   15.0  1.730
  -118.092  36.3126   38.0   57.0   15.0  1.730
  -118.119  36.3126   41.0   57.0   15.0  1.730
  -118.146  36.3126   44.0   57.0   15.0  1.730
  -118.173  36.3126   47.0   57.0   15.0  1.730
  -118.200  36.3126   50.0   57.0   15.0  1.730
  -118.227  36.3126   53.0   57.0   15.0  1.730
  -118.254  36.3126   56.0   57.0   15.0  1.730
  -118.281  36.3126   59.0   57.0   15.0  1.730
  -118.308  36.3126   62.0   57.0   15.0  1.730
  -118.335  36.3126   65.0   57.0   15.0  1.730
  -118.362  36.3126   68.0   57.0   15.0  1.720
  -118.388  36.3126   71.0   57.0   15.0  1.710
  -117.201  36.3396  -61.0   60.0   15.0  1.730
  -117.228  36.3396  -58.0   60.0   15.0  1.730
  -117.255  36.3396  -55.0   60.0   15.0  1.730
  -117.282  36.3396  -52.0   60.0   15.0  1.730
  -117.309  36.3396  -49.0   60.0   15.0  1.730
  -117.336  36.3396  -46.0   60.0   15.0  1.730
  -117.363  36.3396  -43.0   60.0   15.0  1.730
  -117.390  36.3396  -40.0   60.0   15.0  1.730
  -117.417  36.3396  -37.0   60.0   15.0  1.730
  -117.444  36.3396  -34.0   60.0   15.0  1.730
  -117.471  36.3396  -31.0   60.0   15.0  1.730
  -117.498  36.3396  -28.0   60.0   15.0  1.730
  -117.525  36.3396  -25.0   60.0   15.0  1.730
  -117.552  36.3396  -22.0   60.0   15.0  1.730
  -117.579  36.3396  -19.0   60.0   15.0  1.730
  -117.606  36.3396  -16.0   60.0   15.0  1.730
  -117.633  36.3396  -13.0   60.0   15.0  1.730
  -117.660  36.3396  -10.0   60.0   15.0  1.730
  -117.687  36.3396   -7.0   60.0   15.0  1.730
  -117.714  36.3396   -4.0   60.0   15.0  1.730
  -117.741  36.3396   -1.0   60.0   15.0  1.730
  -117.768  36.3396    2.0   60.0   15.0  1.730
  -117.795  36.3396    5.0   60.0   15.0  1.730
  -117.822  36.3396    8.0   60.0   15.0  1.730
  -117.849  36.3396   11.0   60.0   15.0  1.730
  -117.876  36.3396   14.0   60.0   15.0  1.730
  -117.903  36.3396   17.0   60.0   15.0  1.730
  -117.930  36.3396   20.0   60.0   15.0  1.730
  -117.957  36.3396   23.0   60.0   15.0  1.730
  -117.984  36.3396   26.0   60.0   15.0  1.730
  -118.011  36.3396   29.0   60.0   15.0  1.730
  -118.038  36.3396   32.0   60.0   15.0  1.730
  -118.065  36.3396   35.0   60.0   15.0  1.730
  -118.092  36.3396   38.0   60.0   15.0  1.730
  -118.119  36.3396   41.0   60.0   15.0  1.730
  -118.146  36.3396   44.0   60.0   15.0  1.730
  -118.173  36.3396   47.0   60.0   15.0  1.730
  -118.200  36.3396   50.0   60.0   15.0  1.730
  -118.227  36.3396   53.0   60.0   15.0  1.730
  -118.254  36.3396   56.0   60.0   15.0  1.730
  -118.281  36.3396   59.0   60.0   15.0  1.730
  -118.308  36.3396   62.0   60.0   15.0  1.730
  -118.335  36.3396   65.0   60.0   15.0  1.740
  -118.362  36.3396   68.0   60.0   15.0  1.740
  -118.388  36.3396   71.0   60.0   15.0  1.730
  -117.201  36.3666  -61.0   63.0   15.0  1.730
  -117.228  36.3666  -58.0   63.0   15.0  1.730
  -117.255  36.3666  -55.0   63.0   15.0  1.730
  -117.282  36.3666  -52.0   63.0   15.0  1.730
  -117.309  36.3666  -49.0   63.0   15.0  1.730
  -117.336  36.3666  -46.0   63.0   15.0  1.730
  -117.363  36.3666  -43.0   63.0   15.0  1.730
  -117.390  36.3666  -40.0   63.0   15.0  1.730
  -117.417  36.3666  -37.0   63.0   15.0  1.730
  -117.444  36.3666  -34.0   63.0   15.0  1.730
  -117.471  36.3666  -31.0   63.0   15.0  1.730
  -117.498  36.3666  -28.0   63.0   15.0  1.730
  -117.525  36.3666  -25.0   63.0   15.0  1.730
  -117.552  36.3666  -22.0   63.0   15.0  1.730
  -117.579  36.3666  -19.0   63.0   15.0  1.730
  -117.606  36.3666  -16.0   63.0   15.0  1.730
  -117.633  36.3666  -13.0   63.0   15.0  1.730
  -117.660  36.3666  -10.0   63.0   15.0  1.730
  -117.687  36.3666   -7.0   63.0   15.0  1.730
  -117.714  36.3666   -4.0   63.0   15.0  1.730
  -117.741  36.3666   -1.0   63.0   15.0  1.730
  -117.768  36.3666    2.0   63.0   15.0  1.730
  -117.795  36.3666    5.0   63.0   15.0  1.730
  -117.822  36.3666    8.0   63.0   15.0  1.730
  -117.849  36.3666   11.0   63.0   15.0  1.730
  -117.876  36.3666   14.0   63.0   15.0  1.730
  -117.903  36.3666   17.0   63.0   15.0  1.730
  -117.930  36.3666   20.0   63.0   15.0  1.730
  -117.957  36.3666   23.0   63.0   15.0  1.730
  -117.984  36.3666   26.0   63.0   15.0  1.730
  -118.011  36.3666   29.0   63.0   15.0  1.730
  -118.038  36.3666   32.0   63.0   15.0  1.730
  -118.065  36.3666   35.0   63.0   15.0  1.730
  -118.092  36.3666   38.0   63.0   15.0  1.730
  -118.119  36.3666   41.0   63.0   15.0  1.730
  -118.146  36.3666   44.0   63.0   15.0  1.730
  -118.173  36.3666   47.0   63.0   15.0  1.730
  -118.200  36.3666   50.0   63.0   15.0  1.730
  -118.227  36.3666   53.0   63.0   15.0  1.730
  -118.254  36.3666   56.0   63.0   15.0  1.730
  -118.281  36.3666   59.0   63.0   15.0  1.730
  -118.308  36.3666   62.0   63.0   15.0  1.740
  -118.335  36.3666   65.0   63.0   15.0  1.740
  -118.362  36.3666   68.0   63.0   15.0  1.740
  -118.388  36.3666   71.0   63.0   15.0  1.740
  -117.201  36.3936  -61.0   66.0   15.0  1.730
  -117.228  36.3936  -58.0   66.0   15.0  1.730
  -117.255  36.3936  -55.0   66.0   15.0  1.730
  -117.282  36.3936  -52.0   66.0   15.0  1.730
  -117.309  36.3936  -49.0   66.0   15.0  1.730
  -117.336  36.3936  -46.0   66.0   15.0  1.730
  -117.363  36.3936  -43.0   66.0   15.0  1.720
  -117.390  36.3936  -40.0   66.0   15.0  1.720
  -117.417  36.3936  -37.0   66.0   15.0  1.730
  -117.444  36.3936  -34.0   66.0   15.0  1.730
  -117.471  36.3936  -31.0   66.0   15.0  1.730
  -117.498  36.3936  -28.0   66.0   15.0  1.730
  -117.525  36.3936  -25.0   66.0   15.0  1.730
  -117.552  36.3936  -22.0   66.0   15.0  1.730
  -117.579  36.3936  -19.0   66.0   15.0  1.730
  -117.606  36.3936  -16.0   66.0   15.0  1.730
  -117.633  36.3936  -13.0   66.0   15.0  1.730
  -117.660  36.3936  -10.0   66.0   15.0  1.730
  -117.687  36.3936   -7.0   66.0   15.0  1.730
  -117.714  36.3936   -4.0   66.0   15.0  1.730
  -117.741  36.3936   -1.0   66.0   15.0  1.730
  -117.768  36.3936    2.0   66.0   15.0  1.730
  -117.795  36.3936    5.0   66.0   15.0  1.730
  -117.822  36.3936    8.0   66.0   15.0  1.730
  -117.849  36.3936   11.0   66.0   15.0  1.730
  -117.876  36.3936   14.0   66.0   15.0  1.730
  -117.903  36.3936   17.0   66.0   15.0  1.730
  -117.930  36.3936   20.0   66.0   15.0  1.730
  -117.957  36.3936   23.0   66.0   15.0  1.730
  -117.984  36.3936   26.0   66.0   15.0  1.730
  -118.011  36.3936   29.0   66.0   15.0  1.730
  -118.038  36.3936   32.0   66.0   15.0  1.730
  -118.065  36.3936   35.0   66.0   15.0  1.730
  -118.092  36.3936   38.0   66.0   15.0  1.730
  -118.119  36.3936   41.0   66.0   15.0  1.730
  -118.146  36.3936   44.0   66.0   15.0  1.730
  -118.173  36.3936   47.0   66.0   15.0  1.730
  -118.200  36.3936   50.0   66.0   15.0  1.730
  -118.227  36.3936   53.0   66.0   15.0  1.730
  -118.254  36.3936   56.0   66.0   15.0  1.730
  -118.281  36.3936   59.0   66.0   15.0  1.730
  -118.308  36.3936   62.0   66.0   15.0  1.740
  -118.335  36.3936   65.0   66.0   15.0  1.750
  -118.362  36.3936   68.0   66.0   15.0  1.750
  -118.388  36.3936   71.0   66.0   15.0  1.740
  -117.201  35.5032  -61.0  -33.0   20.0  1.730
  -117.228  35.5032  -58.0  -33.0   20.0  1.730
  -117.255  35.5032  -55.0  -33.0   20.0  1.730
  -117.282  35.5032  -52.0  -33.0   20.0  1.730
  -117.309  35.5032  -49.0  -33.0   20.0  1.730
  -117.336  35.5032  -46.0  -33.0   20.0  1.730
  -117.363  35.5032  -43.0  -33.0   20.0  1.730
  -117.390  35.5032  -40.0  -33.0   20.0  1.730
  -117.417  35.5032  -37.0  -33.0   20.0  1.730
  -117.444  35.5032  -34.0  -33.0   20.0  1.730
  -117.471  35.5032  -31.0  -33.0   20.0  1.730
  -117.498  35.5032  -28.0  -33.0   20.0  1.730
  -117.525  35.5032  -25.0  -33.0   20.0  1.730
  -117.552  35.5032  -22.0  -33.0   20.0  1.730
  -117.579  35.5032  -19.0  -33.0   20.0  1.730
  -117.606  35.5032  -16.0  -33.0   20.0  1.730
  -117.633  35.5032  -13.0  -33.0   20.0  1.730
  -117.660  35.5032  -10.0  -33.0   20.0  1.730
  -117.687  35.5032   -7.0  -33.0   20.0  1.730
  -117.714  35.5032   -4.0  -33.0   20.0  1.730
  -117.741  35.5032   -1.0  -33.0   20.0  1.730
  -117.768  35.5032    2.0  -33.0   20.0  1.730
  -117.795  35.5032    5.0  -33.0   20.0  1.730
  -117.822  35.5032    8.0  -33.0   20.0  1.730
  -117.849  35.5032   11.0  -33.0   20.0  1.730
  -117.876  35.5032   14.0  -33.0   20.0  1.730
  -117.903  35.5032   17.0  -33.0   20.0  1.730
  -117.930  35.5032   20.0  -33.0   20.0  1.730
  -117.957  35.5032   23.0  -33.0   20.0  1.730
  -117.984  35.5032   26.0  -33.0   20.0  1.730
  -118.011  35.5032   29.0  -33.0   20.0  1.730
  -118.038  35.5032   32.0  -33.0   20.0  1.730
  -118.065  35.5032   35.0  -33.0   20.0  1.730
  -118.092  35.5032   38.0  -33.0   20.0  1.730
  -118.119  35.5032   41.0  -33.0   20.0  1.730
  -118.146  35.5032   44.0  -33.0   20.0  1.730
  -118.173  35.5032   47.0  -33.0   20.0  1.730
  -118.200  35.5032   50.0  -33.0   20.0  1.730
  -118.227  35.5032   53.0  -33.0   20.0  1.730
  -118.254  35.5032   56.0  -33.0   20.0  1.730
  -118.281  35.5032   59.0  -33.0   20.0  1.730
  -118.308  35.5032   62.0  -33.0   20.0  1.730
  -118.335  35.5032   65.0  -33.0   20.0  1.730
  -118.362  35.5032   68.0  -33.0   20.0  1.730
  -118.388  35.5032   71.0  -33.0   20.0  1.730
  -117.201  35.5302  -61.0  -30.0   20.0  1.730
  -117.228  35.5302  -58.0  -30.0   20.0  1.730
  -117.255  35.5302  -55.0  -30.0   20.0  1.730
  -117.282  35.5302  -52.0  -30.0   20.0  1.730
  -117.309  35.5302  -49.0  -30.0   20.0  1.730
  -117.336  35.5302  -46.0  -30.0   20.0  1.730
  -117.363  35.5302  -43.0  -30.0   20.0  1.730
  -117.390  35.5302  -40.0  -30.0   20.0  1.730
  -117.417  35.5302  -37.0  -30.0   20.0  1.730
  -117.444  35.5302  -34.0  -30.0   20.0  1.730
  -117.471  35.5302  -31.0  -30.0   20.0  1.730
  -117.498  35.5302  -28.0  -30.0   20.0  1.730
  -117.525  35.5302  -25.0  -30.0   20.0  1.730
  -117.552  35.5302  -22.0  -30.0   20.0  1.730
  -117.579  35.5302  -19.0  -30.0   20.0  1.730
  -117.606  35.5302  -16.0  -30.0   20.0  1.730
  -117.633  35.5302  -13.0  -30.0   20.0  1.730
  -117.660  35.5302  -10.0  -30.0   20.0  1.730
  -117.687  35.5302   -7.0  -30.0   20.0  1.730
  -117.714  35.5302   -4.0  -30.0   20.0  1.730
  -117.741  35.5302   -1.0  -30.0   20.0  1.730
  -117.768  35.5302    2.0  -30.0   20.0  1.730
  -117.795  35.5302    5.0  -30.0   20.0  1.730
  -117.822  35.5302    8.0  -30.0   20.0  1.730
  -117.849  35.5302   11.0  -30.0   20.0  1.730
  -117.876  35.5302   14.0  -30.0   20.0  1.730
  -117.903  35.5302   17.0  -30.0   20.0  1.730
  -117.930  35.5302   20.0  -30.0   20.0  1.730
  -117.957  35.5302   23.0  -30.0   20.0  1.730
  -117.984  35.5302   26.0  -30.0   20.0  1.730
  -118.011  35.5302   29.0  -30.0   20.0  1.730
  -118.038  35.5302   32.0  -30.0   20.0  1.730
  -118.065  35.5302   35.0  -30.0   20.0  1.730
  -118.092  35.5302   38.0  -30.0   20.0  1.730
  -118.119  35.5302   41.0  -30.0   20.0  1.730
  -118.146  35.5302   44.0  -30.0   20.0  1.730
  -118.173  35.5302   47.0  -30.0   20.0  1.730
  -118.200  35.5302   50.0  -30.0   20.0  1.730
  -118.227  35.5302   53.0  -30.0   20.0  1.730
  -118.254  35.5302   56.0  -30.0   20.0  1.730
  -118.281  35.5302   59.0  -30.0   20.0  1.730
  -118.308  35.5302   62.0  -30.0   20.0  1.730
  -118.335  35.5302   65.0  -30.0   20.0  1.730
  -118.362  35.5302   68.0  -30.0   20.0  1.730
  -118.388  35.5302   71.0  -30.0   20.0  1.730
  -117.201  35.5572  -61.0  -27.0   20.0  1.730
  -117.228  35.5572  -58.0  -27.0   20.0  1.730
  -117.255  35.5572  -55.0  -27.0   20.0  1.730
  -117.282  35.5572  -52.0  -27.0   20.0  1.730
  -117.309  35.5572  -49.0  -27.0   20.0  1.730
  -117.336  35.5572  -46.0  -27.0   20.0  1.730
  -117.363  35.5572  -43.0  -27.0   20.0  1.730
  -117.390  35.5572  -40.0  -27.0   20.0  1.730
  -117.417  35.5572  -37.0  -27.0   20.0  1.730
  -117.444  35.5572  -34.0  -27.0   20.0  1.730
  -117.471  35.5572  -31.0  -27.0   20.0  1.730
  -117.498  35.5572  -28.0  -27.0   20.0  1.730
  -117.525  35.5572  -25.0  -27.0   20.0  1.730
  -117.552  35.5572  -22.0  -27.0   20.0  1.730
  -117.579  35.5572  -19.0  -27.0   20.0  1.730
  -117.606  35.5572  -16.0  -27.0   20.0  1.730
  -117.633  35.5572  -13.0  -27.0   20.0  1.730
  -117.660  35.5572  -10.0  -27.0   20.0  1.730
  -117.687  35.5572   -7.0  -27.0   20.0  1.730
  -117.714  35.5572   -4.0  -27.0   20.0  1.730
  -117.741  35.5572   -1.0  -27.0   20.0  1.730
  -117.768  35.5572    2.0  -27.0   20.0  1.730
  -117.795  35.5572    5.0  -27.0   20.0  1.730
  -117.822  35.5572    8.0  -27.0   20.0  1.730
  -117.849  35.5572   11.0  -27.0   20.0  1.730
  -117.876  35.5572   14.0  -27.0   20.0  1.730
  -117.903  35.5572   17.0  -27.0   20.0  1.730
  -117.930  35.5572   20.0  -27.0   20.0  1.730
  -117.957  35.5572   23.0  -27.0   20.0  1.730
  -117.984  35.5572   26.0  -27.0   20.0  1.730
  -118.011  35.5572   29.0  -27.0   20.0  1.730
  -118.038  35.5572   32.0  -27.0   20.0  1.730
  -118.065  35.5572   35.0  -27.0   20.0  1.730
  -118.092  35.5572   38.0  -27.0   20.0  1.730
  -118.119  35.5572   41.0  -27.0   20.0  1.730
  -118.146  35.5572   44.0  -27.0   20.0  1.730
  -118.173  35.5572   47.0  -27.0   20.0  1.730
  -118.200  35.5572   50.0  -27.0   20.0  1.730
  -118.227  35.5572   53.0  -27.0   20.0  1.730
  -118.254  35.5572   56.0  -27.0   20.0  1.730
  -118.281  35.5572   59.0  -27.0   20.0  1.730
  -118.308  35.5572   62.0  -27.0   20.0  1.730
  -118.335  35.5572   65.0  -27.0   20.0  1.730
  -118.362  35.5572   68.0  -27.0   20.0  1.730
  -118.388  35.5572   71.0  -27.0   20.0  1.730
  -117.201  35.5842  -61.0  -24.0   20.0  1.730
  -117.228  35.5842  -58.0  -24.0   20.0  1.730
  -117.255  35.5842  -55.0  -24.0   20.0  1.730
  -117.282  35.5842  -52.0  -24.0   20.0  1.730
  -117.309  35.5842  -49.0  -24.0   20.0  1.730
  -117.336  35.5842  -46.0  -24.0   20.0  1.730
  -117.363  35.5842  -43.0  -24.0   20.0  1.730
  -117.390  35.5842  -40.0  -24.0   20.0  1.730
  -117.417  35.5842  -37.0  -24.0   20.0  1.730
  -117.444  35.5842  -34.0  -24.0   20.0  1.730
  -117.471  35.5842  -31.0  -24.0   20.0  1.730
  -117.498  35.5842  -28.0  -24.0   20.0  1.730
  -117.525  35.5842  -25.0  -24.0   20.0  1.730
  -117.552  35.5842  -22.0  -24.0   20.0  1.730
  -117.579  35.5842  -19.0  -24.0   20.0  1.730
  -117.606  35.5842  -16.0  -24.0   20.0  1.730
  -117.633  35.5842  -13.0  -24.0   20.0  1.730
  -117.660  35.5842  -10.0  -24.0   20.0  1.730
  -117.687  35.5842   -7.0  -24.0   20.0  1.730
  -117.714  35.5842   -4.0  -24.0   20.0  1.730
  -117.741  35.5842   -1.0  -24.0   20.0  1.730
  -117.768  35.5842    2.0  -24.0   20.0  1.730
  -117.795  35.5842    5.0  -24.0   20.0  1.730
  -117.822  35.5842    8.0  -24.0   20.0  1.730
  -117.849  35.5842   11.0  -24.0   20.0  1.730
  -117.876  35.5842   14.0  -24.0   20.0  1.730
  -117.903  35.5842   17.0  -24.0   20.0  1.730
  -117.930  35.5842   20.0  -24.0   20.0  1.730
  -117.957  35.5842   23.0  -24.0   20.0  1.730
  -117.984  35.5842   26.0  -24.0   20.0  1.730
  -118.011  35.5842   29.0  -24.0   20.0  1.730
  -118.038  35.5842   32.0  -24.0   20.0  1.730
  -118.065  35.5842   35.0  -24.0   20.0  1.730
  -118.092  35.5842   38.0  -24.0   20.0  1.730
  -118.119  35.5842   41.0  -24.0   20.0  1.730
  -118.146  35.5842   44.0  -24.0   20.0  1.730
  -118.173  35.5842   47.0  -24.0   20.0  1.730
  -118.200  35.5842   50.0  -24.0   20.0  1.730
  -118.227  35.5842   53.0  -24.0   20.0  1.730
  -118.254  35.5842   56.0  -24.0   20.0  1.730
  -118.281  35.5842   59.0  -24.0   20.0  1.730
  -118.308  35.5842   62.0  -24.0   20.0  1.730
  -118.335  35.5842   65.0  -24.0   20.0  1.730
  -118.362  35.5842   68.0  -24.0   20.0  1.730
  -118.388  35.5842   71.0  -24.0   20.0  1.730
  -117.201  35.6111  -61.0  -21.0   20.0  1.730
  -117.228  35.6111  -58.0  -21.0   20.0  1.730
  -117.255  35.6111  -55.0  -21.0   20.0  1.730
  -117.282  35.6111  -52.0  -21.0   20.0  1.730
  -117.309  35.6111  -49.0  -21.0   20.0  1.730
  -117.336  35.6111  -46.0  -21.0   20.0  1.730
  -117.363  35.6111  -43.0  -21.0   20.0  1.730
  -117.390  35.6111  -40.0  -21.0   20.0  1.730
  -117.417  35.6111  -37.0  -21.0   20.0  1.730
  -117.444  35.6111  -34.0  -21.0   20.0  1.730
  -117.471  35.6111  -31.0  -21.0   20.0  1.730
  -117.498  35.6111  -28.0  -21.0   20.0  1.730
  -117.525  35.6111  -25.0  -21.0   20.0  1.730
  -117.552  35.6111  -22.0  -21.0   20.0  1.730
  -117.579  35.6111  -19.0  -21.0   20.0  1.730
  -117.606  35.6111  -16.0  -21.0   20.0  1.730
  -117.633  35.6111  -13.0  -21.0   20.0  1.730
  -117.660  35.6111  -10.0  -21.0   20.0  1.730
  -117.687  35.6111   -7.0  -21.0   20.0  1.730
  -117.714  35.6111   -4.0  -21.0   20.0  1.730
  -117.741  35.6111   -1.0  -21.0   20.0  1.730
  -117.768  35.6111    2.0  -21.0   20.0  1.730
  -117.795  35.6111    5.0  -21.0   20.0  1.730
  -117.822  35.6111    8.0  -21.0   20.0  1.730
  -117.849  35.6111   11.0  -21.0   20.0  1.730
  -117.876  35.6111   14.0  -21.0   20.0  1.730
  -117.903  35.6111   17.0  -21.0   20.0  1.730
  -117.930  35.6111   20.0  -21.0   20.0  1.730
  -117.957  35.6111   23.0  -21.0   20.0  1.730
  -117.984  35.6111   26.0  -21.0   20.0  1.730
  -118.011  35.6111   29.0  -21.0   20.0  1.730
  -118.038  35.6111   32.0  -21.0   20.0  1.730
  -118.065  35.6111   35.0  -21.0   20.0  1.730
  -118.092  35.6111   38.0  -21.0   20.0  1.730
  -118.119  35.6111   41.0  -21.0   20.0  1.730
  -118.146  35.6111   44.0  -21.0   20.0  1.730
  -118.173  35.6111   47.0  -21.0   20.0  1.730
  -118.200  35.6111   50.0  -21.0   20.0  1.730
  -118.227  35.6111   53.0  -21.0   20.0  1.730
  -118.254  35.6111   56.0  -21.0   20.0  1.730
  -118.281  35.6111   59.0  -21.0   20.0  1.730
  -118.308  35.6111   62.0  -21.0   20.0  1.730
  -118.335  35.6111   65.0  -21.0   20.0  1.730
  -118.362  35.6111   68.0  -21.0   20.0  1.730
  -118.388  35.6111   71.0  -21.0   20.0  1.730
  -117.201  35.6381  -61.0  -18.0   20.0  1.730
  -117.228  35.6381  -58.0  -18.0   20.0  1.730
  -117.255  35.6381  -55.0  -18.0   20.0  1.730
  -117.282  35.6381  -52.0  -18.0   20.0  1.730
  -117.309  35.6381  -49.0  -18.0   20.0  1.730
  -117.336  35.6381  -46.0  -18.0   20.0  1.730
  -117.363  35.6381  -43.0  -18.0   20.0  1.730
  -117.390  35.6381  -40.0  -18.0   20.0  1.730
  -117.417  35.6381  -37.0  -18.0   20.0  1.730
  -117.444  35.6381  -34.0  -18.0   20.0  1.730
  -117.471  35.6381  -31.0  -18.0   20.0  1.730
  -117.498  35.6381  -28.0  -18.0   20.0  1.730
  -117.525  35.6381  -25.0  -18.0   20.0  1.730
  -117.552  35.6381  -22.0  -18.0   20.0  1.730
  -117.579  35.6381  -19.0  -18.0   20.0  1.730
  -117.606  35.6381  -16.0  -18.0   20.0  1.730
  -117.633  35.6381  -13.0  -18.0   20.0  1.730
  -117.660  35.6381  -10.0  -18.0   20.0  1.730
  -117.687  35.6381   -7.0  -18.0   20.0  1.730
  -117.714  35.6381   -4.0  -18.0   20.0  1.730
  -117.741  35.6381   -1.0  -18.0   20.0  1.730
  -117.768  35.6381    2.0  -18.0   20.0  1.730
  -117.795  35.6381    5.0  -18.0   20.0  1.730
  -117.822  35.6381    8.0  -18.0   20.0  1.730
  -117.849  35.6381   11.0  -18.0   20.0  1.730
  -117.876  35.6381   14.0  -18.0   20.0  1.730
  -117.903  35.6381   17.0  -18.0   20.0  1.730
  -117.930  35.6381   20.0  -18.0   20.0  1.730
  -117.957  35.6381   23.0  -18.0   20.0  1.730
  -117.984  35.6381   26.0  -18.0   20.0  1.730
  -118.011  35.6381   29.0  -18.0   20.0  1.730
  -118.038  35.6381   32.0  -18.0   20.0  1.730
  -118.065  35.6381   35.0  -18.0   20.0  1.730
  -118.092  35.6381   38.0  -18.0   20.0  1.730
  -118.119  35.6381   41.0  -18.0   20.0  1.730
  -118.146  35.6381   44.0  -18.0   20.0  1.730
  -118.173  35.6381   47.0  -18.0   20.0  1.730
  -118.200  35.6381   50.0  -18.0   20.0  1.730
  -118.227  35.6381   53.0  -18.0   20.0  1.730
  -118.254  35.6381   56.0  -18.0   20.0  1.730
  -118.281  35.6381   59.0  -18.0   20.0  1.730
  -118.308  35.6381   62.0  -18.0   20.0  1.730
  -118.335  35.6381   65.0  -18.0   20.0  1.730
  -118.362  35.6381   68.0  -18.0   20.0  1.730
  -118.388  35.6381   71.0  -18.0   20.0  1.730
  -117.201  35.6651  -61.0  -15.0   20.0  1.730
  -117.228  35.6651  -58.0  -15.0   20.0  1.730
  -117.255  35.6651  -55.0  -15.0   20.0  1.730
  -117.282  35.6651  -52.0  -15.0   20.0  1.730
  -117.309  35.6651  -49.0  -15.0   20.0  1.730
  -117.336  35.6651  -46.0  -15.0   20.0  1.730
  -117.363  35.6651  -43.0  -15.0   20.0  1.730
  -117.390  35.6651  -40.0  -15.0   20.0  1.730
  -117.417  35.6651  -37.0  -15.0   20.0  1.730
  -117.444  35.6651  -34.0  -15.0   20.0  1.730
  -117.471  35.6651  -31.0  -15.0   20.0  1.730
  -117.498  35.6651  -28.0  -15.0   20.0  1.730
  -117.525  35.6651  -25.0  -15.0   20.0  1.730
  -117.552  35.6651  -22.0  -15.0   20.0  1.730
  -117.579  35.6651  -19.0  -15.0   20.0  1.730
  -117.606  35.6651  -16.0  -15.0   20.0  1.730
  -117.633  35.6651  -13.0  -15.0   20.0  1.730
  -117.660  35.6651  -10.0  -15.0   20.0  1.730
  -117.687  35.6651   -7.0  -15.0   20.0  1.730
  -117.714  35.6651   -4.0  -15.0   20.0  1.730
  -117.741  35.6651   -1.0  -15.0   20.0  1.730
  -117.768  35.6651    2.0  -15.0   20.0  1.730
  -117.795  35.6651    5.0  -15.0   20.0  1.730
  -117.822  35.6651    8.0  -15.0   20.0  1.730
  -117.849  35.6651   11.0  -15.0   20.0  1.730
  -117.876  35.6651   14.0  -15.0   20.0  1.730
  -117.903  35.6651   17.0  -15.0   20.0  1.730
  -117.930  35.6651   20.0  -15.0   20.0  1.730
  -117.957  35.6651   23.0  -15.0   20.0  1.730
  -117.984  35.6651   26.0  -15.0   20.0  1.730
  -118.011  35.6651   29.0  -15.0   20.0  1.730
  -118.038  35.6651   32.0  -15.0   20.0  1.730
  -118.065  35.6651   35.0  -15.0   20.0  1.730
  -118.092  35.6651   38.0  -15.0   20.0  1.730
  -118.119  35.6651   41.0  -15.0   20.0  1.730
  -118.146  35.6651   44.0  -15.0   20.0  1.730
  -118.173  35.6651   47.0  -15.0   20.0  1.730
  -118.200  35.6651   50.0  -15.0   20.0  1.730
  -118.227  35.6651   53.0  -15.0   20.0  1.730
  -118.254  35.6651   56.0  -15.0   20.0  1.730
  -118.281  35.6651   59.0  -15.0   20.0  1.730
  -118.308  35.6651   62.0  -15.0   20.0  1.730
  -118.335  35.6651   65.0  -15.0   20.0  1.730
  -118.362  35.6651   68.0  -15.0   20.0  1.730
  -118.388  35.6651   71.0  -15.0   20.0  1.730
  -117.201  35.6921  -61.0  -12.0   20.0  1.730
  -117.228  35.6921  -58.0  -12.0   20.0  1.730
  -117.255  35.6921  -55.0  -12.0   20.0  1.730
  -117.282  35.6921  -52.0  -12.0   20.0  1.730
  -117.309  35.6921  -49.0  -12.0   20.0  1.730
  -117.336  35.6921  -46.0  -12.0   20.0  1.730
  -117.363  35.6921  -43.0  -12.0   20.0  1.730
  -117.390  35.6921  -40.0  -12.0   20.0  1.730
  -117.417  35.6921  -37.0  -12.0   20.0  1.730
  -117.444  35.6921  -34.0  -12.0   20.0  1.730
  -117.471  35.6921  -31.0  -12.0   20.0  1.730
  -117.498  35.6921  -28.0  -12.0   20.0  1.730
  -117.525  35.6921  -25.0  -12.0   20.0  1.730
  -117.552  35.6921  -22.0  -12.0   20.0  1.730
  -117.579  35.6921  -19.0  -12.0   20.0  1.730
  -117.606  35.6921  -16.0  -12.0   20.0  1.730
  -117.633  35.6921  -13.0  -12.0   20.0  1.730
  -117.660  35.6921  -10.0  -12.0   20.0  1.730
  -117.687  35.6921   -7.0  -12.0   20.0  1.730
  -117.714  35.6921   -4.0  -12.0   20.0  1.730
  -117.741  35.6921   -1.0  -12.0   20.0  1.730
  -117.768  35.6921    2.0  -12.0   20.0  1.730
  -117.795  35.6921    5.0  -12.0   20.0  1.730
  -117.822  35.6921    8.0  -12.0   20.0  1.730
  -117.849  35.6921   11.0  -12.0   20.0  1.730
  -117.876  35.6921   14.0  -12.0   20.0  1.730
  -117.903  35.6921   17.0  -12.0   20.0  1.730
  -117.930  35.6921   20.0  -12.0   20.0  1.730
  -117.957  35.6921   23.0  -12.0   20.0  1.730
  -117.984  35.6921   26.0  -12.0   20.0  1.730
  -118.011  35.6921   29.0  -12.0   20.0  1.730
  -118.038  35.6921   32.0  -12.0   20.0  1.730
  -118.065  35.6921   35.0  -12.0   20.0  1.730
  -118.092  35.6921   38.0  -12.0   20.0  1.730
  -118.119  35.6921   41.0  -12.0   20.0  1.730
  -118.146  35.6921   44.0  -12.0   20.0  1.730
  -118.173  35.6921   47.0  -12.0   20.0  1.730
  -118.200  35.6921   50.0  -12.0   20.0  1.730
  -118.227  35.6921   53.0  -12.0   20.0  1.730
  -118.254  35.6921   56.0  -12.0   20.0  1.730
  -118.281  35.6921   59.0  -12.0   20.0  1.730
  -118.308  35.6921   62.0  -12.0   20.0  1.730
  -118.335  35.6921   65.0  -12.0   20.0  1.730
  -118.362  35.6921   68.0  -12.0   20.0  1.730
  -118.388  35.6921   71.0  -12.0   20.0  1.730
  -117.201  35.7191  -61.0   -9.0   20.0  1.730
  -117.228  35.7191  -58.0   -9.0   20.0  1.730
  -117.255  35.7191  -55.0   -9.0   20.0  1.730
  -117.282  35.7191  -52.0   -9.0   20.0  1.730
  -117.309  35.7191  -49.0   -9.0   20.0  1.730
  -117.336  35.7191  -46.0   -9.0   20.0  1.730
  -117.363  35.7191  -43.0   -9.0   20.0  1.730
  -117.390  35.7191  -40.0   -9.0   20.0  1.730
  -117.417  35.7191  -37.0   -9.0   20.0  1.730
  -117.444  35.7191  -34.0   -9.0   20.0  1.730
  -117.471  35.7191  -31.0   -9.0   20.0  1.730
  -117.498  35.7191  -28.0   -9.0   20.0  1.730
  -117.525  35.7191  -25.0   -9.0   20.0  1.730
  -117.552  35.7191  -22.0   -9.0   20.0  1.730
  -117.579  35.7191  -19.0   -9.0   20.0  1.730
  -117.606  35.7191  -16.0   -9.0   20.0  1.730
  -117.633  35.7191  -13.0   -9.0   20.0  1.730
  -117.660  35.7191  -10.0   -9.0   20.0  1.730
  -117.687  35.7191   -7.0   -9.0   20.0  1.730
  -117.714  35.7191   -4.0   -9.0   20.0  1.730
  -117.741  35.7191   -1.0   -9.0   20.0  1.730
  -117.768  35.7191    2.0   -9.0   20.0  1.730
  -117.795  35.7191    5.0   -9.0   20.0  1.730
  -117.822  35.7191    8.0   -9.0   20.0  1.730
  -117.849  35.7191   11.0   -9.0   20.0  1.730
  -117.876  35.7191   14.0   -9.0   20.0  1.730
  -117.903  35.7191   17.0   -9.0   20.0  1.730
  -117.930  35.7191   20.0   -9.0   20.0  1.730
  -117.957  35.7191   23.0   -9.0   20.0  1.730
  -117.984  35.7191   26.0   -9.0   20.0  1.730
  -118.011  35.7191   29.0   -9.0   20.0  1.730
  -118.038  35.7191   32.0   -9.0   20.0  1.730
  -118.065  35.7191   35.0   -9.0   20.0  1.730
  -118.092  35.7191   38.0   -9.0   20.0  1.730
  -118.119  35.7191   41.0   -9.0   20.0  1.730
  -118.146  35.7191   44.0   -9.0   20.0  1.730
  -118.173  35.7191   47.0   -9.0   20.0  1.730
  -118.200  35.7191   50.0   -9.0   20.0  1.730
  -118.227  35.7191   53.0   -9.0   20.0  1.730
  -118.254  35.7191   56.0   -9.0   20.0  1.730
  -118.281  35.7191   59.0   -9.0   20.0  1.730
  -118.308  35.7191   62.0   -9.0   20.0  1.730
  -118.335  35.7191   65.0   -9.0   20.0  1.730
  -118.362  35.7191   68.0   -9.0   20.0  1.730
  -118.388  35.7191   71.0   -9.0   20.0  1.730
  -117.201  35.7460  -61.0   -6.0   20.0  1.730
  -117.228  35.7460  -58.0   -6.0   20.0  1.730
  -117.255  35.7460  -55.0   -6.0   20.0  1.730
  -117.282  35.7460  -52.0   -6.0   20.0  1.730
  -117.309  35.7460  -49.0   -6.0   20.0  1.730
  -117.336  35.7460  -46.0   -6.0   20.0  1.730
  -117.363  35.7460  -43.0   -6.0   20.0  1.730
  -117.390  35.7460  -40.0   -6.0   20.0  1.730
  -117.417  35.7460  -37.0   -6.0   20.0  1.730
  -117.444  35.7460  -34.0   -6.0   20.0  1.730
  -117.471  35.7460  -31.0   -6.0   20.0  1.730
  -117.498  35.7460  -28.0   -6.0   20.0  1.730
  -117.525  35.7460  -25.0   -6.0   20.0  1.730
  -117.552  35.7460  -22.0   -6.0   20.0  1.730
  -117.579  35.7460  -19.0   -6.0   20.0  1.730
  -117.606  35.7460  -16.0   -6.0   20.0  1.730
  -117.633  35.7460  -13.0   -6.0   20.0  1.730
  -117.660  35.7460  -10.0   -6.0   20.0  1.730
  -117.687  35.7460   -7.0   -6.0   20.0  1.730
  -117.714  35.7460   -4.0   -6.0   20.0  1.730
  -117.741  35.7460   -1.0   -6.0   20.0  1.730
  -117.768  35.7460    2.0   -6.0   20.0  1.730
  -117.795  35.7460    5.0   -6.0   20.0  1.730
  -117.822  35.7460    8.0   -6.0   20.0  1.730
  -117.849  35.7460   11.0   -6.0   20.0  1.730
  -117.876  35.7460   14.0   -6.0   20.0  1.730
  -117.903  35.7460   17.0   -6.0   20.0  1.730
  -117.930  35.7460   20.0   -6.0   20.0  1.730
  -117.957  35.7460   23.0   -6.0   20.0  1.730
  -117.984  35.7460   26.0   -6.0   20.0  1.730
  -118.011  35.7460   29.0   -6.0   20.0  1.730
  -118.038  35.7460   32.0   -6.0   20.0  1.730
  -118.065  35.7460   35.0   -6.0   20.0  1.730
  -118.092  35.7460   38.0   -6.0   20.0  1.730
  -118.119  35.7460   41.0   -6.0   20.0  1.730
  -118.146  35.7460   44.0   -6.0   20.0  1.730
  -118.173  35.7460   47.0   -6.0   20.0  1.730
  -118.200  35.7460   50.0   -6.0   20.0  1.730
  -118.227  35.7460   53.0   -6.0   20.0  1.730
  -118.254  35.7460   56.0   -6.0   20.0  1.730
  -118.281  35.7460   59.0   -6.0   20.0  1.730
  -118.308  35.7460   62.0   -6.0   20.0  1.730
  -118.335  35.7460   65.0   -6.0   20.0  1.730
  -118.362  35.7460   68.0   -6.0   20.0  1.730
  -118.388  35.7460   71.0   -6.0   20.0  1.730
  -117.201  35.7730  -61.0   -3.0   20.0  1.730
  -117.228  35.7730  -58.0   -3.0   20.0  1.730
  -117.255  35.7730  -55.0   -3.0   20.0  1.730
  -117.282  35.7730  -52.0   -3.0   20.0  1.730
  -117.309  35.7730  -49.0   -3.0   20.0  1.730
  -117.336  35.7730  -46.0   -3.0   20.0  1.730
  -117.363  35.7730  -43.0   -3.0   20.0  1.730
  -117.390  35.7730  -40.0   -3.0   20.0  1.730
  -117.417  35.7730  -37.0   -3.0   20.0  1.730
  -117.444  35.7730  -34.0   -3.0   20.0  1.730
  -117.471  35.7730  -31.0   -3.0   20.0  1.730
  -117.498  35.7730  -28.0   -3.0   20.0  1.730
  -117.525  35.7730  -25.0   -3.0   20.0  1.730
  -117.552  35.7730  -22.0   -3.0   20.0  1.730
  -117.579  35.7730  -19.0   -3.0   20.0  1.730
  -117.606  35.7730  -16.0   -3.0   20.0  1.730
  -117.633  35.7730  -13.0   -3.0   20.0  1.730
  -117.660  35.7730  -10.0   -3.0   20.0  1.730
  -117.687  35.7730   -7.0   -3.0   20.0  1.730
  -117.714  35.7730   -4.0   -3.0   20.0  1.730
  -117.741  35.7730   -1.0   -3.0   20.0  1.730
  -117.768  35.7730    2.0   -3.0   20.0  1.730
  -117.795  35.7730    5.0   -3.0   20.0  1.730
  -117.822  35.7730    8.0   -3.0   20.0  1.730
  -117.849  35.7730   11.0   -3.0   20.0  1.730
  -117.876  35.7730   14.0   -3.0   20.0  1.730
  -117.903  35.7730   17.0   -3.0   20.0  1.730
  -117.930  35.7730   20.0   -3.0   20.0  1.730
  -117.957  35.7730   23.0   -3.0   20.0  1.730
  -117.984  35.7730   26.0   -3.0   20.0  1.730
  -118.011  35.7730   29.0   -3.0   20.0  1.730
  -118.038  35.7730   32.0   -3.0   20.0  1.730
  -118.065  35.7730   35.0   -3.0   20.0  1.730
  -118.092  35.7730   38.0   -3.0   20.0  1.730
  -118.119  35.7730   41.0   -3.0   20.0  1.730
  -118.146  35.7730   44.0   -3.0   20.0  1.730
  -118.173  35.7730   47.0   -3.0   20.0  1.730
  -118.200  35.7730   50.0   -3.0   20.0  1.730
  -118.227  35.7730   53.0   -3.0   20.0  1.730
  -118.254  35.7730   56.0   -3.0   20.0  1.730
  -118.281  35.7730   59.0   -3.0   20.0  1.730
  -118.308  35.7730   62.0   -3.0   20.0  1.730
  -118.335  35.7730   65.0   -3.0   20.0  1.730
  -118.362  35.7730   68.0   -3.0   20.0  1.730
  -118.388  35.7730   71.0   -3.0   20.0  1.730
  -117.201  35.8000  -61.0    0.0   20.0  1.730
  -117.228  35.8000  -58.0    0.0   20.0  1.730
  -117.255  35.8000  -55.0    0.0   20.0  1.730
  -117.282  35.8000  -52.0    0.0   20.0  1.730
  -117.309  35.8000  -49.0    0.0   20.0  1.730
  -117.336  35.8000  -46.0    0.0   20.0  1.730
  -117.363  35.8000  -43.0    0.0   20.0  1.730
  -117.390  35.8000  -40.0    0.0   20.0  1.730
  -117.417  35.8000  -37.0    0.0   20.0  1.730
  -117.444  35.8000  -34.0    0.0   20.0  1.730
  -117.471  35.8000  -31.0    0.0   20.0  1.730
  -117.498  35.8000  -28.0    0.0   20.0  1.730
  -117.525  35.8000  -25.0    0.0   20.0  1.730
  -117.552  35.8000  -22.0    0.0   20.0  1.730
  -117.579  35.8000  -19.0    0.0   20.0  1.730
  -117.606  35.8000  -16.0    0.0   20.0  1.730
  -117.633  35.8000  -13.0    0.0   20.0  1.730
  -117.660  35.8000  -10.0    0.0   20.0  1.730
  -117.687  35.8000   -7.0    0.0   20.0  1.730
  -117.714  35.8000   -4.0    0.0   20.0  1.730
  -117.741  35.8000   -1.0    0.0   20.0  1.730
  -117.768  35.8000    2.0    0.0   20.0  1.730
  -117.795  35.8000    5.0    0.0   20.0  1.730
  -117.822  35.8000    8.0    0.0   20.0  1.730
  -117.849  35.8000   11.0    0.0   20.0  1.730
  -117.876  35.8000   14.0    0.0   20.0  1.730
  -117.903  35.8000   17.0    0.0   20.0  1.730
  -117.930  35.8000   20.0    0.0   20.0  1.730
  -117.957  35.8000   23.0    0.0   20.0  1.730
  -117.984  35.8000   26.0    0.0   20.0  1.730
  -118.011  35.8000   29.0    0.0   20.0  1.730
  -118.038  35.8000   32.0    0.0   20.0  1.730
  -118.065  35.8000   35.0    0.0   20.0  1.730
  -118.092  35.8000   38.0    0.0   20.0  1.730
  -118.119  35.8000   41.0    0.0   20.0  1.730
  -118.146  35.8000   44.0    0.0   20.0  1.730
  -118.173  35.8000   47.0    0.0   20.0  1.730
  -118.200  35.8000   50.0    0.0   20.0  1.730
  -118.227  35.8000   53.0    0.0   20.0  1.730
  -118.254  35.8000   56.0    0.0   20.0  1.730
  -118.281  35.8000   59.0    0.0   20.0  1.730
  -118.308  35.8000   62.0    0.0   20.0  1.730
  -118.335  35.8000   65.0    0.0   20.0  1.730
  -118.362  35.8000   68.0    0.0   20.0  1.730
  -118.388  35.8000   71.0    0.0   20.0  1.730
  -117.201  35.8270  -61.0    3.0   20.0  1.730
  -117.228  35.8270  -58.0    3.0   20.0  1.730
  -117.255  35.8270  -55.0    3.0   20.0  1.730
  -117.282  35.8270  -52.0    3.0   20.0  1.730
  -117.309  35.8270  -49.0    3.0   20.0  1.730
  -117.336  35.8270  -46.0    3.0   20.0  1.730
  -117.363  35.8270  -43.0    3.0   20.0  1.730
  -117.390  35.8270  -40.0    3.0   20.0  1.730
  -117.417  35.8270  -37.0    3.0   20.0  1.730
  -117.444  35.8270  -34.0    3.0   20.0  1.730
  -117.471  35.8270  -31.0    3.0   20.0  1.730
  -117.498  35.8270  -28.0    3.0   20.0  1.730
  -117.525  35.8270  -25.0    3.0   20.0  1.730
  -117.552  35.8270  -22.0    3.0   20.0  1.730
  -117.579  35.8270  -19.0    3.0   20.0  1.730
  -117.606  35.8270  -16.0    3.0   20.0  1.730
  -117.633  35.8270  -13.0    3.0   20.0  1.730
  -117.660  35.8270  -10.0    3.0   20.0  1.730
  -117.687  35.8270   -7.0    3.0   20.0  1.730
  -117.714  35.8270   -4.0    3.0   20.0  1.730
  -117.741  35.8270   -1.0    3.0   20.0  1.730
  -117.768  35.8270    2.0    3.0   20.0  1.730
  -117.795  35.8270    5.0    3.0   20.0  1.730
  -117.822  35.8270    8.0    3.0   20.0  1.730
  -117.849  35.8270   11.0    3.0   20.0  1.730
  -117.876  35.8270   14.0    3.0   20.0  1.730
  -117.903  35.8270   17.0    3.0   20.0  1.730
  -117.930  35.8270   20.0    3.0   20.0  1.730
  -117.957  35.8270   23.0    3.0   20.0  1.730
  -117.984  35.8270   26.0    3.0   20.0  1.730
  -118.011  35.8270   29.0    3.0   20.0  1.730
  -118.038  35.8270   32.0    3.0   20.0  1.730
  -118.065  35.8270   35.0    3.0   20.0  1.730
  -118.092  35.8270   38.0    3.0   20.0  1.730
  -118.119  35.8270   41.0    3.0   20.0  1.730
  -118.146  35.8270   44.0    3.0   20.0  1.730
  -118.173  35.8270   47.0    3.0   20.0  1.730
  -118.200  35.8270   50.0    3.0   20.0  1.730
  -118.227  35.8270   53.0    3.0   20.0  1.730
  -118.254  35.8270   56.0    3.0   20.0  1.730
  -118.281  35.8270   59.0    3.0   20.0  1.730
  -118.308  35.8270   62.0    3.0   20.0  1.730
  -118.335  35.8270   65.0    3.0   20.0  1.730
  -118.362  35.8270   68.0    3.0   20.0  1.730
  -118.388  35.8270   71.0    3.0   20.0  1.730
  -117.201  35.8540  -61.0    6.0   20.0  1.730
  -117.228  35.8540  -58.0    6.0   20.0  1.730
  -117.255  35.8540  -55.0    6.0   20.0  1.730
  -117.282  35.8540  -52.0    6.0   20.0  1.730
  -117.309  35.8540  -49.0    6.0   20.0  1.730
  -117.336  35.8540  -46.0    6.0   20.0  1.730
  -117.363  35.8540  -43.0    6.0   20.0  1.730
  -117.390  35.8540  -40.0    6.0   20.0  1.730
  -117.417  35.8540  -37.0    6.0   20.0  1.730
  -117.444  35.8540  -34.0    6.0   20.0  1.730
  -117.471  35.8540  -31.0    6.0   20.0  1.730
  -117.498  35.8540  -28.0    6.0   20.0  1.730
  -117.525  35.8540  -25.0    6.0   20.0  1.730
  -117.552  35.8540  -22.0    6.0   20.0  1.730
  -117.579  35.8540  -19.0    6.0   20.0  1.730
  -117.606  35.8540  -16.0    6.0   20.0  1.730
  -117.633  35.8540  -13.0    6.0   20.0  1.730
  -117.660  35.8540  -10.0    6.0   20.0  1.730
  -117.687  35.8540   -7.0    6.0   20.0  1.730
  -117.714  35.8540   -4.0    6.0   20.0  1.730
  -117.741  35.8540   -1.0    6.0   20.0  1.730
  -117.768  35.8540    2.0    6.0   20.0  1.730
  -117.795  35.8540    5.0    6.0   20.0  1.730
  -117.822  35.8540    8.0    6.0   20.0  1.730
  -117.849  35.8540   11.0    6.0   20.0  1.730
  -117.876  35.8540   14.0    6.0   20.0  1.730
  -117.903  35.8540   17.0    6.0   20.0  1.730
  -117.930  35.8540   20.0    6.0   20.0  1.730
  -117.957  35.8540   23.0    6.0   20.0  1.730
  -117.984  35.8540   26.0    6.0   20.0  1.730
  -118.011  35.8540   29.0    6.0   20.0  1.730
  -118.038  35.8540   32.0    6.0   20.0  1.730
  -118.065  35.8540   35.0    6.0   20.0  1.730
  -118.092  35.8540   38.0    6.0   20.0  1.730
  -118.119  35.8540   41.0    6.0   20.0  1.730
  -118.146  35.8540   44.0    6.0   20.0  1.730
  -118.173  35.8540   47.0    6.0   20.0  1.730
  -118.200  35.8540   50.0    6.0   20.0  1.730
  -118.227  35.8540   53.0    6.0   20.0  1.730
  -118.254  35.8540   56.0    6.0   20.0  1.730
  -118.281  35.8540   59.0    6.0   20.0  1.730
  -118.308  35.8540   62.0    6.0   20.0  1.730
  -118.335  35.8540   65.0    6.0   20.0  1.730
  -118.362  35.8540   68.0    6.0   20.0  1.730
  -118.388  35.8540   71.0    6.0   20.0  1.730
  -117.201  35.8809  -61.0    9.0   20.0  1.730
  -117.228  35.8809  -58.0    9.0   20.0  1.730
  -117.255  35.8809  -55.0    9.0   20.0  1.730
  -117.282  35.8809  -52.0    9.0   20.0  1.730
  -117.309  35.8809  -49.0    9.0   20.0  1.730
  -117.336  35.8809  -46.0    9.0   20.0  1.730
  -117.363  35.8809  -43.0    9.0   20.0  1.730
  -117.390  35.8809  -40.0    9.0   20.0  1.730
  -117.417  35.8809  -37.0    9.0   20.0  1.730
  -117.444  35.8809  -34.0    9.0   20.0  1.730
  -117.471  35.8809  -31.0    9.0   20.0  1.730
  -117.498  35.8809  -28.0    9.0   20.0  1.730
  -117.525  35.8809  -25.0    9.0   20.0  1.730
  -117.552  35.8809  -22.0    9.0   20.0  1.730
  -117.579  35.8809  -19.0    9.0   20.0  1.730
  -117.606  35.8809  -16.0    9.0   20.0  1.730
  -117.633  35.8809  -13.0    9.0   20.0  1.730
  -117.660  35.8809  -10.0    9.0   20.0  1.730
  -117.687  35.8809   -7.0    9.0   20.0  1.730
  -117.714  35.8809   -4.0    9.0   20.0  1.730
  -117.741  35.8809   -1.0    9.0   20.0  1.730
  -117.768  35.8809    2.0    9.0   20.0  1.730
  -117.795  35.8809    5.0    9.0   20.0  1.730
  -117.822  35.8809    8.0    9.0   20.0  1.730
  -117.849  35.8809   11.0    9.0   20.0  1.730
  -117.876  35.8809   14.0    9.0   20.0  1.730
  -117.903  35.8809   17.0    9.0   20.0  1.730
  -117.930  35.8809   20.0    9.0   20.0  1.730
  -117.957  35.8809   23.0    9.0   20.0  1.730
  -117.984  35.8809   26.0    9.0   20.0  1.730
  -118.011  35.8809   29.0    9.0   20.0  1.730
  -118.038  35.8809   32.0    9.0   20.0  1.730
  -118.065  35.8809   35.0    9.0   20.0  1.730
  -118.092  35.8809   38.0    9.0   20.0  1.730
  -118.119  35.8809   41.0    9.0   20.0  1.730
  -118.146  35.8809   44.0    9.0   20.0  1.730
  -118.173  35.8809   47.0    9.0   20.0  1.730
  -118.200  35.8809   50.0    9.0   20.0  1.730
  -118.227  35.8809   53.0    9.0   20.0  1.730
  -118.254  35.8809   56.0    9.0   20.0  1.730
  -118.281  35.8809   59.0    9.0   20.0  1.730
  -118.308  35.8809   62.0    9.0   20.0  1.730
  -118.335  35.8809   65.0    9.0   20.0  1.730
  -118.362  35.8809   68.0    9.0   20.0  1.730
  -118.388  35.8809   71.0    9.0   20.0  1.730
  -117.201  35.9079  -61.0   12.0   20.0  1.730
  -117.228  35.9079  -58.0   12.0   20.0  1.730
  -117.255  35.9079  -55.0   12.0   20.0  1.730
  -117.282  35.9079  -52.0   12.0   20.0  1.730
  -117.309  35.9079  -49.0   12.0   20.0  1.730
  -117.336  35.9079  -46.0   12.0   20.0  1.730
  -117.363  35.9079  -43.0   12.0   20.0  1.730
  -117.390  35.9079  -40.0   12.0   20.0  1.730
  -117.417  35.9079  -37.0   12.0   20.0  1.730
  -117.444  35.9079  -34.0   12.0   20.0  1.730
  -117.471  35.9079  -31.0   12.0   20.0  1.730
  -117.498  35.9079  -28.0   12.0   20.0  1.730
  -117.525  35.9079  -25.0   12.0   20.0  1.730
  -117.552  35.9079  -22.0   12.0   20.0  1.730
  -117.579  35.9079  -19.0   12.0   20.0  1.730
  -117.606  35.9079  -16.0   12.0   20.0  1.730
  -117.633  35.9079  -13.0   12.0   20.0  1.730
  -117.660  35.9079  -10.0   12.0   20.0  1.730
  -117.687  35.9079   -7.0   12.0   20.0  1.730
  -117.714  35.9079   -4.0   12.0   20.0  1.730
  -117.741  35.9079   -1.0   12.0   20.0  1.730
  -117.768  35.9079    2.0   12.0   20.0  1.730
  -117.795  35.9079    5.0   12.0   20.0  1.730
  -117.822  35.9079    8.0   12.0   20.0  1.730
  -117.849  35.9079   11.0   12.0   20.0  1.730
  -117.876  35.9079   14.0   12.0   20.0  1.730
  -117.903  35.9079   17.0   12.0   20.0  1.730
  -117.930  35.9079   20.0   12.0   20.0  1.730
  -117.957  35.9079   23.0   12.0   20.0  1.730
  -117.984  35.9079   26.0   12.0   20.0  1.730
  -118.011  35.9079   29.0   12.0   20.0  1.730
  -118.038  35.9079   32.0   12.0   20.0  1.730
  -118.065  35.9079   35.0   12.0   20.0  1.730
  -118.092  35.9079   38.0   12.0   20.0  1.730
  -118.119  35.9079   41.0   12.0   20.0  1.730
  -118.146  35.9079   44.0   12.0   20.0  1.730
  -118.173  35.9079   47.0   12.0   20.0  1.730
  -118.200  35.9079   50.0   12.0   20.0  1.730
  -118.227  35.9079   53.0   12.0   20.0  1.730
  -118.254  35.9079   56.0   12.0   20.0  1.730
  -118.281  35.9079   59.0   12.0   20.0  1.730
  -118.308  35.9079   62.0   12.0   20.0  1.730
  -118.335  35.9079   65.0   12.0   20.0  1.730
  -118.362  35.9079   68.0   12.0   20.0  1.730
  -118.388  35.9079   71.0   12.0   20.0  1.730
  -117.201  35.9349  -61.0   15.0   20.0  1.730
  -117.228  35.9349  -58.0   15.0   20.0  1.730
  -117.255  35.9349  -55.0   15.0   20.0  1.730
  -117.282  35.9349  -52.0   15.0   20.0  1.730
  -117.309  35.9349  -49.0   15.0   20.0  1.730
  -117.336  35.9349  -46.0   15.0   20.0  1.730
  -117.363  35.9349  -43.0   15.0   20.0  1.730
  -117.390  35.9349  -40.0   15.0   20.0  1.730
  -117.417  35.9349  -37.0   15.0   20.0  1.730
  -117.444  35.9349  -34.0   15.0   20.0  1.730
  -117.471  35.9349  -31.0   15.0   20.0  1.730
  -117.498  35.9349  -28.0   15.0   20.0  1.730
  -117.525  35.9349  -25.0   15.0   20.0  1.730
  -117.552  35.9349  -22.0   15.0   20.0  1.730
  -117.579  35.9349  -19.0   15.0   20.0  1.730
  -117.606  35.9349  -16.0   15.0   20.0  1.730
  -117.633  35.9349  -13.0   15.0   20.0  1.730
  -117.660  35.9349  -10.0   15.0   20.0  1.730
  -117.687  35.9349   -7.0   15.0   20.0  1.730
  -117.714  35.9349   -4.0   15.0   20.0  1.730
  -117.741  35.9349   -1.0   15.0   20.0  1.730
  -117.768  35.9349    2.0   15.0   20.0  1.730
  -117.795  35.9349    5.0   15.0   20.0  1.730
  -117.822  35.9349    8.0   15.0   20.0  1.730
  -117.849  35.9349   11.0   15.0   20.0  1.730
  -117.876  35.9349   14.0   15.0   20.0  1.730
  -117.903  35.9349   17.0   15.0   20.0  1.730
  -117.930  35.9349   20.0   15.0   20.0  1.730
  -117.957  35.9349   23.0   15.0   20.0  1.730
  -117.984  35.9349   26.0   15.0   20.0  1.730
  -118.011  35.9349   29.0   15.0   20.0  1.730
  -118.038  35.9349   32.0   15.0   20.0  1.730
  -118.065  35.9349   35.0   15.0   20.0  1.730
  -118.092  35.9349   38.0   15.0   20.0  1.730
  -118.119  35.9349   41.0   15.0   20.0  1.730
  -118.146  35.9349   44.0   15.0   20.0  1.730
  -118.173  35.9349   47.0   15.0   20.0  1.730
  -118.200  35.9349   50.0   15.0   20.0  1.730
  -118.227  35.9349   53.0   15.0   20.0  1.730
  -118.254  35.9349   56.0   15.0   20.0  1.730
  -118.281  35.9349   59.0   15.0   20.0  1.730
  -118.308  35.9349   62.0   15.0   20.0  1.730
  -118.335  35.9349   65.0   15.0   20.0  1.730
  -118.362  35.9349   68.0   15.0   20.0  1.730
  -118.388  35.9349   71.0   15.0   20.0  1.730
  -117.201  35.9619  -61.0   18.0   20.0  1.730
  -117.228  35.9619  -58.0   18.0   20.0  1.730
  -117.255  35.9619  -55.0   18.0   20.0  1.730
  -117.282  35.9619  -52.0   18.0   20.0  1.730
  -117.309  35.9619  -49.0   18.0   20.0  1.730
  -117.336  35.9619  -46.0   18.0   20.0  1.730
  -117.363  35.9619  -43.0   18.0   20.0  1.730
  -117.390  35.9619  -40.0   18.0   20.0  1.730
  -117.417  35.9619  -37.0   18.0   20.0  1.730
  -117.444  35.9619  -34.0   18.0   20.0  1.730
  -117.471  35.9619  -31.0   18.0   20.0  1.730
  -117.498  35.9619  -28.0   18.0   20.0  1.730
  -117.525  35.9619  -25.0   18.0   20.0  1.730
  -117.552  35.9619  -22.0   18.0   20.0  1.730
  -117.579  35.9619  -19.0   18.0   20.0  1.730
  -117.606  35.9619  -16.0   18.0   20.0  1.730
  -117.633  35.9619  -13.0   18.0   20.0  1.730
  -117.660  35.9619  -10.0   18.0   20.0  1.730
  -117.687  35.9619   -7.0   18.0   20.0  1.730
  -117.714  35.9619   -4.0   18.0   20.0  1.730
  -117.741  35.9619   -1.0   18.0   20.0  1.730
  -117.768  35.9619    2.0   18.0   20.0  1.730
  -117.795  35.9619    5.0   18.0   20.0  1.730
  -117.822  35.9619    8.0   18.0   20.0  1.730
  -117.849  35.9619   11.0   18.0   20.0  1.730
  -117.876  35.9619   14.0   18.0   20.0  1.730
  -117.903  35.9619   17.0   18.0   20.0  1.730
  -117.930  35.9619   20.0   18.0   20.0  1.730
  -117.957  35.9619   23.0   18.0   20.0  1.730
  -117.984  35.9619   26.0   18.0   20.0  1.730
  -118.011  35.9619   29.0   18.0   20.0  1.730
  -118.038  35.9619   32.0   18.0   20.0  1.730
  -118.065  35.9619   35.0   18.0   20.0  1.730
  -118.092  35.9619   38.0   18.0   20.0  1.730
  -118.119  35.9619   41.0   18.0   20.0  1.730
  -118.146  35.9619   44.0   18.0   20.0  1.730
  -118.173  35.9619   47.0   18.0   20.0  1.730
  -118.200  35.9619   50.0   18.0   20.0  1.730
  -118.227  35.9619   53.0   18.0   20.0  1.730
  -118.254  35.9619   56.0   18.0   20.0  1.730
  -118.281  35.9619   59.0   18.0   20.0  1.730
  -118.308  35.9619   62.0   18.0   20.0  1.730
  -118.335  35.9619   65.0   18.0   20.0  1.730
  -118.362  35.9619   68.0   18.0   20.0  1.730
  -118.388  35.9619   71.0   18.0   20.0  1.730
  -117.201  35.9889  -61.0   21.0   20.0  1.730
  -117.228  35.9889  -58.0   21.0   20.0  1.730
  -117.255  35.9889  -55.0   21.0   20.0  1.730
  -117.282  35.9889  -52.0   21.0   20.0  1.730
  -117.309  35.9889  -49.0   21.0   20.0  1.730
  -117.336  35.9889  -46.0   21.0   20.0  1.730
  -117.363  35.9889  -43.0   21.0   20.0  1.730
  -117.390  35.9889  -40.0   21.0   20.0  1.730
  -117.417  35.9889  -37.0   21.0   20.0  1.730
  -117.444  35.9889  -34.0   21.0   20.0  1.730
  -117.471  35.9889  -31.0   21.0   20.0  1.730
  -117.498  35.9889  -28.0   21.0   20.0  1.730
  -117.525  35.9889  -25.0   21.0   20.0  1.730
  -117.552  35.9889  -22.0   21.0   20.0  1.730
  -117.579  35.9889  -19.0   21.0   20.0  1.730
  -117.606  35.9889  -16.0   21.0   20.0  1.730
  -117.633  35.9889  -13.0   21.0   20.0  1.730
  -117.660  35.9889  -10.0   21.0   20.0  1.730
  -117.687  35.9889   -7.0   21.0   20.0  1.730
  -117.714  35.9889   -4.0   21.0   20.0  1.730
  -117.741  35.9889   -1.0   21.0   20.0  1.730
  -117.768  35.9889    2.0   21.0   20.0  1.730
  -117.795  35.9889    5.0   21.0   20.0  1.730
  -117.822  35.9889    8.0   21.0   20.0  1.730
  -117.849  35.9889   11.0   21.0   20.0  1.730
  -117.876  35.9889   14.0   21.0   20.0  1.730
  -117.903  35.9889   17.0   21.0   20.0  1.730
  -117.930  35.9889   20.0   21.0   20.0  1.730
  -117.957  35.9889   23.0   21.0   20.0  1.730
  -117.984  35.9889   26.0   21.0   20.0  1.730
  -118.011  35.9889   29.0   21.0   20.0  1.730
  -118.038  35.9889   32.0   21.0   20.0  1.730
  -118.065  35.9889   35.0   21.0   20.0  1.730
  -118.092  35.9889   38.0   21.0   20.0  1.730
  -118.119  35.9889   41.0   21.0   20.0  1.730
  -118.146  35.9889   44.0   21.0   20.0  1.730
  -118.173  35.9889   47.0   21.0   20.0  1.730
  -118.200  35.9889   50.0   21.0   20.0  1.730
  -118.227  35.9889   53.0   21.0   20.0  1.730
  -118.254  35.9889   56.0   21.0   20.0  1.730
  -118.281  35.9889   59.0   21.0   20.0  1.730
  -118.308  35.9889   62.0   21.0   20.0  1.730
  -118.335  35.9889   65.0   21.0   20.0  1.730
  -118.362  35.9889   68.0   21.0   20.0  1.730
  -118.388  35.9889   71.0   21.0   20.0  1.730
  -117.201  36.0158  -61.0   24.0   20.0  1.730
  -117.228  36.0158  -58.0   24.0   20.0  1.730
  -117.255  36.0158  -55.0   24.0   20.0  1.730
  -117.282  36.0158  -52.0   24.0   20.0  1.730
  -117.309  36.0158  -49.0   24.0   20.0  1.730
  -117.336  36.0158  -46.0   24.0   20.0  1.730
  -117.363  36.0158  -43.0   24.0   20.0  1.730
  -117.390  36.0158  -40.0   24.0   20.0  1.730
  -117.417  36.0158  -37.0   24.0   20.0  1.730
  -117.444  36.0158  -34.0   24.0   20.0  1.730
  -117.471  36.0158  -31.0   24.0   20.0  1.730
  -117.498  36.0158  -28.0   24.0   20.0  1.730
  -117.525  36.0158  -25.0   24.0   20.0  1.730
  -117.552  36.0158  -22.0   24.0   20.0  1.730
  -117.579  36.0158  -19.0   24.0   20.0  1.730
  -117.606  36.0158  -16.0   24.0   20.0  1.730
  -117.633  36.0158  -13.0   24.0   20.0  1.730
  -117.660  36.0158  -10.0   24.0   20.0  1.730
  -117.687  36.0158   -7.0   24.0   20.0  1.730
  -117.714  36.0158   -4.0   24.0   20.0  1.730
  -117.741  36.0158   -1.0   24.0   20.0  1.730
  -117.768  36.0158    2.0   24.0   20.0  1.730
  -117.795  36.0158    5.0   24.0   20.0  1.730
  -117.822  36.0158    8.0   24.0   20.0  1.730
  -117.849  36.0158   11.0   24.0   20.0  1.730
  -117.876  36.0158   14.0   24.0   20.0  1.730
  -117.903  36.0158   17.0   24.0   20.0  1.730
  -117.930  36.0158   20.0   24.0   20.0  1.730
  -117.957  36.0158   23.0   24.0   20.0  1.730
  -117.984  36.0158   26.0   24.0   20.0  1.730
  -118.011  36.0158   29.0   24.0   20.0  1.730
  -118.038  36.0158   32.0   24.0   20.0  1.730
  -118.065  36.0158   35.0   24.0   20.0  1.730
  -118.092  36.0158   38.0   24.0   20.0  1.730
  -118.119  36.0158   41.0   24.0   20.0  1.730
  -118.146  36.0158   44.0   24.0   20.0  1.730
  -118.173  36.0158   47.0   24.0   20.0  1.730
  -118.200  36.0158   50.0   24.0   20.0  1.730
  -118.227  36.0158   53.0   24.0   20.0  1.730
  -118.254  36.0158   56.0   24.0   20.0  1.730
  -118.281  36.0158   59.0   24.0   20.0  1.730
  -118.308  36.0158   62.0   24.0   20.0  1.730
  -118.335  36.0158   65.0   24.0   20.0  1.730
  -118.362  36.0158   68.0   24.0   20.0  1.730
  -118.388  36.0158   71.0   24.0   20.0  1.730
  -117.201  36.0428  -61.0   27.0   20.0  1.730
  -117.228  36.0428  -58.0   27.0   20.0  1.730
  -117.255  36.0428  -55.0   27.0   20.0  1.730
  -117.282  36.0428  -52.0   27.0   20.0  1.730
  -117.309  36.0428  -49.0   27.0   20.0  1.730
  -117.336  36.0428  -46.0   27.0   20.0  1.730
  -117.363  36.0428  -43.0   27.0   20.0  1.730
  -117.390  36.0428  -40.0   27.0   20.0  1.730
  -117.417  36.0428  -37.0   27.0   20.0  1.730
  -117.444  36.0428  -34.0   27.0   20.0  1.730
  -117.471  36.0428  -31.0   27.0   20.0  1.730
  -117.498  36.0428  -28.0   27.0   20.0  1.730
  -117.525  36.0428  -25.0   27.0   20.0  1.730
  -117.552  36.0428  -22.0   27.0   20.0  1.730
  -117.579  36.0428  -19.0   27.0   20.0  1.730
  -117.606  36.0428  -16.0   27.0   20.0  1.730
  -117.633  36.0428  -13.0   27.0   20.0  1.730
  -117.660  36.0428  -10.0   27.0   20.0  1.730
  -117.687  36.0428   -7.0   27.0   20.0  1.730
  -117.714  36.0428   -4.0   27.0   20.0  1.730
  -117.741  36.0428   -1.0   27.0   20.0  1.730
  -117.768  36.0428    2.0   27.0   20.0  1.730
  -117.795  36.0428    5.0   27.0   20.0  1.730
  -117.822  36.0428    8.0   27.0   20.0  1.730
  -117.849  36.0428   11.0   27.0   20.0  1.730
  -117.876  36.0428   14.0   27.0   20.0  1.730
  -117.903  36.0428   17.0   27.0   20.0  1.730
  -117.930  36.0428   20.0   27.0   20.0  1.730
  -117.957  36.0428   23.0   27.0   20.0  1.730
  -117.984  36.0428   26.0   27.0   20.0  1.730
  -118.011  36.0428   29.0   27.0   20.0  1.730
  -118.038  36.0428   32.0   27.0   20.0  1.730
  -118.065  36.0428   35.0   27.0   20.0  1.730
  -118.092  36.0428   38.0   27.0   20.0  1.730
  -118.119  36.0428   41.0   27.0   20.0  1.730
  -118.146  36.0428   44.0   27.0   20.0  1.730
  -118.173  36.0428   47.0   27.0   20.0  1.730
  -118.200  36.0428   50.0   27.0   20.0  1.730
  -118.227  36.0428   53.0   27.0   20.0  1.730
  -118.254  36.0428   56.0   27.0   20.0  1.730
  -118.281  36.0428   59.0   27.0   20.0  1.730
  -118.308  36.0428   62.0   27.0   20.0  1.730
  -118.335  36.0428   65.0   27.0   20.0  1.730
  -118.362  36.0428   68.0   27.0   20.0  1.730
  -118.388  36.0428   71.0   27.0   20.0  1.730
  -117.201  36.0698  -61.0   30.0   20.0  1.730
  -117.228  36.0698  -58.0   30.0   20.0  1.730
  -117.255  36.0698  -55.0   30.0   20.0  1.730
  -117.282  36.0698  -52.0   30.0   20.0  1.730
  -117.309  36.0698  -49.0   30.0   20.0  1.730
  -117.336  36.0698  -46.0   30.0   20.0  1.730
  -117.363  36.0698  -43.0   30.0   20.0  1.730
  -117.390  36.0698  -40.0   30.0   20.0  1.730
  -117.417  36.0698  -37.0   30.0   20.0  1.730
  -117.444  36.0698  -34.0   30.0   20.0  1.730
  -117.471  36.0698  -31.0   30.0   20.0  1.730
  -117.498  36.0698  -28.0   30.0   20.0  1.730
  -117.525  36.0698  -25.0   30.0   20.0  1.730
  -117.552  36.0698  -22.0   30.0   20.0  1.730
  -117.579  36.0698  -19.0   30.0   20.0  1.730
  -117.606  36.0698  -16.0   30.0   20.0  1.730
  -117.633  36.0698  -13.0   30.0   20.0  1.730
  -117.660  36.0698  -10.0   30.0   20.0  1.730
  -117.687  36.0698   -7.0   30.0   20.0  1.730
  -117.714  36.0698   -4.0   30.0   20.0  1.730
  -117.741  36.0698   -1.0   30.0   20.0  1.730
  -117.768  36.0698    2.0   30.0   20.0  1.730
  -117.795  36.0698    5.0   30.0   20.0  1.730
  -117.822  36.0698    8.0   30.0   20.0  1.730
  -117.849  36.0698   11.0   30.0   20.0  1.730
  -117.876  36.0698   14.0   30.0   20.0  1.730
  -117.903  36.0698   17.0   30.0   20.0  1.730
  -117.930  36.0698   20.0   30.0   20.0  1.730
  -117.957  36.0698   23.0   30.0   20.0  1.730
  -117.984  36.0698   26.0   30.0   20.0  1.730
  -118.011  36.0698   29.0   30.0   20.0  1.730
  -118.038  36.0698   32.0   30.0   20.0  1.730
  -118.065  36.0698   35.0   30.0   20.0  1.730
  -118.092  36.0698   38.0   30.0   20.0  1.730
  -118.119  36.0698   41.0   30.0   20.0  1.730
  -118.146  36.0698   44.0   30.0   20.0  1.730
  -118.173  36.0698   47.0   30.0   20.0  1.730
  -118.200  36.0698   50.0   30.0   20.0  1.730
  -118.227  36.0698   53.0   30.0   20.0  1.730
  -118.254  36.0698   56.0   30.0   20.0  1.730
  -118.281  36.0698   59.0   30.0   20.0  1.730
  -118.308  36.0698   62.0   30.0   20.0  1.730
  -118.335  36.0698   65.0   30.0   20.0  1.730
  -118.362  36.0698   68.0   30.0   20.0  1.730
  -118.388  36.0698   71.0   30.0   20.0  1.730
  -117.201  36.0968  -61.0   33.0   20.0  1.730
  -117.228  36.0968  -58.0   33.0   20.0  1.730
  -117.255  36.0968  -55.0   33.0   20.0  1.730
  -117.282  36.0968  -52.0   33.0   20.0  1.730
  -117.309  36.0968  -49.0   33.0   20.0  1.730
  -117.336  36.0968  -46.0   33.0   20.0  1.730
  -117.363  36.0968  -43.0   33.0   20.0  1.730
  -117.390  36.0968  -40.0   33.0   20.0  1.730
  -117.417  36.0968  -37.0   33.0   20.0  1.730
  -117.444  36.0968  -34.0   33.0   20.0  1.730
  -117.471  36.0968  -31.0   33.0   20.0  1.730
  -117.498  36.0968  -28.0   33.0   20.0  1.730
  -117.525  36.0968  -25.0   33.0   20.0  1.730
  -117.552  36.0968  -22.0   33.0   20.0  1.730
  -117.579  36.0968  -19.0   33.0   20.0  1.730
  -117.606  36.0968  -16.0   33.0   20.0  1.730
  -117.633  36.0968  -13.0   33.0   20.0  1.730
  -117.660  36.0968  -10.0   33.0   20.0  1.730
  -117.687  36.0968   -7.0   33.0   20.0  1.730
  -117.714  36.0968   -4.0   33.0   20.0  1.730
  -117.741  36.0968   -1.0   33.0   20.0  1.730
  -117.768  36.0968    2.0   33.0   20.0  1.730
  -117.795  36.0968    5.0   33.0   20.0  1.730
  -117.822  36.0968    8.0   33.0   20.0  1.730
  -117.849  36.0968   11.0   33.0   20.0  1.730
  -117.876  36.0968   14.0   33.0   20.0  1.730
  -117.903  36.0968   17.0   33.0   20.0  1.730
  -117.930  36.0968   20.0   33.0   20.0  1.730
  -117.957  36.0968   23.0   33.0   20.0  1.730
  -117.984  36.0968   26.0   33.0   20.0  1.730
  -118.011  36.0968   29.0   33.0   20.0  1.730
  -118.038  36.0968   32.0   33.0   20.0  1.730
  -118.065  36.0968   35.0   33.0   20.0  1.730
  -118.092  36.0968   38.0   33.0   20.0  1.730
  -118.119  36.0968   41.0   33.0   20.0  1.730
  -118.146  36.0968   44.0   33.0   20.0  1.730
  -118.173  36.0968   47.0   33.0   20.0  1.730
  -118.200  36.0968   50.0   33.0   20.0  1.730
  -118.227  36.0968   53.0   33.0   20.0  1.730
  -118.254  36.0968   56.0   33.0   20.0  1.730
  -118.281  36.0968   59.0   33.0   20.0  1.730
  -118.308  36.0968   62.0   33.0   20.0  1.730
  -118.335  36.0968   65.0   33.0   20.0  1.730
  -118.362  36.0968   68.0   33.0   20.0  1.730
  -118.388  36.0968   71.0   33.0   20.0  1.730
  -117.201  36.1238  -61.0   36.0   20.0  1.730
  -117.228  36.1238  -58.0   36.0   20.0  1.730
  -117.255  36.1238  -55.0   36.0   20.0  1.730
  -117.282  36.1238  -52.0   36.0   20.0  1.730
  -117.309  36.1238  -49.0   36.0   20.0  1.730
  -117.336  36.1238  -46.0   36.0   20.0  1.730
  -117.363  36.1238  -43.0   36.0   20.0  1.730
  -117.390  36.1238  -40.0   36.0   20.0  1.730
  -117.417  36.1238  -37.0   36.0   20.0  1.730
  -117.444  36.1238  -34.0   36.0   20.0  1.730
  -117.471  36.1238  -31.0   36.0   20.0  1.730
  -117.498  36.1238  -28.0   36.0   20.0  1.730
  -117.525  36.1238  -25.0   36.0   20.0  1.730
  -117.552  36.1238  -22.0   36.0   20.0  1.730
  -117.579  36.1238  -19.0   36.0   20.0  1.730
  -117.606  36.1238  -16.0   36.0   20.0  1.730
  -117.633  36.1238  -13.0   36.0   20.0  1.730
  -117.660  36.1238  -10.0   36.0   20.0  1.730
  -117.687  36.1238   -7.0   36.0   20.0  1.730
  -117.714  36.1238   -4.0   36.0   20.0  1.730
  -117.741  36.1238   -1.0   36.0   20.0  1.730
  -117.768  36.1238    2.0   36.0   20.0  1.730
  -117.795  36.1238    5.0   36.0   20.0  1.730
  -117.822  36.1238    8.0   36.0   20.0  1.730
  -117.849  36.1238   11.0   36.0   20.0  1.730
  -117.876  36.1238   14.0   36.0   20.0  1.730
  -117.903  36.1238   17.0   36.0   20.0  1.730
  -117.930  36.1238   20.0   36.0   20.0  1.730
  -117.957  36.1238   23.0   36.0   20.0  1.730
  -117.984  36.1238   26.0   36.0   20.0  1.730
  -118.011  36.1238   29.0   36.0   20.0  1.730
  -118.038  36.1238   32.0   36.0   20.0  1.730
  -118.065  36.1238   35.0   36.0   20.0  1.730
  -118.092  36.1238   38.0   36.0   20.0  1.730
  -118.119  36.1238   41.0   36.0   20.0  1.730
  -118.146  36.1238   44.0   36.0   20.0  1.730
  -118.173  36.1238   47.0   36.0   20.0  1.730
  -118.200  36.1238   50.0   36.0   20.0  1.730
  -118.227  36.1238   53.0   36.0   20.0  1.730
  -118.254  36.1238   56.0   36.0   20.0  1.730
  -118.281  36.1238   59.0   36.0   20.0  1.730
  -118.308  36.1238   62.0   36.0   20.0  1.730
  -118.335  36.1238   65.0   36.0   20.0  1.730
  -118.362  36.1238   68.0   36.0   20.0  1.730
  -118.388  36.1238   71.0   36.0   20.0  1.730
  -117.201  36.1507  -61.0   39.0   20.0  1.730
  -117.228  36.1507  -58.0   39.0   20.0  1.730
  -117.255  36.1507  -55.0   39.0   20.0  1.730
  -117.282  36.1507  -52.0   39.0   20.0  1.730
  -117.309  36.1507  -49.0   39.0   20.0  1.730
  -117.336  36.1507  -46.0   39.0   20.0  1.730
  -117.363  36.1507  -43.0   39.0   20.0  1.730
  -117.390  36.1507  -40.0   39.0   20.0  1.730
  -117.417  36.1507  -37.0   39.0   20.0  1.730
  -117.444  36.1507  -34.0   39.0   20.0  1.730
  -117.471  36.1507  -31.0   39.0   20.0  1.730
  -117.498  36.1507  -28.0   39.0   20.0  1.730
  -117.525  36.1507  -25.0   39.0   20.0  1.730
  -117.552  36.1507  -22.0   39.0   20.0  1.730
  -117.579  36.1507  -19.0   39.0   20.0  1.730
  -117.606  36.1507  -16.0   39.0   20.0  1.730
  -117.633  36.1507  -13.0   39.0   20.0  1.730
  -117.660  36.1507  -10.0   39.0   20.0  1.730
  -117.687  36.1507   -7.0   39.0   20.0  1.730
  -117.714  36.1507   -4.0   39.0   20.0  1.730
  -117.741  36.1507   -1.0   39.0   20.0  1.730
  -117.768  36.1507    2.0   39.0   20.0  1.730
  -117.795  36.1507    5.0   39.0   20.0  1.730
  -117.822  36.1507    8.0   39.0   20.0  1.730
  -117.849  36.1507   11.0   39.0   20.0  1.730
  -117.876  36.1507   14.0   39.0   20.0  1.730
  -117.903  36.1507   17.0   39.0   20.0  1.730
  -117.930  36.1507   20.0   39.0   20.0  1.730
  -117.957  36.1507   23.0   39.0   20.0  1.730
  -117.984  36.1507   26.0   39.0   20.0  1.730
  -118.011  36.1507   29.0   39.0   20.0  1.730
  -118.038  36.1507   32.0   39.0   20.0  1.730
  -118.065  36.1507   35.0   39.0   20.0  1.730
  -118.092  36.1507   38.0   39.0   20.0  1.730
  -118.119  36.1507   41.0   39.0   20.0  1.730
  -118.146  36.1507   44.0   39.0   20.0  1.730
  -118.173  36.1507   47.0   39.0   20.0  1.730
  -118.200  36.1507   50.0   39.0   20.0  1.730
  -118.227  36.1507   53.0   39.0   20.0  1.730
  -118.254  36.1507   56.0   39.0   20.0  1.730
  -118.281  36.1507   59.0   39.0   20.0  1.730
  -118.308  36.1507   62.0   39.0   20.0  1.730
  -118.335  36.1507   65.0   39.0   20.0  1.730
  -118.362  36.1507   68.0   39.0   20.0  1.730
  -118.388  36.1507   71.0   39.0   20.0  1.730
  -117.201  36.1777  -61.0   42.0   20.0  1.730
  -117.228  36.1777  -58.0   42.0   20.0  1.730
  -117.255  36.1777  -55.0   42.0   20.0  1.730
  -117.282  36.1777  -52.0   42.0   20.0  1.730
  -117.309  36.1777  -49.0   42.0   20.0  1.730
  -117.336  36.1777  -46.0   42.0   20.0  1.730
  -117.363  36.1777  -43.0   42.0   20.0  1.730
  -117.390  36.1777  -40.0   42.0   20.0  1.730
  -117.417  36.1777  -37.0   42.0   20.0  1.730
  -117.444  36.1777  -34.0   42.0   20.0  1.730
  -117.471  36.1777  -31.0   42.0   20.0  1.730
  -117.498  36.1777  -28.0   42.0   20.0  1.730
  -117.525  36.1777  -25.0   42.0   20.0  1.730
  -117.552  36.1777  -22.0   42.0   20.0  1.730
  -117.579  36.1777  -19.0   42.0   20.0  1.730
  -117.606  36.1777  -16.0   42.0   20.0  1.730
  -117.633  36.1777  -13.0   42.0   20.0  1.730
  -117.660  36.1777  -10.0   42.0   20.0  1.730
  -117.687  36.1777   -7.0   42.0   20.0  1.730
  -117.714  36.1777   -4.0   42.0   20.0  1.730
  -117.741  36.1777   -1.0   42.0   20.0  1.730
  -117.768  36.1777    2.0   42.0   20.0  1.730
  -117.795  36.1777    5.0   42.0   20.0  1.730
  -117.822  36.1777    8.0   42.0   20.0  1.730
  -117.849  36.1777   11.0   42.0   20.0  1.730
  -117.876  36.1777   14.0   42.0   20.0  1.730
  -117.903  36.1777   17.0   42.0   20.0  1.730
  -117.930  36.1777   20.0   42.0   20.0  1.730
  -117.957  36.1777   23.0   42.0   20.0  1.730
  -117.984  36.1777   26.0   42.0   20.0  1.730
  -118.011  36.1777   29.0   42.0   20.0  1.730
  -118.038  36.1777   32.0   42.0   20.0  1.730
  -118.065  36.1777   35.0   42.0   20.0  1.730
  -118.092  36.1777   38.0   42.0   20.0  1.730
  -118.119  36.1777   41.0   42.0   20.0  1.730
  -118.146  36.1777   44.0   42.0   20.0  1.730
  -118.173  36.1777   47.0   42.0   20.0  1.730
  -118.200  36.1777   50.0   42.0   20.0  1.730
  -118.227  36.1777   53.0   42.0   20.0  1.730
  -118.254  36.1777   56.0   42.0   20.0  1.730
  -118.281  36.1777   59.0   42.0   20.0  1.730
  -118.308  36.1777   62.0   42.0   20.0  1.730
  -118.335  36.1777   65.0   42.0   20.0  1.730
  -118.362  36.1777   68.0   42.0   20.0  1.730
  -118.388  36.1777   71.0   42.0   20.0  1.730
  -117.201  36.2047  -61.0   45.0   20.0  1.730
  -117.228  36.2047  -58.0   45.0   20.0  1.730
  -117.255  36.2047  -55.0   45.0   20.0  1.730
  -117.282  36.2047  -52.0   45.0   20.0  1.730
  -117.309  36.2047  -49.0   45.0   20.0  1.730
  -117.336  36.2047  -46.0   45.0   20.0  1.730
  -117.363  36.2047  -43.0   45.0   20.0  1.730
  -117.390  36.2047  -40.0   45.0   20.0  1.730
  -117.417  36.2047  -37.0   45.0   20.0  1.730
  -117.444  36.2047  -34.0   45.0   20.0  1.730
  -117.471  36.2047  -31.0   45.0   20.0  1.730
  -117.498  36.2047  -28.0   45.0   20.0  1.730
  -117.525  36.2047  -25.0   45.0   20.0  1.730
  -117.552  36.2047  -22.0   45.0   20.0  1.730
  -117.579  36.2047  -19.0   45.0   20.0  1.730
  -117.606  36.2047  -16.0   45.0   20.0  1.730
  -117.633  36.2047  -13.0   45.0   20.0  1.730
  -117.660  36.2047  -10.0   45.0   20.0  1.730
  -117.687  36.2047   -7.0   45.0   20.0  1.730
  -117.714  36.2047   -4.0   45.0   20.0  1.730
  -117.741  36.2047   -1.0   45.0   20.0  1.730
  -117.768  36.2047    2.0   45.0   20.0  1.730
  -117.795  36.2047    5.0   45.0   20.0  1.730
  -117.822  36.2047    8.0   45.0   20.0  1.730
  -117.849  36.2047   11.0   45.0   20.0  1.730
  -117.876  36.2047   14.0   45.0   20.0  1.730
  -117.903  36.2047   17.0   45.0   20.0  1.730
  -117.930  36.2047   20.0   45.0   20.0  1.730
  -117.957  36.2047   23.0   45.0   20.0  1.730
  -117.984  36.2047   26.0   45.0   20.0  1.730
  -118.011  36.2047   29.0   45.0   20.0  1.730
  -118.038  36.2047   32.0   45.0   20.0  1.730
  -118.065  36.2047   35.0   45.0   20.0  1.730
  -118.092  36.2047   38.0   45.0   20.0  1.730
  -118.119  36.2047   41.0   45.0   20.0  1.730
  -118.146  36.2047   44.0   45.0   20.0  1.730
  -118.173  36.2047   47.0   45.0   20.0  1.730
  -118.200  36.2047   50.0   45.0   20.0  1.730
  -118.227  36.2047   53.0   45.0   20.0  1.730
  -118.254  36.2047   56.0   45.0   20.0  1.730
  -118.281  36.2047   59.0   45.0   20.0  1.730
  -118.308  36.2047   62.0   45.0   20.0  1.730
  -118.335  36.2047   65.0   45.0   20.0  1.730
  -118.362  36.2047   68.0   45.0   20.0  1.730
  -118.388  36.2047   71.0   45.0   20.0  1.730
  -117.201  36.2317  -61.0   48.0   20.0  1.730
  -117.228  36.2317  -58.0   48.0   20.0  1.730
  -117.255  36.2317  -55.0   48.0   20.0  1.730
  -117.282  36.2317  -52.0   48.0   20.0  1.730
  -117.309  36.2317  -49.0   48.0   20.0  1.730
  -117.336  36.2317  -46.0   48.0   20.0  1.730
  -117.363  36.2317  -43.0   48.0   20.0  1.730
  -117.390  36.2317  -40.0   48.0   20.0  1.730
  -117.417  36.2317  -37.0   48.0   20.0  1.730
  -117.444  36.2317  -34.0   48.0   20.0  1.730
  -117.471  36.2317  -31.0   48.0   20.0  1.730
  -117.498  36.2317  -28.0   48.0   20.0  1.730
  -117.525  36.2317  -25.0   48.0   20.0  1.730
  -117.552  36.2317  -22.0   48.0   20.0  1.730
  -117.579  36.2317  -19.0   48.0   20.0  1.730
  -117.606  36.2317  -16.0   48.0   20.0  1.730
  -117.633  36.2317  -13.0   48.0   20.0  1.730
  -117.660  36.2317  -10.0   48.0   20.0  1.730
  -117.687  36.2317   -7.0   48.0   20.0  1.730
  -117.714  36.2317   -4.0   48.0   20.0  1.730
  -117.741  36.2317   -1.0   48.0   20.0  1.730
  -117.768  36.2317    2.0   48.0   20.0  1.730
  -117.795  36.2317    5.0   48.0   20.0  1.730
  -117.822  36.2317    8.0   48.0   20.0  1.730
  -117.849  36.2317   11.0   48.0   20.0  1.730
  -117.876  36.2317   14.0   48.0   20.0  1.730
  -117.903  36.2317   17.0   48.0   20.0  1.730
  -117.930  36.2317   20.0   48.0   20.0  1.730
  -117.957  36.2317   23.0   48.0   20.0  1.730
  -117.984  36.2317   26.0   48.0   20.0  1.730
  -118.011  36.2317   29.0   48.0   20.0  1.730
  -118.038  36.2317   32.0   48.0   20.0  1.730
  -118.065  36.2317   35.0   48.0   20.0  1.730
  -118.092  36.2317   38.0   48.0   20.0  1.730
  -118.119  36.2317   41.0   48.0   20.0  1.730
  -118.146  36.2317   44.0   48.0   20.0  1.730
  -118.173  36.2317   47.0   48.0   20.0  1.730
  -118.200  36.2317   50.0   48.0   20.0  1.730
  -118.227  36.2317   53.0   48.0   20.0  1.730
  -118.254  36.2317   56.0   48.0   20.0  1.730
  -118.281  36.2317   59.0   48.0   20.0  1.730
  -118.308  36.2317   62.0   48.0   20.0  1.730
  -118.335  36.2317   65.0   48.0   20.0  1.730
  -118.362  36.2317   68.0   48.0   20.0  1.730
  -118.388  36.2317   71.0   48.0   20.0  1.730
  -117.201  36.2587  -61.0   51.0   20.0  1.730
  -117.228  36.2587  -58.0   51.0   20.0  1.730
  -117.255  36.2587  -55.0   51.0   20.0  1.730
  -117.282  36.2587  -52.0   51.0   20.0  1.730
  -117.309  36.2587  -49.0   51.0   20.0  1.730
  -117.336  36.2587  -46.0   51.0   20.0  1.730
  -117.363  36.2587  -43.0   51.0   20.0  1.730
  -117.390  36.2587  -40.0   51.0   20.0  1.730
  -117.417  36.2587  -37.0   51.0   20.0  1.730
  -117.444  36.2587  -34.0   51.0   20.0  1.730
  -117.471  36.2587  -31.0   51.0   20.0  1.730
  -117.498  36.2587  -28.0   51.0   20.0  1.730
  -117.525  36.2587  -25.0   51.0   20.0  1.730
  -117.552  36.2587  -22.0   51.0   20.0  1.730
  -117.579  36.2587  -19.0   51.0   20.0  1.730
  -117.606  36.2587  -16.0   51.0   20.0  1.730
  -117.633  36.2587  -13.0   51.0   20.0  1.730
  -117.660  36.2587  -10.0   51.0   20.0  1.730
  -117.687  36.2587   -7.0   51.0   20.0  1.730
  -117.714  36.2587   -4.0   51.0   20.0  1.730
  -117.741  36.2587   -1.0   51.0   20.0  1.730
  -117.768  36.2587    2.0   51.0   20.0  1.730
  -117.795  36.2587    5.0   51.0   20.0  1.730
  -117.822  36.2587    8.0   51.0   20.0  1.730
  -117.849  36.2587   11.0   51.0   20.0  1.730
  -117.876  36.2587   14.0   51.0   20.0  1.730
  -117.903  36.2587   17.0   51.0   20.0  1.730
  -117.930  36.2587   20.0   51.0   20.0  1.730
  -117.957  36.2587   23.0   51.0   20.0  1.730
  -117.984  36.2587   26.0   51.0   20.0  1.730
  -118.011  36.2587   29.0   51.0   20.0  1.730
  -118.038  36.2587   32.0   51.0   20.0  1.730
  -118.065  36.2587   35.0   51.0   20.0  1.730
  -118.092  36.2587   38.0   51.0   20.0  1.730
  -118.119  36.2587   41.0   51.0   20.0  1.730
  -118.146  36.2587   44.0   51.0   20.0  1.730
  -118.173  36.2587   47.0   51.0   20.0  1.730
  -118.200  36.2587   50.0   51.0   20.0  1.730
  -118.227  36.2587   53.0   51.0   20.0  1.730
  -118.254  36.2587   56.0   51.0   20.0  1.730
  -118.281  36.2587   59.0   51.0   20.0  1.730
  -118.308  36.2587   62.0   51.0   20.0  1.730
  -118.335  36.2587   65.0   51.0   20.0  1.730
  -118.362  36.2587   68.0   51.0   20.0  1.730
  -118.388  36.2587   71.0   51.0   20.0  1.720
  -117.201  36.2856  -61.0   54.0   20.0  1.730
  -117.228  36.2856  -58.0   54.0   20.0  1.730
  -117.255  36.2856  -55.0   54.0   20.0  1.730
  -117.282  36.2856  -52.0   54.0   20.0  1.730
  -117.309  36.2856  -49.0   54.0   20.0  1.730
  -117.336  36.2856  -46.0   54.0   20.0  1.730
  -117.363  36.2856  -43.0   54.0   20.0  1.730
  -117.390  36.2856  -40.0   54.0   20.0  1.730
  -117.417  36.2856  -37.0   54.0   20.0  1.730
  -117.444  36.2856  -34.0   54.0   20.0  1.730
  -117.471  36.2856  -31.0   54.0   20.0  1.730
  -117.498  36.2856  -28.0   54.0   20.0  1.730
  -117.525  36.2856  -25.0   54.0   20.0  1.730
  -117.552  36.2856  -22.0   54.0   20.0  1.730
  -117.579  36.2856  -19.0   54.0   20.0  1.730
  -117.606  36.2856  -16.0   54.0   20.0  1.730
  -117.633  36.2856  -13.0   54.0   20.0  1.730
  -117.660  36.2856  -10.0   54.0   20.0  1.730
  -117.687  36.2856   -7.0   54.0   20.0  1.730
  -117.714  36.2856   -4.0   54.0   20.0  1.730
  -117.741  36.2856   -1.0   54.0   20.0  1.730
  -117.768  36.2856    2.0   54.0   20.0  1.730
  -117.795  36.2856    5.0   54.0   20.0  1.730
  -117.822  36.2856    8.0   54.0   20.0  1.730
  -117.849  36.2856   11.0   54.0   20.0  1.730
  -117.876  36.2856   14.0   54.0   20.0  1.730
  -117.903  36.2856   17.0   54.0   20.0  1.730
  -117.930  36.2856   20.0   54.0   20.0  1.730
  -117.957  36.2856   23.0   54.0   20.0  1.730
  -117.984  36.2856   26.0   54.0   20.0  1.730
  -118.011  36.2856   29.0   54.0   20.0  1.730
  -118.038  36.2856   32.0   54.0   20.0  1.730
  -118.065  36.2856   35.0   54.0   20.0  1.730
  -118.092  36.2856   38.0   54.0   20.0  1.730
  -118.119  36.2856   41.0   54.0   20.0  1.730
  -118.146  36.2856   44.0   54.0   20.0  1.730
  -118.173  36.2856   47.0   54.0   20.0  1.730
  -118.200  36.2856   50.0   54.0   20.0  1.730
  -118.227  36.2856   53.0   54.0   20.0  1.730
  -118.254  36.2856   56.0   54.0   20.0  1.730
  -118.281  36.2856   59.0   54.0   20.0  1.730
  -118.308  36.2856   62.0   54.0   20.0  1.730
  -118.335  36.2856   65.0   54.0   20.0  1.730
  -118.362  36.2856   68.0   54.0   20.0  1.720
  -118.388  36.2856   71.0   54.0   20.0  1.710
  -117.201  36.3126  -61.0   57.0   20.0  1.730
  -117.228  36.3126  -58.0   57.0   20.0  1.730
  -117.255  36.3126  -55.0   57.0   20.0  1.730
  -117.282  36.3126  -52.0   57.0   20.0  1.730
  -117.309  36.3126  -49.0   57.0   20.0  1.730
  -117.336  36.3126  -46.0   57.0   20.0  1.730
  -117.363  36.3126  -43.0   57.0   20.0  1.730
  -117.390  36.3126  -40.0   57.0   20.0  1.730
  -117.417  36.3126  -37.0   57.0   20.0  1.730
  -117.444  36.3126  -34.0   57.0   20.0  1.730
  -117.471  36.3126  -31.0   57.0   20.0  1.730
  -117.498  36.3126  -28.0   57.0   20.0  1.730
  -117.525  36.3126  -25.0   57.0   20.0  1.730
  -117.552  36.3126  -22.0   57.0   20.0  1.730
  -117.579  36.3126  -19.0   57.0   20.0  1.730
  -117.606  36.3126  -16.0   57.0   20.0  1.730
  -117.633  36.3126  -13.0   57.0   20.0  1.730
  -117.660  36.3126  -10.0   57.0   20.0  1.730
  -117.687  36.3126   -7.0   57.0   20.0  1.730
  -117.714  36.3126   -4.0   57.0   20.0  1.730
  -117.741  36.3126   -1.0   57.0   20.0  1.730
  -117.768  36.3126    2.0   57.0   20.0  1.730
  -117.795  36.3126    5.0   57.0   20.0  1.730
  -117.822  36.3126    8.0   57.0   20.0  1.730
  -117.849  36.3126   11.0   57.0   20.0  1.730
  -117.876  36.3126   14.0   57.0   20.0  1.730
  -117.903  36.3126   17.0   57.0   20.0  1.730
  -117.930  36.3126   20.0   57.0   20.0  1.730
  -117.957  36.3126   23.0   57.0   20.0  1.730
  -117.984  36.3126   26.0   57.0   20.0  1.730
  -118.011  36.3126   29.0   57.0   20.0  1.730
  -118.038  36.3126   32.0   57.0   20.0  1.730
  -118.065  36.3126   35.0   57.0   20.0  1.730
  -118.092  36.3126   38.0   57.0   20.0  1.730
  -118.119  36.3126   41.0   57.0   20.0  1.730
  -118.146  36.3126   44.0   57.0   20.0  1.730
  -118.173  36.3126   47.0   57.0   20.0  1.730
  -118.200  36.3126   50.0   57.0   20.0  1.730
  -118.227  36.3126   53.0   57.0   20.0  1.730
  -118.254  36.3126   56.0   57.0   20.0  1.730
  -118.281  36.3126   59.0   57.0   20.0  1.730
  -118.308  36.3126   62.0   57.0   20.0  1.730
  -118.335  36.3126   65.0   57.0   20.0  1.730
  -118.362  36.3126   68.0   57.0   20.0  1.730
  -118.388  36.3126   71.0   57.0   20.0  1.720
  -117.201  36.3396  -61.0   60.0   20.0  1.730
  -117.228  36.3396  -58.0   60.0   20.0  1.730
  -117.255  36.3396  -55.0   60.0   20.0  1.730
  -117.282  36.3396  -52.0   60.0   20.0  1.730
  -117.309  36.3396  -49.0   60.0   20.0  1.730
  -117.336  36.3396  -46.0   60.0   20.0  1.730
  -117.363  36.3396  -43.0   60.0   20.0  1.730
  -117.390  36.3396  -40.0   60.0   20.0  1.730
  -117.417  36.3396  -37.0   60.0   20.0  1.730
  -117.444  36.3396  -34.0   60.0   20.0  1.730
  -117.471  36.3396  -31.0   60.0   20.0  1.730
  -117.498  36.3396  -28.0   60.0   20.0  1.730
  -117.525  36.3396  -25.0   60.0   20.0  1.730
  -117.552  36.3396  -22.0   60.0   20.0  1.730
  -117.579  36.3396  -19.0   60.0   20.0  1.730
  -117.606  36.3396  -16.0   60.0   20.0  1.730
  -117.633  36.3396  -13.0   60.0   20.0  1.730
  -117.660  36.3396  -10.0   60.0   20.0  1.730
  -117.687  36.3396   -7.0   60.0   20.0  1.730
  -117.714  36.3396   -4.0   60.0   20.0  1.730
  -117.741  36.3396   -1.0   60.0   20.0  1.730
  -117.768  36.3396    2.0   60.0   20.0  1.730
  -117.795  36.3396    5.0   60.0   20.0  1.730
  -117.822  36.3396    8.0   60.0   20.0  1.730
  -117.849  36.3396   11.0   60.0   20.0  1.730
  -117.876  36.3396   14.0   60.0   20.0  1.730
  -117.903  36.3396   17.0   60.0   20.0  1.730
  -117.930  36.3396   20.0   60.0   20.0  1.730
  -117.957  36.3396   23.0   60.0   20.0  1.730
  -117.984  36.3396   26.0   60.0   20.0  1.730
  -118.011  36.3396   29.0   60.0   20.0  1.730
  -118.038  36.3396   32.0   60.0   20.0  1.730
  -118.065  36.3396   35.0   60.0   20.0  1.730
  -118.092  36.3396   38.0   60.0   20.0  1.730
  -118.119  36.3396   41.0   60.0   20.0  1.730
  -118.146  36.3396   44.0   60.0   20.0  1.730
  -118.173  36.3396   47.0   60.0   20.0  1.730
  -118.200  36.3396   50.0   60.0   20.0  1.730
  -118.227  36.3396   53.0   60.0   20.0  1.730
  -118.254  36.3396   56.0   60.0   20.0  1.730
  -118.281  36.3396   59.0   60.0   20.0  1.730
  -118.308  36.3396   62.0   60.0   20.0  1.730
  -118.335  36.3396   65.0   60.0   20.0  1.740
  -118.362  36.3396   68.0   60.0   20.0  1.740
  -118.388  36.3396   71.0   60.0   20.0  1.740
  -117.201  36.3666  -61.0   63.0   20.0  1.730
  -117.228  36.3666  -58.0   63.0   20.0  1.730
  -117.255  36.3666  -55.0   63.0   20.0  1.730
  -117.282  36.3666  -52.0   63.0   20.0  1.730
  -117.309  36.3666  -49.0   63.0   20.0  1.730
  -117.336  36.3666  -46.0   63.0   20.0  1.730
  -117.363  36.3666  -43.0   63.0   20.0  1.730
  -117.390  36.3666  -40.0   63.0   20.0  1.730
  -117.417  36.3666  -37.0   63.0   20.0  1.730
  -117.444  36.3666  -34.0   63.0   20.0  1.730
  -117.471  36.3666  -31.0   63.0   20.0  1.730
  -117.498  36.3666  -28.0   63.0   20.0  1.730
  -117.525  36.3666  -25.0   63.0   20.0  1.730
  -117.552  36.3666  -22.0   63.0   20.0  1.730
  -117.579  36.3666  -19.0   63.0   20.0  1.730
  -117.606  36.3666  -16.0   63.0   20.0  1.730
  -117.633  36.3666  -13.0   63.0   20.0  1.730
  -117.660  36.3666  -10.0   63.0   20.0  1.730
  -117.687  36.3666   -7.0   63.0   20.0  1.730
  -117.714  36.3666   -4.0   63.0   20.0  1.730
  -117.741  36.3666   -1.0   63.0   20.0  1.730
  -117.768  36.3666    2.0   63.0   20.0  1.730
  -117.795  36.3666    5.0   63.0   20.0  1.730
  -117.822  36.3666    8.0   63.0   20.0  1.730
  -117.849  36.3666   11.0   63.0   20.0  1.730
  -117.876  36.3666   14.0   63.0   20.0  1.730
  -117.903  36.3666   17.0   63.0   20.0  1.730
  -117.930  36.3666   20.0   63.0   20.0  1.730
  -117.957  36.3666   23.0   63.0   20.0  1.730
  -117.984  36.3666   26.0   63.0   20.0  1.730
  -118.011  36.3666   29.0   63.0   20.0  1.730
  -118.038  36.3666   32.0   63.0   20.0  1.730
  -118.065  36.3666   35.0   63.0   20.0  1.730
  -118.092  36.3666   38.0   63.0   20.0  1.730
  -118.119  36.3666   41.0   63.0   20.0  1.730
  -118.146  36.3666   44.0   63.0   20.0  1.730
  -118.173  36.3666   47.0   63.0   20.0  1.730
  -118.200  36.3666   50.0   63.0   20.0  1.730
  -118.227  36.3666   53.0   63.0   20.0  1.730
  -118.254  36.3666   56.0   63.0   20.0  1.730
  -118.281  36.3666   59.0   63.0   20.0  1.730
  -118.308  36.3666   62.0   63.0   20.0  1.730
  -118.335  36.3666   65.0   63.0   20.0  1.730
  -118.362  36.3666   68.0   63.0   20.0  1.730
  -118.388  36.3666   71.0   63.0   20.0  1.730
  -117.201  36.3936  -61.0   66.0   20.0  1.730
  -117.228  36.3936  -58.0   66.0   20.0  1.730
  -117.255  36.3936  -55.0   66.0   20.0  1.730
  -117.282  36.3936  -52.0   66.0   20.0  1.730
  -117.309  36.3936  -49.0   66.0   20.0  1.730
  -117.336  36.3936  -46.0   66.0   20.0  1.730
  -117.363  36.3936  -43.0   66.0   20.0  1.730
  -117.390  36.3936  -40.0   66.0   20.0  1.730
  -117.417  36.3936  -37.0   66.0   20.0  1.730
  -117.444  36.3936  -34.0   66.0   20.0  1.730
  -117.471  36.3936  -31.0   66.0   20.0  1.730
  -117.498  36.3936  -28.0   66.0   20.0  1.730
  -117.525  36.3936  -25.0   66.0   20.0  1.730
  -117.552  36.3936  -22.0   66.0   20.0  1.730
  -117.579  36.3936  -19.0   66.0   20.0  1.730
  -117.606  36.3936  -16.0   66.0   20.0  1.730
  -117.633  36.3936  -13.0   66.0   20.0  1.730
  -117.660  36.3936  -10.0   66.0   20.0  1.730
  -117.687  36.3936   -7.0   66.0   20.0  1.730
  -117.714  36.3936   -4.0   66.0   20.0  1.730
  -117.741  36.3936   -1.0   66.0   20.0  1.730
  -117.768  36.3936    2.0   66.0   20.0  1.730
  -117.795  36.3936    5.0   66.0   20.0  1.730
  -117.822  36.3936    8.0   66.0   20.0  1.730
  -117.849  36.3936   11.0   66.0   20.0  1.730
  -117.876  36.3936   14.0   66.0   20.0  1.730
  -117.903  36.3936   17.0   66.0   20.0  1.730
  -117.930  36.3936   20.0   66.0   20.0  1.730
  -117.957  36.3936   23.0   66.0   20.0  1.730
  -117.984  36.3936   26.0   66.0   20.0  1.730
  -118.011  36.3936   29.0   66.0   20.0  1.730
  -118.038  36.3936   32.0   66.0   20.0  1.730
  -118.065  36.3936   35.0   66.0   20.0  1.730
  -118.092  36.3936   38.0   66.0   20.0  1.730
  -118.119  36.3936   41.0   66.0   20.0  1.730
  -118.146  36.3936   44.0   66.0   20.0  1.730
  -118.173  36.3936   47.0   66.0   20.0  1.730
  -118.200  36.3936   50.0   66.0   20.0  1.730
  -118.227  36.3936   53.0   66.0   20.0  1.730
  -118.254  36.3936   56.0   66.0   20.0  1.730
  -118.281  36.3936   59.0   66.0   20.0  1.730
  -118.308  36.3936   62.0   66.0   20.0  1.730
  -118.335  36.3936   65.0   66.0   20.0  1.730
  -118.362  36.3936   68.0   66.0   20.0  1.730
  -118.388  36.3936   71.0   66.0   20.0  1.730
